{"type": "FeatureCollection", "columns": {}, "version": 1701682593235039, "id": "FAO/GAUL/2015/level1", "properties": {"system:asset_size": 187606160}, "features": [{"type": "Feature", "geometry": {"type": "Polygon", "coordinates": [[[104.51113071086361, 15.559556043229119], [104.54785141806963, 15.541260276843607], [104.55850867437364, 15.555475941067428], [104.56906781773696, 15.554147139352821], [104.5826636690561, 15.564630458138376], [104.59238444236018, 15.572380413304204], [104.58096917781462, 15.600682280270876], [104.61801090027393, 15.618322507668314], [104.61979456722774, 15.63803172376101], [104.63967771090098, 15.648363432712276], [104.62678642333917, 15.660416434920831], [104.60361692790632, 15.673575244819062], [104.63526767761418, 15.684571374813363], [104.66580803177833, 15.672139400166248], [104.68846920283337, 15.666931183858573], [104.70410721745006, 15.65587704594813], [104.7282176444721, 15.64961648964606], [104.73391629639634, 15.646967797963542], [104.74340083819737, 15.654409979221718], [104.75156549678981, 15.640493108137065], [104.78414366484749, 15.617475232881498], [104.79023925238263, 15.619557700842384], [104.79140306996206, 15.601462661307247], [104.80459752694973, 15.591322632933023], [104.81150025795387, 15.602292032022309], [104.8283065728935, 15.585414299542355], [104.83941865008293, 15.589802126054002], [104.84092137510798, 15.579675461834743], [104.84498812101852, 15.582310806669117], [104.85024986722112, 15.572438375418605], [104.86458584196174, 15.583166902865543], [104.87717388401387, 15.55898081090887], [104.86674399819685, 15.556149242582475], [104.87483287021504, 15.535842492775535], [104.88009008842633, 15.535708688938682], [104.89175517614824, 15.550619974633447], [104.89579062175596, 15.564095344394174], [104.89156335404442, 15.574703531043705], [104.9208998610462, 15.597551959822411], [104.92678133959848, 15.598457243603027], [104.9356995900356, 15.639440770010545], [104.9011861069287, 15.651159335327915], [104.90576113307819, 15.715450595164546], [104.91204846719461, 15.752898181978155], [104.96198152799478, 15.788807303414183], [104.97353949160825, 15.8728702509914], [104.98824112122227, 15.912373439785467], [104.97340569100827, 15.917666422916321], [104.98967696404866, 15.941451258842239], [105.01284647486783, 15.959082567520849], [105.00934607169218, 15.993221405605114], [105.00865935639712, 16.026098355823784], [105.03907939613364, 16.074345830319103], [105.04323528595737, 16.088280539136708], [105.06362228461781, 16.09685984969164], [105.04119299909044, 16.10958168316918], [105.01694881672314, 16.18271979757536], [105.01095133135371, 16.20730286607931], [105.01617745187954, 16.240014826045456], [104.98810739753313, 16.27292299009925], [104.9644250821906, 16.278840218310417], [104.95376789724358, 16.25973293450275], [104.90337559146593, 16.23684436088339], [104.88566402452935, 16.220332353614328], [104.87744141283765, 16.204105699637143], [104.84159026693342, 16.19573147033185], [104.80967643700251, 16.184788823802975], [104.79099287024215, 16.198875116827672], [104.76700736888102, 16.18912758118537], [104.79551883875395, 16.155416758781247], [104.8262197450666, 16.154163752471415], [104.81529044688206, 16.092039543778352], [104.77500696266925, 16.09636043189751], [104.72364700170802, 16.09668593738991], [104.64758369471896, 16.115592482911453], [104.56308815084314, 16.09364486852279], [104.51935775762085, 16.019124335557706], [104.53528564712089, 15.999125266740979], [104.51814934900817, 15.980624490755874], [104.50605184691159, 15.971590305976019], [104.50696589992835, 15.952014882481864], [104.46929094185087, 15.906197630380499], [104.4666066227701, 15.897876933152707], [104.45671632276527, 15.897194702408026], [104.45865603830886, 15.883099426927616], [104.45288147684714, 15.860817372434482], [104.46347189848397, 15.842410142578014], [104.44193887470391, 15.804570208397331], [104.43232949688897, 15.766275475863694], [104.43178551478064, 15.749602924204483], [104.4226130914734, 15.743074778534561], [104.43152684861536, 15.72968857732347], [104.42545356476485, 15.695344547967746], [104.44173375749764, 15.697168303999902], [104.43975837521073, 15.685088622308813], [104.44663426207775, 15.670150599930823], [104.44170248803081, 15.661718503090095], [104.44629090877166, 15.647841733816026], [104.44206368630898, 15.643846416955405], [104.44873011147453, 15.630375483227704], [104.44175161307685, 15.618893298182323], [104.46094351908476, 15.621430474489143], [104.46830550714965, 15.622835148152838], [104.46418089727749, 15.604035571626412], [104.46601800176023, 15.594577754152583], [104.46312850617541, 15.589088627798317], [104.48268163094615, 15.583189234958859], [104.48769367533453, 15.589476540537598], [104.49548372081053, 15.582654155503379], [104.50512873458302, 15.586132264702066], [104.51113071086361, 15.559556043229119]]]}, "id": "00000000000000000176", "properties": {"ADM1_NAME": "Amnat Charoen"}}, {"type": "Feature", "geometry": {"type": "Polygon", "coordinates": [[[101.99162269158077, 17.425676451175264], [102.00052750292028, 17.405075413050053], [101.99592574239844, 17.396727939214102], [102.02072283238134, 17.36484982913554], [102.0196214296379, 17.350402297584953], [102.01872069425895, 17.336048501732925], [101.99602382807475, 17.32722392061216], [102.00612817685438, 17.296915378414884], [102.05462531921589, 17.249947706777768], [102.06742292583276, 17.246866448135656], [102.0650239296268, 17.22545832338577], [102.06942064798412, 17.207448033755536], [102.0052273799653, 17.21279889507629], [102.005820476335, 17.197709303366878], [102.08302091922964, 17.19165830520785], [102.08331968542139, 17.18315928158037], [102.06722226653409, 17.1827981033799], [102.04022242215008, 17.158281967587595], [102.02622086559315, 17.168631515381552], [102.02001821562932, 17.159552779644276], [102.02302369471097, 17.131661128763916], [102.09271942673138, 17.105704660581548], [102.10442457567238, 17.073666028426025], [102.10792498603946, 17.0582776730087], [102.12503006907924, 17.044530303128866], [102.15363524690432, 17.026631488145444], [102.12873112787443, 17.004768527326394], [102.0994259408135, 17.001370645292436], [102.09352652674114, 16.97490144226436], [102.07111958628016, 16.96013291586424], [102.04842269550076, 16.957702640696457], [102.03682013824763, 16.942974309765628], [102.05752376959764, 16.899096671320965], [102.0826285228615, 16.88651759950836], [102.10273008713567, 16.88140750451748], [102.10413473281736, 16.893415855780482], [102.14653190442151, 16.875356461968426], [102.1600340490645, 16.87834404319455], [102.17772770060274, 16.863245498817395], [102.1815357733534, 16.86644715943706], [102.19712928754342, 16.856378518272596], [102.22593062540945, 16.865479526132567], [102.2430268507591, 16.876979558849577], [102.25312666009167, 16.88163490850527], [102.26203150579174, 16.891654438977895], [102.29712466796529, 16.88916626251374], [102.3005313596008, 16.88159922278851], [102.30882979708069, 16.87962830577695], [102.31373030214293, 16.868649948717913], [102.32663050402117, 16.860788578143655], [102.32412896081894, 16.85170535664567], [102.33193241230592, 16.853239310236702], [102.3350314538237, 16.846465956783625], [102.32983215204179, 16.845458152489783], [102.34293301284208, 16.826890531475033], [102.35212765973039, 16.816621168876686], [102.35762566970429, 16.824620845109443], [102.37432952506099, 16.811140951278123], [102.3816290197817, 16.80833167390682], [102.38632893297203, 16.812398445024176], [102.39813220559475, 16.80697172655476], [102.41172797417104, 16.81498916504067], [102.42272859584119, 16.791159697101246], [102.43853163530676, 16.785509989197532], [102.44863149334033, 16.786089678343963], [102.45713058948282, 16.785759721930273], [102.45812937235354, 16.80137102649354], [102.47482875062995, 16.797580837861457], [102.48653388653668, 16.802682013613474], [102.49542975368497, 16.796510593724925], [102.54583094915773, 16.784850043718535], [102.61772956490466, 16.760521226428956], [102.62003486711657, 16.772212981254285], [102.61872834544972, 16.81047207178656], [102.67003037353383, 16.924732105250207], [102.68443319039389, 16.970094564411735], [102.6689824267568, 16.99114590344196], [102.55156535531742, 17.056431649630625], [102.51278904615256, 17.12255119780903], [102.4891513783656, 17.17243963482675], [102.47612628727549, 17.19968024191082], [102.56106776744117, 17.221538790540848], [102.59612071695405, 17.24956866355407], [102.59313313147503, 17.26748531893746], [102.46991030153566, 17.2761404233007], [102.44230847022449, 17.284791144457017], [102.434126026264, 17.352979711042742], [102.41094321202131, 17.374271915975783], [102.38556646441626, 17.377411119929263], [102.3956128079708, 17.425520338398815], [102.35492793183697, 17.520454621975027], [102.33512958090864, 17.56257079320617], [102.3210521507896, 17.67180983900469], [102.2719262479706, 17.66542447990253], [102.24793179119104, 17.65072728578376], [102.18243209708311, 17.6629541209163], [102.15370207000649, 17.660135976027476], [102.12423634103826, 17.631080486149123], [102.10219505521685, 17.641242745189395], [102.09152888449587, 17.634313255864427], [102.10592725407241, 17.610367900400835], [102.12612259924306, 17.563007842326996], [102.13782322070715, 17.550950383192056], [102.13652115153654, 17.505993750041263], [102.1290209488516, 17.49776224732129], [102.12802214684632, 17.4835065045229], [102.05572672994356, 17.449198145923663], [102.04752198150649, 17.45443318414397], [101.99702263455455, 17.457657133024156], [101.99162269158077, 17.425676451175264]]]}, "id": "00000000000000000177", "properties": {"ADM1_NAME": "Nong Bua Lamphu"}}, {"type": "Feature", "geometry": {"type": "Polygon", "coordinates": [[[101.14292202463815, 13.964740698456781], [101.15822565206626, 13.937000611675064], [101.15732492017297, 13.930592847507762], [101.16402250261227, 13.926008885183508], [101.15431942998494, 13.893814176226547], [101.15672288163898, 13.887754313251541], [101.16282741957069, 13.891914636302555], [101.15472524267271, 13.87893414899533], [101.14512477162287, 13.883223855215551], [101.15282561832838, 13.867362863537139], [101.16181967631464, 13.856375587080866], [101.15692358953953, 13.849223243288195], [101.21722399388594, 13.874974498492756], [101.239920791287, 13.88108352247741], [101.25722655557922, 13.866876782466319], [101.28922065411749, 13.872263351561212], [101.34122271674946, 13.862725338690579], [101.34802277905987, 13.860527050144489], [101.3663273741775, 13.865935930765206], [101.46162283138965, 13.825197526537194], [101.5416280160315, 13.78441906174605], [101.57092434520538, 13.78713916127075], [101.5792227364291, 13.77925101265556], [101.60902294464951, 13.795138753609807], [101.68542515663333, 13.757102602344693], [101.70612425056284, 13.773699439383151], [101.70892459404062, 13.795107583833932], [101.74202003848838, 13.801528687435935], [101.75812629699747, 13.810919500584443], [101.79552478350894, 13.768642769353843], [101.80282440133954, 13.744010738807829], [101.80242303223551, 13.718852457625792], [101.8144225076209, 13.706924328637573], [101.88352962652112, 13.703205497483953], [101.89233188892135, 13.659024725695554], [101.92693448873207, 13.640497125876829], [101.95442933625611, 13.654904511991226], [101.9482267347946, 13.72587108977879], [101.96452916322266, 13.753450639596158], [101.96183141143611, 13.796971433827487], [101.92973487026869, 13.8163462796854], [101.91583136143284, 13.822807497519449], [101.9156351628956, 13.925210746256798], [101.92812956920778, 13.937531269215224], [101.95773349101681, 13.934441109966818], [101.94602838658905, 13.964160980025076], [101.94352682785058, 14.010624864198972], [102.00243155999426, 14.033375164982287], [102.03752913463889, 14.038043859393984], [102.04563133443817, 14.069872867177022], [102.09342843983731, 14.092221903621027], [102.09973355858612, 14.117491681888682], [102.10983346029475, 14.147907173215238], [102.06223257665748, 14.173546959226238], [102.02303258214495, 14.198286134555362], [101.96803401679594, 14.227586829867334], [101.95213290207298, 14.248954820403076], [101.99343312442554, 14.287209507382853], [101.99272851190831, 14.306120521045152], [101.96653133794706, 14.319408637117457], [101.94593025953577, 14.311600731442127], [101.92423228769123, 14.329669066695768], [101.89932818401972, 14.335916235696837], [101.8832263682887, 14.381697828531156], [101.87152126244212, 14.385456848148863], [101.87171746662278, 14.36971627509456], [101.83072495292255, 14.354818383786844], [101.81412370849054, 14.34324704472314], [101.79082494390909, 14.35420749696897], [101.76712037283245, 14.339456771211664], [101.75202183539562, 14.341289496561066], [101.74692504741236, 14.302049343874318], [101.7136244928025, 14.327617879214685], [101.65072441545746, 14.39818308978855], [101.63042658088862, 14.410253911437394], [101.61522107740414, 14.429561824753906], [101.55412243328607, 14.431354353703096], [101.53322712559849, 14.420924522864432], [101.49932010300017, 14.443233398615536], [101.48322274734302, 14.458800123056381], [101.44172632543808, 14.440821050207667], [101.44041985563311, 14.408581746909233], [101.43352603333007, 14.388645149231285], [101.48242014823809, 14.35520629741328], [101.50052849577114, 14.326378262346664], [101.50642345262716, 14.277341469690974], [101.49702369344499, 14.258510666995535], [101.461823547767, 14.252994837934304], [101.41642092047495, 14.248852273951622], [101.39401839503331, 14.269600506563693], [101.38291971547036, 14.251202249388019], [101.3857200555488, 14.207766175235003], [101.34042453722397, 14.181617994981492], [101.3234264112465, 14.169837067286391], [101.29212349032136, 14.140701252346854], [101.29611883542785, 14.120719999007427], [101.3116231893941, 14.10097958811472], [101.32532594058117, 14.065801719747762], [101.30562566418973, 14.050894999189856], [101.28481949595408, 14.05067649151638], [101.26502110865738, 14.057253675587202], [101.23292448716512, 14.051336411513772], [101.20551881274328, 14.039073849435562], [101.19832631547042, 14.010526750546337], [101.17802405673618, 14.003017622179465], [101.14542350863805, 13.995075908700949], [101.14292202463815, 13.964740698456781]]]}, "id": "00000000000000000178", "properties": {"ADM1_NAME": "Phachinburi"}}, {"type": "Feature", "geometry": {"type": "Polygon", "coordinates": [[[101.9214319634624, 13.638486053854956], [101.91793159625219, 13.586608937024602], [101.9448333671552, 13.58048209899902], [101.94463267485453, 13.559065068872247], [101.92742947746353, 13.551043126049242], [101.93993283875547, 13.523624120185039], [101.94563152546716, 13.49380607613872], [101.94512765849821, 13.462917910237612], [101.94622908150797, 13.43826794952496], [101.98052844584761, 13.399059100950419], [101.98843447357447, 13.356563922455816], [102.01312894953624, 13.289409812357595], [102.0378323941019, 13.278030207531666], [102.03063090878916, 13.234090253126322], [102.06593359289809, 13.244288164884754], [102.08902726247156, 13.257509414720273], [102.11343197474766, 13.264510208006557], [102.12232787649064, 13.291238018714262], [102.13472865120313, 13.331365473308828], [102.16383322005743, 13.318434078407348], [102.1855311542787, 13.309226105042624], [102.20393383822325, 13.260068919029976], [102.2572335177989, 13.255110455674343], [102.28842934135953, 13.258740151830947], [102.2973342201714, 13.284638609528516], [102.29203229489505, 13.292758606341325], [102.30062945639156, 13.289708583614988], [102.31393543003236, 13.285681989847655], [102.3356334119796, 13.312855766494069], [102.35157918443309, 13.297770673433256], [102.35692562199769, 13.30429872351064], [102.35400941530808, 13.35016957008318], [102.36571009486846, 13.433951546606716], [102.36525970666472, 13.484589107461204], [102.36327095798393, 13.507442038401466], [102.33999890689962, 13.54311035351133], [102.34897955636984, 13.556750804945896], [102.36521067363138, 13.569080202013035], [102.37119924234742, 13.574948384769309], [102.40927997147737, 13.56293110944514], [102.42833814163691, 13.564161820361392], [102.45313965695222, 13.557919019737424], [102.51937067036795, 13.566261997969068], [102.54403845335024, 13.565998950077804], [102.57616177135417, 13.584218869049238], [102.59412749587736, 13.600998394210087], [102.62558198866984, 13.60549764460617], [102.57303153757893, 13.636987819804512], [102.558731160781, 13.659470643699011], [102.59015893478582, 13.695459976987602], [102.67594753223797, 13.737286360774831], [102.73089260609012, 13.767215855641618], [102.73742962738558, 13.799308045367857], [102.77688823144456, 13.875830644010726], [102.79237021696083, 13.928635353309852], [102.87405201949848, 14.00026188262471], [102.9137291084443, 14.01969021077363], [102.90249217368682, 14.05443991577842], [102.91154864025758, 14.091740315558393], [102.92715992580221, 14.105220174923744], [102.93632786639458, 14.135849743687016], [102.94484921449892, 14.148321850198384], [102.94208450183076, 14.176918122142222], [102.90013778870937, 14.161409347536022], [102.87873856488442, 14.167669884081866], [102.86914259846218, 14.142529531530865], [102.83433482436654, 14.159300166275903], [102.83053564946647, 14.153989345047997], [102.8110360309798, 14.165868429134443], [102.80343771404813, 14.155518873502837], [102.79513488875364, 14.16479826988595], [102.78614086228387, 14.156330399242957], [102.76303827150001, 14.133749560336403], [102.72123864391187, 14.131368376625364], [102.69513509612565, 14.126909236437191], [102.686827726471, 14.145089033116209], [102.65273344727464, 14.15771716600824], [102.63942751686642, 14.14491955912863], [102.6084278821822, 14.165641045866568], [102.55123092870525, 14.130498810130264], [102.51793042088795, 14.134931220565038], [102.50573025023229, 14.127769828450628], [102.48373359118264, 14.134119661365366], [102.46723043990522, 14.129700659405133], [102.43112955086387, 14.148928334429568], [102.40792881422864, 14.148139081426029], [102.39253159046179, 14.14074137792117], [102.3639308403669, 14.162136123915857], [102.35562805447987, 14.126271608827091], [102.33212857375159, 14.120679918186973], [102.30493252252025, 14.12083148719915], [102.28883513728294, 14.129522327991722], [102.2759304860007, 14.126458933297197], [102.27082930178334, 14.142618675290203], [102.22103006454009, 14.141749131943566], [102.21533131912415, 14.15675844663841], [102.20863376865141, 14.172918275377318], [102.18903154031818, 14.193367702454497], [102.1709276496084, 14.172128984359025], [102.1709276496084, 14.143407969085587], [102.1481326874834, 14.134659165831524], [102.11253569234219, 14.147470190566702], [102.09983173836427, 14.122039903565637], [102.09023129112389, 14.08812396012962], [102.04292911033446, 14.064481866929484], [102.03752913463889, 14.038043859393984], [101.97083434177661, 14.023854986587335], [101.94123036641783, 14.006308386897842], [101.95223103481318, 13.941339311473987], [101.95773349101681, 13.934441109966818], [101.91932730733718, 13.934721972048724], [101.91323171659587, 13.892182196044384], [101.91773095449254, 13.8180585079781], [101.95203476942271, 13.806308807398688], [101.96482795000517, 13.788240500155908], [101.95883042849282, 13.743212535985613], [101.94763369526908, 13.7106655837601], [101.95442933625611, 13.654904511991226], [101.9214319634624, 13.638486053854956]]]}, "id": "00000000000000000179", "properties": {"ADM1_NAME": "Sa Kaeo"}}, {"type": "Feature", "geometry": {"type": "MultiPolygon", "coordinates": [[[[104.65932449561014, 15.240239816681363], [104.6672527595698, 15.231834359961255], [104.66424730693323, 15.238741494967154], [104.65932449561014, 15.240239816681363]]], [[[104.91285114245264, 14.400885348943353], [104.93783545280543, 14.385100117601484], [104.95763386923063, 14.380061371165192], [104.97886816215389, 14.386000832826618], [105.00083812320513, 14.366131101669046], [104.99788173288543, 14.305759323716737], [105.02596070996536, 14.250689462675032], [105.02928723090399, 14.233811734094196], [105.05189930538032, 14.214218475826934], [105.09793950946084, 14.207654638967488], [105.138668929987, 14.227939103236476], [105.15841829898531, 14.24980209352956], [105.1505390247505, 14.258211933980899], [105.16517826633935, 14.292199235506175], [105.18093679818918, 14.313313061956801], [105.175541283008, 14.329339072902629], [105.21071908354656, 14.342034169250935], [105.22540290897888, 14.331118210932834], [105.23574360269464, 14.336674303012833], [105.24174107258476, 14.349217739521977], [105.25814610319091, 14.347023872982044], [105.27423007835812, 14.353565371471857], [105.28540900221671, 14.35356537774727], [105.29163393683434, 14.362849222389634], [105.3091314103695, 14.366652812151377], [105.32440384203379, 14.389487924724607], [105.35929636881386, 14.37510725581046], [105.37837234249835, 14.391663938541885], [105.42351188497953, 14.413629440913164], [105.44322554609249, 14.4256110879355], [105.46086571156653, 14.461613808366488], [105.49235147059915, 14.508157901198889], [105.50160411522297, 14.51135509059608], [105.51225240588471, 14.529151372511292], [105.52864850387111, 14.541971278961356], [105.53213556368294, 14.552178203892852], [105.53869935465059, 14.5588712772675], [105.53542637256439, 14.576047755340255], [105.54372477134126, 14.581345173142383], [105.53651888032286, 14.59813368459109], [105.54551732325312, 14.615038169912468], [105.53069078974978, 14.631782032865836], [105.53288022522422, 14.643041267727007], [105.52203572066934, 14.665104941625543], [105.53176099815013, 14.679686157174853], [105.52752036014063, 14.72682331860412], [105.5490623202008, 14.732276858482217], [105.5207068441861, 14.75899579892223], [105.52224526177054, 14.775048526840495], [105.52915685956903, 14.782169734583114], [105.52261533539662, 14.79716565111061], [105.55778428324244, 14.808072612961181], [105.57387275808291, 14.812977601120405], [105.55914877250112, 14.847878984352818], [105.54551732325312, 14.863691002071196], [105.57383706393684, 14.876988067343733], [105.58477966869069, 14.87596241918081], [105.57169220783166, 14.909766868928724], [105.55533182497511, 14.939486750700953], [105.5673268044432, 14.946848770512418], [105.59132116607697, 14.941939302797875], [105.62766284524767, 14.977157295830658], [105.59305130294564, 14.993633614679798], [105.57169220783166, 14.991836671533923], [105.56425000170401, 15.02196230318572], [105.5442108095149, 15.033890457708802], [105.5551980083379, 15.06159034303169], [105.55160396034488, 15.069500769765797], [105.52571001490995, 15.069500752923737], [105.51492345537656, 15.085326169177186], [105.48600615289263, 15.098774755446042], [105.48791462398363, 15.117382635412898], [105.47818042343228, 15.127286262525415], [105.49220876011674, 15.141715928190967], [105.48982311591239, 15.149827084386136], [105.47866198840131, 15.152457948439775], [105.47073815161501, 15.164617912916603], [105.48028068588683, 15.168912015563025], [105.47932640003035, 15.182266990319524], [105.53455684319047, 15.24532757634796], [105.5566071133424, 15.248475699534689], [105.56043303360674, 15.258129728874879], [105.58490008797081, 15.257541061378632], [105.59574021487401, 15.273870348934272], [105.57705207073802, 15.306189866865694], [105.58437394757101, 15.316650891333131], [105.57347591830651, 15.327027252978388], [105.50930050885684, 15.318554999023643], [105.46277873527856, 15.343343076880556], [105.47546040206618, 15.369312888001144], [105.5020411228317, 15.392683038785572], [105.56818737054958, 15.403072764506735], [105.59102243331898, 15.426879919483714], [105.59217290164129, 15.454860782774565], [105.60225491516346, 15.480678988092885], [105.59262775873212, 15.506648781324115], [105.6025581404336, 15.542241282647797], [105.62471099412839, 15.570810772647478], [105.63586317414409, 15.653406729427795], [105.61685844996124, 15.686123121684947], [105.59935206706803, 15.722504909542149], [105.55762380840434, 15.74162105988798], [105.5500075931798, 15.750307457719542], [105.53121694939324, 15.749393285899403], [105.49883052390098, 15.766962150891363], [105.47286076577608, 15.74618274514803], [105.44032264101021, 15.75091835653687], [105.41022822811837, 15.786515360595386], [105.38807537591033, 15.81324764104046], [105.38655038827275, 15.834789580415709], [105.33888700093374, 15.918353119634418], [105.35844023011192, 15.950280259046766], [105.38093633422226, 15.989163642021179], [105.41939168087269, 15.986635325469827], [105.42596437233206, 15.993818975164409], [105.41710410145315, 16.01337211449351], [105.20368705277917, 16.05201914882866], [105.12993803420173, 16.079509444293446], [105.11349730013264, 16.082804772835246], [105.05576976974703, 16.092142078611943], [105.04039931347302, 16.08409342933702], [105.01505371426094, 16.03286284783238], [105.00891801108813, 16.01511559399179], [105.00934607169218, 15.993221405605114], [105.01055001494245, 15.954565466940974], [104.97407460598193, 15.922571377494046], [104.97849357964054, 15.912328851857339], [104.98824112122227, 15.912373439785467], [104.96611065178709, 15.842869442626357], [104.96198152799478, 15.788807303414183], [104.90874433566748, 15.744483827845377], [104.90576113307819, 15.715450595164546], [104.9011861069287, 15.651159335327915], [104.9356995900356, 15.639440770010545], [104.92678133959848, 15.598457243603027], [104.89764564434437, 15.58081256149235], [104.88825920352598, 15.570503098482703], [104.89477393246135, 15.559498024145203], [104.88743429032516, 15.544943496401043], [104.88009008842633, 15.535708688938682], [104.87483287021504, 15.535842492775535], [104.87501567436775, 15.546464065983187], [104.86674399819685, 15.556149242582475], [104.8775707675961, 15.563515712019875], [104.86458584196174, 15.583166902865543], [104.85839659497383, 15.576094792687782], [104.85024986722112, 15.572438375418605], [104.84498812101852, 15.582310806669117], [104.84092137510798, 15.579675461834743], [104.83941865008293, 15.589802126054002], [104.8283065728935, 15.585414299542355], [104.81150025795387, 15.602292032022309], [104.80459752694973, 15.591322632933023], [104.79045775132585, 15.605952965136911], [104.79023925238263, 15.619557700842384], [104.7813254866559, 15.62186746990018], [104.74598716293019, 15.643186459489833], [104.74340083819737, 15.654409979221718], [104.7282176444721, 15.64961648964606], [104.70410721745006, 15.65587704594813], [104.67103408038683, 15.672558518427632], [104.64932269608555, 15.675960865564461], [104.6284184541413, 15.684887991200874], [104.60361692790632, 15.673575244819062], [104.62678642333917, 15.660416434920831], [104.63967771090098, 15.648363432712276], [104.61501886933773, 15.630473563574997], [104.61801090027393, 15.618322507668314], [104.58096917781462, 15.600682280270876], [104.59080597463375, 15.565566873828772], [104.57293836417833, 15.560858017025497], [104.5635385491182, 15.554102499542115], [104.55333165996225, 15.547467373402844], [104.54785141806963, 15.541260276843607], [104.51113071086361, 15.559556043229119], [104.4882064943665, 15.545353803039133], [104.48918752893555, 15.540582537108115], [104.43187913925291, 15.537938284307781], [104.3917070876758, 15.531677683715692], [104.39024450004263, 15.469740807388698], [104.38158489454042, 15.449425152311328], [104.3916535391285, 15.402778455837081], [104.38471965569072, 15.393900421447466], [104.39729435979764, 15.385258677113816], [104.412406261052, 15.382859661328522], [104.4229966263418, 15.336507344082948], [104.41661114053326, 15.286378111731524], [104.45987782425041, 15.269344306835574], [104.51261111216625, 15.262272163960413], [104.54359295841508, 15.250009656708345], [104.55985085284749, 15.248386552981861], [104.57711202930018, 15.244261896663373], [104.58460777371903, 15.252060822080331], [104.58068820193618, 15.256979214421612], [104.60948961045676, 15.272456738388877], [104.61261537966598, 15.256769692340274], [104.63669459347409, 15.258281331000013], [104.64833723878863, 15.250905958383704], [104.64958138190416, 15.237292320365341], [104.65932449561014, 15.240239816681363], [104.65472272002934, 15.243557373751344], [104.66480476402822, 15.25612310002587], [104.68807235574855, 15.221881659673544], [104.69748547110775, 15.222554967852256], [104.68478594963754, 15.210809726625405], [104.69114465518774, 15.204348428724924], [104.68259205580286, 15.200491387228434], [104.70548956842103, 15.195220683202491], [104.7009680080438, 15.188228820238518], [104.71909874349632, 15.191555353236755], [104.71620031674742, 15.181045220734433], [104.69879203611522, 15.164872029937348], [104.70352309914078, 15.1561322030184], [104.73391629639634, 15.167810642379967], [104.73529864743443, 15.154972836425182], [104.70181970036217, 15.126590689650826], [104.6855172545523, 15.119630033141906], [104.67239415807137, 15.094583255022254], [104.68041153953101, 15.093245523116732], [104.687644278126, 15.099590828039123], [104.68891062968574, 15.09286207000491], [104.68106710586025, 15.081928302962323], [104.69053816303438, 15.083216990986548], [104.68914251053619, 15.051000011223165], [104.68561539684463, 15.044788459455853], [104.68757736608, 15.038331642095903], [104.67656779556995, 15.035642872875988], [104.67840499724822, 15.015055149723329], [104.68807235574855, 14.999038078610395], [104.6887991383654, 14.9597489848085], [104.71524611190043, 14.925779530696511], [104.78627952404655, 14.902743827858654], [104.81275328450901, 14.872292568400015], [104.82138163880867, 14.83138475953544], [104.80879351974626, 14.825195559375477], [104.80914134313561, 14.79518577881078], [104.83976199904039, 14.73084101329595], [104.8563230854263, 14.709976859043664], [104.87785166021484, 14.70055030825765], [104.90088735284432, 14.65908071153062], [104.90987249625974, 14.64655056988784], [104.89186663443039, 14.64724173521802], [104.86817090780681, 14.65985655126769], [104.85252397863258, 14.651045373706404], [104.84109532233555, 14.627987352497657], [104.8328325517964, 14.609727305721877], [104.82355318429168, 14.540860995919555], [104.86368506743912, 14.492729443469193], [104.86014455317404, 14.469439576531938], [104.83441109544314, 14.437432180344613], [104.84414535301718, 14.424059311155329], [104.88864711645684, 14.42607034144501], [104.91285114245264, 14.400885348943353]]]]}, "id": "0000000000000000017a", "properties": {"ADM1_NAME": "Ubon Ratchathani"}}, {"type": "Feature", "geometry": {"type": "Polygon", "coordinates": [[[102.06275869552336, 18.078635954558457], [102.05796070104778, 18.065454874950138], [102.05411701980579, 18.029853436519392], [102.04196151316525, 18.013858571014673], [102.04345530974368, 17.986769565220815], [102.02345177361154, 17.98023694331672], [102.05211042833174, 17.87103801549112], [102.05055419725583, 17.815437498570486], [102.04362472593112, 17.798756034101732], [102.04612181534887, 17.782400070980096], [102.03292736382829, 17.776429288053937], [102.02191782481462, 17.73998952697348], [102.03862165698469, 17.6508253019481], [102.04835584980223, 17.64620125038902], [102.06332499961361, 17.651837562496013], [102.09152888449587, 17.634313255864427], [102.11077881532412, 17.640150230747093], [102.12423634103826, 17.631080486149123], [102.1439188514692, 17.649233483545803], [102.16315541953522, 17.662476973839375], [102.23680193425487, 17.65365237404074], [102.26432792818039, 17.656104901521466], [102.28202615438425, 17.66811324143622], [102.3210521507896, 17.67180983900469], [102.34221505552557, 17.539735790650383], [102.3844293275969, 17.456894601493875], [102.39503308433156, 17.40668956154478], [102.38556646441626, 17.377411119929263], [102.4211277933945, 17.370989976852012], [102.44130519108128, 17.329127932545507], [102.44373543165827, 17.28045241262359], [102.59670934512559, 17.264444239750606], [102.59036403725982, 17.240436459013754], [102.53896401063766, 17.213177958994983], [102.47612628727549, 17.19968024191082], [102.51278904615256, 17.12255119780903], [102.55156535531742, 17.056431649630625], [102.6689824267568, 16.99114590344196], [102.6775305050255, 16.99573884167351], [102.68573974907088, 17.05279745172813], [102.7036876306754, 17.078388222209544], [102.71012652796685, 17.08465771246669], [102.72512698029064, 17.047250354097486], [102.76357336435997, 17.026845481163242], [102.7998258722923, 16.99925262192024], [102.82258060979493, 16.97293501050716], [102.82732954287546, 16.97174434781699], [102.80922559359895, 16.951232505823096], [102.82228629767113, 16.92994480486462], [102.81603018771327, 16.897535993982142], [102.82942984664692, 16.860623580833884], [102.86392992270868, 16.87802747995346], [102.88934226158403, 16.868302146976983], [102.93943140349486, 16.835616986517415], [102.99533955385418, 16.85582115036787], [103.04723904819033, 16.88459571162659], [103.09124150260192, 16.898597276688786], [103.11581554418319, 16.943830385587663], [103.12119325659505, 16.958795191383633], [103.16577979847929, 16.947063271021854], [103.18109233696046, 16.951593715084663], [103.19129036077652, 16.946786830744315], [103.20306238520294, 16.951147770802198], [103.21289018629814, 16.95731473224966], [103.25008356693225, 16.955129759920748], [103.28121255189464, 16.93825208968602], [103.29782270639687, 16.922105655483975], [103.3536238904567, 16.91559988173335], [103.37655709404685, 16.90137089306045], [103.39586494902562, 16.88977718372046], [103.41397781589248, 16.863044891983506], [103.40647313437177, 16.855210283810585], [103.4264142285075, 16.819938776280715], [103.41488748543199, 16.808215802882263], [103.42410445863919, 16.799632043186378], [103.45126482569054, 16.831041873175185], [103.44722043069312, 16.84762533396601], [103.47219139584797, 16.88017225369358], [103.49088838260914, 16.90521010529831], [103.49247140021046, 16.927893628603623], [103.49101321999926, 16.94265770981384], [103.50502823915897, 16.98012750812664], [103.52186576915877, 17.00820647911424], [103.51878454340547, 17.039264118657123], [103.51414709092764, 17.04085598589757], [103.55635696676337, 17.08522407641384], [103.57857661591295, 17.0900175975262], [103.58557293245065, 17.097954770512406], [103.60590203047535, 17.091542625497905], [103.62238288037445, 17.089058915217848], [103.64304182529695, 17.058259844344864], [103.65672234934785, 17.036557454781196], [103.65621848114353, 17.018119016983057], [103.6650252321649, 17.019193667364704], [103.66602402658711, 17.059392517395644], [103.66226060917253, 17.07919091898683], [103.67014428773834, 17.102079409561906], [103.65215182968052, 17.11095754040365], [103.63973322673999, 17.113833625318176], [103.62318997664231, 17.14662138957168], [103.59406310898616, 17.168631522476407], [103.57395257414896, 17.15625310417162], [103.47148244193764, 17.222921105366947], [103.45691900702454, 17.21367295100254], [103.41169921771217, 17.214136688231203], [103.35975074100881, 17.237957167751393], [103.35329393251611, 17.250032400199096], [103.30153712179064, 17.26488571231408], [103.28429378603099, 17.262919213450882], [103.25921583163228, 17.313079619121325], [103.27632088864449, 17.338095252590435], [103.30461841204747, 17.38853653378474], [103.28587230693529, 17.418194032051954], [103.28177441216481, 17.444311017804896], [103.2902288664968, 17.471159246974505], [103.29561542730119, 17.496259510258508], [103.3204570964819, 17.522608383250933], [103.32791274277216, 17.546718703676284], [103.3412722032092, 17.561081454367418], [103.35054713640984, 17.578663745641247], [103.37043022795353, 17.58292660114244], [103.38039184582028, 17.577308143973962], [103.38020461868648, 17.58838454455089], [103.4089568948294, 17.587541760153634], [103.41583278326235, 17.59320038431689], [103.40180004648573, 17.612655482989606], [103.40908623754967, 17.74109088990963], [103.40512648747689, 17.75082963337505], [103.38205063381189, 17.75357640449856], [103.37009581936948, 17.78420151257787], [103.37892039251871, 17.793677111106643], [103.38201052575981, 17.81635167406784], [103.38861891608316, 17.82631326310773], [103.38496242391878, 17.83570860594314], [103.39928512760231, 17.83704629813105], [103.40208983927108, 17.82877022722229], [103.40971937513623, 17.83235093561906], [103.41879366236131, 17.831481394756338], [103.39799638969407, 17.84587976666763], [103.40595145469686, 17.860501168994958], [103.40543418543349, 17.872589858120396], [103.35884102354333, 17.874681139458986], [103.34574020985366, 17.862958165646447], [103.30376221157788, 17.82587631833344], [103.27309250209284, 17.836560326573835], [103.26182440471645, 17.85896730299007], [103.22754723377494, 17.868643545218575], [103.1852437919637, 17.85447692114478], [103.16261384060628, 17.80140475477781], [103.14571387931844, 17.80338456025476], [103.13597074748013, 17.816583510324932], [103.12752515704258, 17.82934103639258], [103.12882273575636, 17.83883886061043], [103.11944528741111, 17.841946883920336], [103.11413450190261, 17.857223792243747], [103.10952822403465, 17.85048603738216], [103.08876666547229, 17.869298962398656], [103.04989670186863, 17.879153647796908], [103.04317680921326, 17.887799838630432], [103.03624736758219, 17.870922133425722], [103.01560176613927, 17.868942243697592], [102.97810960530819, 17.820574438115923], [102.96654713863155, 17.820445129155736], [102.95248313694427, 17.852858309728756], [102.92835050746565, 17.887728467394133], [102.89600418248128, 17.88658695360908], [102.88640375882231, 17.892499731837496], [102.87157274764346, 17.87332558725503], [102.87643319422946, 17.854575092064888], [102.86422863899769, 17.839561293518454], [102.84849697249989, 17.828150377728367], [102.84954923745032, 17.820248872940535], [102.83961439757469, 17.817127476098275], [102.8415852911512, 17.806764614823088], [102.8299247844996, 17.804726740953356], [102.84464872324398, 17.798399329734682], [102.84765413156424, 17.783978603689487], [102.85189033867096, 17.78022845940673], [102.84763183844537, 17.77526551663405], [102.85529257880603, 17.76964701753883], [102.84872438171267, 17.755739057143707], [102.85176096382712, 17.744890127432466], [102.84784590521974, 17.735031006433307], [102.84992383864231, 17.72187662175381], [102.83670704465169, 17.706153838676034], [102.8274856559303, 17.685945211746333], [102.78910619070646, 17.677646807476613], [102.77314703396613, 17.64087708302772], [102.76496903759119, 17.634473786611082], [102.76574489626394, 17.619883619270343], [102.73951649665621, 17.60960987779371], [102.73113338003961, 17.600076320434976], [102.70152495947144, 17.614086825395955], [102.65776776046401, 17.592000878850687], [102.63734515043619, 17.61338674250936], [102.59889432829434, 17.61796626078921], [102.60236351621957, 17.65167256584093], [102.5881657290382, 17.68204798436998], [102.5871980383081, 17.700330320299297], [102.5251541686693, 17.75667549169092], [102.47213538787686, 17.74907721318965], [102.45533799831912, 17.761375359332053], [102.44243782749615, 17.78119610058058], [102.43467901376614, 17.79332034136854], [102.44153705264192, 17.81655232939616], [102.42243870777953, 17.822835198776627], [102.40519542174513, 17.846834074382425], [102.39274560489129, 17.88859350039238], [102.36933083410214, 17.906501239391638], [102.3404001715212, 17.92995611436601], [102.30594471933617, 17.962538810806304], [102.28717641429093, 17.987514255323195], [102.27793261543458, 17.97743663649043], [102.22640777392178, 18.002875791655526], [102.2060251734296, 18.00964920791476], [102.20655137364741, 18.01800999510897], [102.18520566845338, 18.01126787925779], [102.17556064308695, 18.01102703385528], [102.15935627201637, 17.986421765967595], [102.14436476529241, 18.005636012488843], [102.14578276936443, 18.030174484976552], [102.10899519596771, 18.0254121087459], [102.11344976443212, 18.054534480554107], [102.08070213093694, 18.05902933777626], [102.06275869552336, 18.078635954558457]]]}, "id": "0000000000000000017b", "properties": {"ADM1_NAME": "Udon Thani"}}, {"type": "Feature", "geometry": {"type": "Polygon", "coordinates": [[[100.19101091025331, 14.618823954264773], [100.21210696563143, 14.582214688329783], [100.20400918785305, 14.572636533784609], [100.19810533928685, 14.557074325170126], [100.20951171006398, 14.5311044411887], [100.21570541669401, 14.506708733746384], [100.2489167917639, 14.481817999436746], [100.26611108203582, 14.487828930137306], [100.28561522037782, 14.488167804770388], [100.29901932342146, 14.494138536717495], [100.33071906745103, 14.4884397656195], [100.37911366262456, 14.500956458344687], [100.41221799425406, 14.508077693478823], [100.42001250731185, 14.47042950627373], [100.42681711628427, 14.442109708944978], [100.44121553643912, 14.443469748133584], [100.4510121900884, 14.437320633981285], [100.47921599627973, 14.443532179433335], [100.50241668723336, 14.459580501814662], [100.49841242888851, 14.506855880832067], [100.48811188801754, 14.556235954188299], [100.48501726811199, 14.566433940306863], [100.49601792017819, 14.589081679646936], [100.51001949433946, 14.664297843340432], [100.51081763607387, 14.675597173010111], [100.49901441213247, 14.696095706795768], [100.47251846301138, 14.707087346937868], [100.4662177682507, 14.723875830182175], [100.44001602396847, 14.726854569305376], [100.41811297985095, 14.72464286753403], [100.41631147451876, 14.752753015632432], [100.38341670690797, 14.741966435503388], [100.36851434019951, 14.76270125096344], [100.35291198832107, 14.762103774001718], [100.34291909191622, 14.774473252704045], [100.3309152749923, 14.799069709598992], [100.3130208715796, 14.793402141964751], [100.31051481117447, 14.786191835676483], [100.29181781104776, 14.781202074735925], [100.26911211318489, 14.794962888041399], [100.23890614384544, 14.792372122381297], [100.21260637115684, 14.773305032478786], [100.21131325959607, 14.73721304477542], [100.21850579533282, 14.692407967541763], [100.21131325959605, 14.67988683655661], [100.22940826832863, 14.64178828103014], [100.21300322906545, 14.625418940048977], [100.19101091025331, 14.618823954264773]]]}, "id": "00000000000000000130", "properties": {"ADM1_NAME": "Ang Thong"}}, {"type": "Feature", "geometry": {"type": "Polygon", "coordinates": [[[100.3328193068604, 13.801430574752894], [100.34151454409948, 13.657423847429193], [100.38141451816826, 13.610059354062901], [100.39321783137528, 13.564621114964764], [100.40641673507935, 13.55225156306832], [100.4174128616788, 13.553459985426615], [100.4174128616788, 13.535944569161913], [100.4077142908794, 13.497516057364235], [100.43272985535609, 13.49605797916078], [100.45462853352461, 13.50181911825356], [100.45071341445824, 13.582359404901355], [100.46111205210269, 13.602817759862349], [100.46941493666388, 13.596949527787526], [100.48991335647615, 13.602059684021576], [100.52681694892117, 13.605546725540906], [100.52311587044184, 13.636965561277165], [100.52662074673005, 13.677155398505567], [100.5438150066469, 13.667617416834563], [100.55811089974506, 13.688115841404434], [100.56029581626792, 13.705256678713722], [100.5917147005847, 13.693382044682451], [100.58851747540841, 13.672335135331725], [100.59761851243407, 13.663474879817247], [100.65001743194328, 13.649607056897182], [100.66671677848011, 13.67178665820923], [100.70421778400288, 13.661174000882292], [100.71681033906938, 13.715994186793942], [100.80521194424759, 13.712783594233205], [100.86371541004067, 13.69167426793721], [100.86800949667129, 13.713073446877496], [100.91951658973264, 13.79213775804302], [100.93651467934559, 13.806928632290644], [100.90201456704668, 13.849276697384862], [100.91151249682048, 13.88905186294198], [100.91741188551907, 13.946141726204512], [100.69141575737879, 13.914272556141805], [100.69511231231927, 13.928051234031548], [100.6383122910767, 13.938498869950426], [100.61351969286878, 13.95284827034695], [100.61411272207575, 13.944179741150025], [100.57591164854897, 13.950279787410464], [100.54472916092982, 13.844612480197574], [100.51331473791471, 13.815249315810252], [100.51841599161851, 13.812257220286185], [100.48991335647615, 13.793689528911665], [100.47051182070199, 13.790068743620782], [100.41891563207963, 13.799446257768063], [100.3328193068604, 13.801430574752894]]]}, "id": "00000000000000000131", "properties": {"ADM1_NAME": "Bangkok"}}, {"type": "Feature", "geometry": {"type": "Polygon", "coordinates": [[[102.45192679114139, 14.181836497510679], [102.43663202665074, 14.142939741032198], [102.48003245963226, 14.129950338893279], [102.48953042311184, 14.135011464897381], [102.5126330038876, 14.129731907884636], [102.52773149440667, 14.13704031616359], [102.55653284318787, 14.132398450175694], [102.6084278821822, 14.165641045866568], [102.63942751686642, 14.14491955912863], [102.65853922929675, 14.159001414997306], [102.69332915695244, 14.13836916912482], [102.69513509612565, 14.126909236437191], [102.76834010429914, 14.134458482243884], [102.78614086228387, 14.156330399242957], [102.79513488875364, 14.16479826988595], [102.80823571701679, 14.155987054442114], [102.8158429403342, 14.16624742592404], [102.83523557973808, 14.154720709736587], [102.83433482436654, 14.159300166275903], [102.87313789065361, 14.145218339956688], [102.88334030884795, 14.169038833935344], [102.90943942840791, 14.161676882780752], [102.94219157562289, 14.17775194206529], [102.96446920632063, 14.201443157121696], [102.99490702878211, 14.206383818485005], [103.0405593001642, 14.248830005276725], [103.0777884035423, 14.283602112003948], [103.18156054585334, 14.327921062546608], [103.2320465159727, 14.324616856191719], [103.22545599384358, 14.368842221504318], [103.23832489752003, 14.388908169791211], [103.22573684287674, 14.399685844228477], [103.24334143677277, 14.414334032056287], [103.24763549961048, 14.441431939838504], [103.23449903319255, 14.479735660004806], [103.21882523466873, 14.500037910674642], [103.22299009599149, 14.515042823577897], [103.21549876280126, 14.537761952796378], [103.22614262242166, 14.541262268874105], [103.21572175143564, 14.578348649743122], [103.23086486974613, 14.602726589008439], [103.23893578578738, 14.618806084900076], [103.23763820208711, 14.640990085337293], [103.26103956382254, 14.678379660725788], [103.2747335038331, 14.72681890549996], [103.2716656265556, 14.765684376850107], [103.29354199257428, 14.786972119758893], [103.29370698169255, 14.806993503968545], [103.31563686165035, 14.808683553516884], [103.3289427768634, 14.828080638313448], [103.34715373370699, 14.82735373602686], [103.34502226208602, 14.832031343214377], [103.38266160000546, 14.864707680508973], [103.39344808976364, 14.890035358795648], [103.40513539219246, 14.892590412547266], [103.40254917143784, 14.911345428471284], [103.42636079135224, 14.92314418896174], [103.42513897362167, 14.949145210583678], [103.42133982617943, 14.959463516464217], [103.4277341156675, 14.965024098567254], [103.42438539582432, 14.970780799252294], [103.43113645017337, 14.974495147216704], [103.42493386881209, 14.978802717215235], [103.4244923566908, 14.992527787707516], [103.41700557594346, 14.99855652268121], [103.42787238362726, 15.024521883163008], [103.44633310970457, 15.030702130639336], [103.44757717761156, 15.04959984239715], [103.42901389361492, 15.063293735857776], [103.44553936785618, 15.084407530402776], [103.43638479160253, 15.079854840765039], [103.43814166479503, 15.09693763553482], [103.44572660229761, 15.101053406753616], [103.43200594130224, 15.107697490195248], [103.43597454638683, 15.121534025692112], [103.42960250933585, 15.133386304351381], [103.42877756626446, 15.149764622618171], [103.43024465468753, 15.159097536983149], [103.42933496441748, 15.171440310442428], [103.4303650242299, 15.183627020931795], [103.42373437377583, 15.188273395306007], [103.42893814536082, 15.20304195771835], [103.43963549329102, 15.202159091605722], [103.43403489440593, 15.207759643426767], [103.44048272990594, 15.219549581683257], [103.44303779016619, 15.24415484593036], [103.44988251855816, 15.253866812770864], [103.46493646816373, 15.256997056885833], [103.46683601010604, 15.277254802674866], [103.48783841760257, 15.289294361797117], [103.50793557840646, 15.293624143193124], [103.50254006734052, 15.301168907184666], [103.50263818158032, 15.31050625029852], [103.48873017049472, 15.312905254471985], [103.47493824307894, 15.319513651568604], [103.47081795003741, 15.33533459424458], [103.45613860640113, 15.335133888870264], [103.44687709027875, 15.338393494154522], [103.44903530823817, 15.329653686696805], [103.43779834861456, 15.325515617735494], [103.43164033102924, 15.304887796304573], [103.42224055387416, 15.311826183431334], [103.40462711907253, 15.308553167422756], [103.38954198115262, 15.316142608062965], [103.40104642962316, 15.328614659807313], [103.38360692411636, 15.326358429807245], [103.35673632432027, 15.341363282354344], [103.33123919267426, 15.33135257857094], [103.31813840933117, 15.32246559696623], [103.31608715948941, 15.314256388639668], [103.29213734756166, 15.29491730708674], [103.28583663343043, 15.305775185509265], [103.28936827131322, 15.310653454938292], [103.26973931301234, 15.311424845381081], [103.25868075544729, 15.307001400874315], [103.25281699477485, 15.307723775192771], [103.25493510988511, 15.317841488622069], [103.22554068868934, 15.317663106211366], [103.22470686074675, 15.328454192109085], [103.21524012113356, 15.328142072310806], [103.21280550002908, 15.336993306454538], [103.20063662801039, 15.335762620303273], [103.19203946925352, 15.35315312131245], [103.20034227996149, 15.359440460715541], [103.17823850108215, 15.357451676490014], [103.16153923900063, 15.349759789529509], [103.16332282581763, 15.36015391186928], [103.15292419583193, 15.37040093169102], [103.15543912431592, 15.381089401804884], [103.1509309959802, 15.379497536089138], [103.147033733184, 15.390587276839804], [103.14511189478249, 15.404793979787195], [103.13847231056026, 15.402510929636195], [103.13412465208793, 15.396495625261602], [103.1261651332466, 15.407598736215881], [103.1279354543561, 15.397891312027365], [103.1225979130601, 15.397320549254225], [103.09404179329727, 15.415723240275657], [103.11814323316507, 15.43758625474293], [103.11206997656174, 15.458040111101253], [103.11854012866543, 15.464916055639218], [103.10993846147186, 15.481035714965156], [103.07678954907941, 15.498493110465722], [103.09303849723894, 15.531392344629456], [103.05246069351209, 15.561803352367107], [103.05420867666722, 15.588406385819242], [103.02499263272982, 15.603241809503528], [103.00613955932442, 15.631360891134038], [102.97883641476835, 15.660893576162072], [103.01133887892402, 15.68799147845866], [103.00599683603946, 15.72720034687648], [102.9868004127579, 15.735984761486089], [102.9718400883188, 15.754788786158127], [102.9440153581859, 15.766315606545293], [102.9336389718134, 15.792740234981922], [102.89583472145209, 15.78374621366595], [102.88073626681745, 15.75565835672724], [102.87744093247011, 15.668344664800458], [102.8618385784966, 15.643645766590643], [102.82254050818953, 15.629626336436095], [102.78272963791164, 15.639766290224394], [102.7742306463075, 15.616677068087268], [102.78842834216394, 15.564518949289864], [102.80573412637793, 15.52458331441405], [102.83142751268817, 15.504940939037912], [102.84694066606122, 15.509431238394855], [102.87353477604373, 15.508173757091653], [102.88894102163465, 15.516614839141711], [102.89483587208727, 15.512320731335922], [102.90793677257673, 15.512262800437343], [102.92404300436156, 15.50201129525402], [102.93383966628869, 15.503192984549006], [102.92743640388163, 15.494185602666086], [102.93773689430404, 15.484825894977483], [102.94384143754941, 15.49020356038015], [102.94593719791509, 15.480763714413882], [102.94394842506277, 15.470962604439524], [102.97123816780731, 15.476683565517659], [102.98423639764223, 15.473745095565576], [103.01474114359641, 15.426545484319794], [102.99743532749436, 15.412218362806273], [102.98654181206479, 15.41991925943361], [102.98243494145942, 15.41702526229066], [102.97654002103371, 15.42140856919099], [102.96743895961295, 15.400201150918601], [102.95733464648359, 15.394720839129224], [102.96623947026478, 15.375132048084613], [102.99103651646834, 15.367350886277515], [102.99314126687706, 15.33440263667621], [102.95693783563556, 15.31466218573622], [102.96894174247875, 15.28175400860079], [102.96163771643316, 15.26560764434742], [102.96604329035844, 15.219446950838615], [102.98013847951471, 15.200629540738886], [102.94963822448015, 15.181861223490577], [102.89154067648636, 15.177821268943863], [102.86303807952157, 15.165161921480781], [102.84034124690103, 15.150281840468738], [102.77483254050829, 15.077099142097303], [102.76733241408586, 15.072327892765637], [102.78044209284593, 15.060854612871282], [102.7823417398531, 15.028548370147913], [102.76133933925959, 15.017868850123435], [102.74853722410201, 14.992171029310809], [102.73072758941491, 14.991520013090538], [102.71092920143366, 14.965380743485396], [102.70152943011367, 14.932432525460586], [102.60372792266445, 14.938563721210956], [102.57592989926965, 14.951463935455092], [102.55563213082888, 14.940664007605251], [102.57253208104369, 14.928365828708106], [102.5481319258901, 14.893228058742828], [102.55622956988711, 14.840539359410519], [102.51733283120052, 14.805249996895611], [102.49813197992967, 14.808959991695904], [102.44902833400597, 14.846189029264258], [102.4438334785183, 14.839901716664981], [102.43792519140422, 14.783832987125658], [102.48033124398127, 14.744325323655358], [102.45722864791334, 14.694347675678541], [102.47712514947398, 14.659820848798182], [102.47242522795324, 14.62017058944755], [102.50193118316125, 14.57317609123469], [102.49503292619693, 14.520179645896949], [102.48933416317483, 14.499159477870835], [102.58853135185579, 14.505576131099009], [102.60353173022155, 14.496430481495336], [102.60272909639052, 14.457640773135266], [102.5863329909659, 14.44295249296145], [102.57793208806459, 14.43879219752393], [102.56693146877608, 14.40405573230026], [102.55683156466914, 14.39217669891185], [102.56863483583822, 14.361337576437247], [102.58712675353807, 14.35049747040867], [102.59223239570183, 14.326248904545483], [102.62502904289161, 14.31737978272975], [102.65802643504126, 14.313709891116748], [102.67163114400398, 14.306829496438239], [102.64443067571382, 14.285394660467425], [102.62602788634636, 14.261534015264994], [102.55812915605416, 14.212693418223115], [102.53413479714533, 14.196627335083312], [102.51093405609068, 14.191405739518538], [102.50063352787775, 14.182295795076502], [102.47773162767007, 14.194085582539445], [102.45192679114139, 14.181836497510679]]]}, "id": "00000000000000000132", "properties": {"ADM1_NAME": "Buriram"}}, {"type": "Feature", "geometry": {"type": "Polygon", "coordinates": [[[100.8619139326752, 13.698081940026348], [100.95621500697357, 13.660143940736301], [100.95931403798176, 13.64573661816224], [100.96591354336584, 13.643975202652056], [100.92921511742038, 13.595210519249898], [100.91181120219544, 13.587750420739413], [100.91791573473083, 13.569343277095646], [100.90461874681846, 13.556844385036936], [100.89531701571158, 13.563310107480921], [100.87701246150004, 13.515133978691146], [100.87541163090305, 13.491487334073854], [100.85411940961374, 13.479728700895166], [100.94097377092, 13.46257455540161], [100.97785495815846, 13.477338675078416], [100.99491997262005, 13.463015958007492], [101.01402275084003, 13.466476227947197], [101.03871721963003, 13.48880747419695], [101.04772016585008, 13.497186126274881], [101.06952515268352, 13.518393539453323], [101.05112248633716, 13.54825615615661], [101.08172525965247, 13.552541408250956], [101.10452464373482, 13.55557359829871], [101.11922632484686, 13.566083621052119], [101.13392797473671, 13.568304260969722], [101.1527230654082, 13.596650815480086], [101.18942147892986, 13.58725097677208], [101.25992433793873, 13.567100371756847], [101.30262024455836, 13.545692197800864], [101.32832252419513, 13.498233970470384], [101.35851952671072, 13.476188182287542], [101.3759234065602, 13.454097780780806], [101.41242111874288, 13.462886691489002], [101.43092198654038, 13.440559997584481], [101.43482366315774, 13.430161304571994], [101.46122157315718, 13.407749917330086], [101.49142307479757, 13.419249946352963], [101.49912390742226, 13.425291966118808], [101.53942076723119, 13.396842910838908], [101.55192410946722, 13.374574215554507], [101.5517189650572, 13.362686271677477], [101.56082005228127, 13.361005120657655], [101.57072367414979, 13.32884609518677], [101.58721792339774, 13.327874051508145], [101.59612274165944, 13.311415456345566], [101.63472072391782, 13.29670936559722], [101.68781967054049, 13.24497932709303], [101.70622241550996, 13.207313307478344], [101.71802564382568, 13.187251847716079], [101.72392054768055, 13.180433855166326], [101.76242041405597, 13.18620391862893], [101.77812097043527, 13.185182829897252], [101.82332730168454, 13.216811173638085], [101.83532672082082, 13.235151505357967], [101.85923194754623, 13.245171044572635], [101.87573063954497, 13.236359878723773], [101.8775321487372, 13.220699508556887], [101.8920286925968, 13.227111732011926], [101.89824465110509, 13.228953316603677], [101.90283307515315, 13.262601713238919], [101.91483252836255, 13.286480212015444], [101.9381313187076, 13.295126416810819], [101.94843187447051, 13.291358422216812], [101.99323242828977, 13.351694554421256], [101.97823197529388, 13.393132989447713], [101.97813390585038, 13.408280536189965], [101.94322810049373, 13.44390871129295], [101.94473080071762, 13.521595216460225], [101.92823211971445, 13.546454727561224], [101.92993100767633, 13.55488243077399], [101.94833374521316, 13.564790561103619], [101.9404278006475, 13.581922401546834], [101.91793159625219, 13.586608937024602], [101.92173071692368, 13.636127243680367], [101.88693192125527, 13.667238410735566], [101.88352962652112, 13.703205497483953], [101.80921868882042, 13.707896420782852], [101.79852132781807, 13.73673349476308], [101.79872200473795, 13.758070288841493], [101.78752076668576, 13.780909761454273], [101.75311872972713, 13.809858259910753], [101.73152330029384, 13.796271373437136], [101.70892459404062, 13.795107583833932], [101.70082243848059, 13.766551426128075], [101.68542515663333, 13.757102602344693], [101.60902294464951, 13.795138753609807], [101.5792227364291, 13.77925101265556], [101.5621265072759, 13.788887138830052], [101.53571974930784, 13.784860553901371], [101.46162283138965, 13.825197526537194], [101.35532231253461, 13.866305980523098], [101.34351913062012, 13.85835542664213], [101.33702223971748, 13.865753059994995], [101.27641854186666, 13.87352531415485], [101.25242414507827, 13.86643536092715], [101.232126312195, 13.883014249075702], [101.21722399388594, 13.874974498492756], [101.19161982496286, 13.86389363886943], [101.15692358953953, 13.849223243288195], [101.16302364686928, 13.860892699319347], [101.1449196820194, 13.878604223129857], [101.14512477162287, 13.883223855215551], [101.15472524267271, 13.87893414899533], [101.16282741957069, 13.891914636302555], [101.15132293071832, 13.890202302636968], [101.15802053503005, 13.903543957281931], [101.16382627331518, 13.931449028482412], [101.15732492017297, 13.930592847507762], [101.14752376444116, 13.961507790460987], [101.13322346122193, 13.97027000142625], [101.03201073212891, 13.971777167505614], [100.91821454632084, 13.959898127727474], [100.90731650039557, 13.851916540641321], [100.90201456704668, 13.849276697384862], [100.93651467934559, 13.806928632290644], [100.89411310050927, 13.757231923851418], [100.8619139326752, 13.698081940026348]]]}, "id": "00000000000000000133", "properties": {"ADM1_NAME": "Chachoengsao"}}, {"type": "Feature", "geometry": {"type": "Polygon", "coordinates": [[[99.72783076462018, 14.987288354145303], [99.7212312786425, 14.968791994654673], [99.7346041160389, 14.954152763123854], [99.78503211808072, 14.94888209075991], [99.8288650508176, 14.936833622666146], [99.85511131350542, 14.937105620998015], [99.88795262094006, 14.914297315958063], [99.9171061584931, 14.912295157129178], [99.94827973300059, 14.908545047468394], [99.97649247868115, 14.90205712332762], [100.04500657278824, 14.917525699717126], [100.0473119374968, 14.939192478072343], [100.04130556740408, 14.955954236086379], [100.1065065436549, 14.949301304677615], [100.13840688088513, 14.910533825759197], [100.21570541669401, 14.953894146520465], [100.25861536342117, 14.947263483876139], [100.275412843576, 14.964729764976829], [100.25981040870431, 14.987841292490032], [100.275154191468, 15.003492692392305], [100.25860646375264, 15.005860480805968], [100.25381292321683, 15.014827790829367], [100.24871169404645, 15.015229121597084], [100.25000928517773, 15.049015669997928], [100.29996457506468, 15.067338160637814], [100.30050864934324, 15.078334289261834], [100.3591146020166, 15.115612387071652], [100.34522450620915, 15.151637433196546], [100.30121762032641, 15.178521358826336], [100.28201223459448, 15.232975871879846], [100.26372546002244, 15.286971142218176], [100.22390126347621, 15.344127906610165], [100.19880545793075, 15.365727808124774], [100.16211154265446, 15.38211947986633], [100.12600619581558, 15.409797074643173], [100.0945338419278, 15.409872893226797], [100.09571104267242, 15.3911402501027], [100.11105923110242, 15.375774176673813], [100.09840434806165, 15.37276869202354], [100.08050551011671, 15.373027386286926], [100.08722089369375, 15.359141687456837], [100.104704994546, 15.343512551916442], [100.09481033149834, 15.323852371947375], [100.08360905855002, 15.310140651749684], [100.07690257681759, 15.287073678219347], [100.06140274671026, 15.27062851392419], [100.0404048182441, 15.289013458158335], [99.98584772450788, 15.297802271111411], [99.94779820332147, 15.298662874948613], [99.88368077444889, 15.28575829638342], [99.87459755408078, 15.301177813622585], [99.85641338180751, 15.305690500495158], [99.79002183510316, 15.313618721472082], [99.75591860454124, 15.292808115948867], [99.72490109269326, 15.26921497726756], [99.73524623207395, 15.2414348116741], [99.72869133142575, 15.221917371826764], [99.76408326626428, 15.170989944394865], [99.7539119974154, 15.160051752409146], [99.82458431175266, 15.07288521888381], [99.81889898866712, 15.058847983598449], [99.78623158105623, 15.039927997246012], [99.7778707575131, 15.019737187350282], [99.72783076462018, 14.987288354145303]]]}, "id": "00000000000000000134", "properties": {"ADM1_NAME": "Chainat"}}, {"type": "Feature", "geometry": {"type": "Polygon", "coordinates": [[[101.32303401252645, 15.780352887826735], [101.33372695329317, 15.774948420011675], [101.34412550902233, 15.744140467414072], [101.38482825432853, 15.732279290338784], [101.4026244669082, 15.736381665435246], [101.40832324943106, 15.728110022526307], [101.3747238631405, 15.56677977217464], [101.38812348972158, 15.460492622693275], [101.38081948999564, 15.371948240929337], [101.3922214026124, 15.34225061570014], [101.3883197298499, 15.325881312290004], [101.41622029424828, 15.311250937029028], [101.43382485840505, 15.349688371355303], [101.49362139548884, 15.347440998583735], [101.5308236282424, 15.369741033209891], [101.6056206526793, 15.369718679059512], [101.6264267975956, 15.360461572924182], [101.64912363095209, 15.39070768497959], [101.67342571199768, 15.394346291212766], [101.69552497908042, 15.385976563058943], [101.72932502353389, 15.380549849611569], [101.77841966730406, 15.377410672615433], [101.80032282553638, 15.408579723047241], [101.80932573313706, 15.425667065803646], [101.83822515121632, 15.411027801235614], [101.87402278416275, 15.394038618401057], [101.88482725086433, 15.391327460725895], [101.90662330207711, 15.405306790363605], [101.92792446848993, 15.431245324794059], [101.93632538888949, 15.451565472068152], [101.98072911826628, 15.454695803055602], [102.0079251758938, 15.458026736122934], [102.01763264243664, 15.452096093889766], [102.04032943696544, 15.469972652500191], [102.04332598192727, 15.504330018630922], [102.0444318094659, 15.539128851834684], [102.0803320604605, 15.612824464934938], [102.08673083927225, 15.622054803074397], [102.10053181680789, 15.630745559706435], [102.10292627779036, 15.626656527597335], [102.12093215357682, 15.644666868123835], [102.12683156794519, 15.643503029262693], [102.12583269873964, 15.650343319400742], [102.13343106711022, 15.653094602153297], [102.13442983131975, 15.666141881022225], [102.14983163144069, 15.680794482895463], [102.14962645874435, 15.703941668698986], [102.16223238218048, 15.728569300369696], [102.16362802115647, 15.737937920642008], [102.19122993007817, 15.741719231519042], [102.20732728135249, 15.740229828287724], [102.21392673227979, 15.751769976796655], [102.24153303444427, 15.743230830624535], [102.25813421077596, 15.75040996489638], [102.25703286029164, 15.76204822057304], [102.26753407454994, 15.779247020977582], [102.31082745092601, 15.791344572975198], [102.32132867230759, 15.803673904416225], [102.33133038667509, 15.801315056239105], [102.32502967068926, 15.856331464967463], [102.3574295510302, 15.899758615064739], [102.36353403645612, 15.929326944380444], [102.37792798933768, 15.945718641935047], [102.37553342918481, 15.963126932831772], [102.38883046401948, 15.979986794814277], [102.38323433225752, 15.994456617205909], [102.35482987481387, 16.007142758708518], [102.3445292959131, 16.03202455272896], [102.32392827012315, 16.031163950334243], [102.30082565023199, 16.04133508283885], [102.28402821886074, 16.075688043602007], [102.34513130510545, 16.152357794045223], [102.41693176274933, 16.253079958892613], [102.4242313035074, 16.30097969321251], [102.44933158523614, 16.3580650869745], [102.46063091673024, 16.3905719382824], [102.41193310621205, 16.43168033452818], [102.4031308633254, 16.463580742580476], [102.39782900412352, 16.452330448424487], [102.39823030036287, 16.443679801279945], [102.37032971541112, 16.435252095192627], [102.3640289927399, 16.448031916652578], [102.32233638716049, 16.44626165109083], [102.3155273680529, 16.451741848670366], [102.2946319965146, 16.44580235270953], [102.2817318260824, 16.455821964351728], [102.25833041699258, 16.46210033057669], [102.24503345057902, 16.472677361029998], [102.23702935698691, 16.48291989739223], [102.22033000216007, 16.49173997270958], [102.20033095573383, 16.499525586642125], [102.18322581041029, 16.500346041314405], [102.17593513716795, 16.491717733360158], [102.15743437069213, 16.500604651684288], [102.14582734397815, 16.501946854800572], [102.12452623730495, 16.493407661333226], [102.09333035302187, 16.49309554433345], [102.07163232393381, 16.494228211022516], [102.07102143242544, 16.501086280421564], [102.03962495375873, 16.51506552842437], [102.0323254045129, 16.52638724183179], [102.03242343616473, 16.540705411926687], [102.02222548414062, 16.557605406631062], [101.99352223572042, 16.566064255860347], [101.99472180462733, 16.577430581898884], [101.99232276729637, 16.581590873957115], [101.98412248988419, 16.58691062125316], [101.97331807477858, 16.614079936492523], [101.94161833050775, 16.631599740546136], [101.91952351266728, 16.627978900212806], [101.90822410160787, 16.63095310671569], [101.88372132793936, 16.642680525900513], [101.85751966007204, 16.648290117767225], [101.8511208810093, 16.653056898003648], [101.8298242447717, 16.653217392837888], [101.79872200473795, 16.641258086635773], [101.78122003524982, 16.62987852463271], [101.77382681878781, 16.64883861744482], [101.75691792656396, 16.649739324693023], [101.75332835857121, 16.665078612408035], [101.74561851729293, 16.66380782118144], [101.73002510609714, 16.64974825225285], [101.6899333402467, 16.681532687764488], [101.6498281224211, 16.680747924351856], [101.62081718848468, 16.683365373060784], [101.59812042031074, 16.703123705101667], [101.57702439474602, 16.720857555873295], [101.5517189650572, 16.724897479891208], [101.55002456602531, 16.707435651683404], [101.57822390241782, 16.686437760104123], [101.58512214616395, 16.65397992920182], [101.57382279739535, 16.6445890831714], [101.55521940091121, 16.670425134797444], [101.51842293577488, 16.67713599563868], [101.51702269636762, 16.642439757495264], [101.52952607192942, 16.618070794179058], [101.50642345262716, 16.60847037915595], [101.50236564787427, 16.560263045716898], [101.52180290920901, 16.54411656377514], [101.49021903799951, 16.525615777502388], [101.47642707716902, 16.524367212407224], [101.47072384673567, 16.491048793456777], [101.47572256350743, 16.47288687335443], [101.45318625672915, 16.44346133878207], [101.42181199022119, 16.40743621952693], [101.40552739039052, 16.393693283795987], [101.41139109198467, 16.37643212153923], [101.38632201285729, 16.35159491522783], [101.37512079413365, 16.298246186659295], [101.37042084749274, 16.267268880425263], [101.35219653483021, 16.25493047905681], [101.37522331757724, 16.238632536160562], [101.37421999510327, 16.212132085361606], [101.38081948999564, 16.186296074178415], [101.34472756287886, 16.14676606279529], [101.3307259664354, 16.0627432721732], [101.33012399691688, 16.03132447603494], [101.35972796691884, 15.966917187560108], [101.37112540550446, 15.962498190154358], [101.37836254259668, 15.961490423392558], [101.37162033946946, 15.923739724590723], [101.38062326451784, 15.917318581538494], [101.36832512621154, 15.898157839606508], [101.35442160482425, 15.883960026769953], [101.34362170829276, 15.881132985391709], [101.33441809666239, 15.849544682087455], [101.33032021001914, 15.827686197585617], [101.33802103478509, 15.81878585608619], [101.33481495447103, 15.793364538315894], [101.32303401252645, 15.780352887826735]]]}, "id": "00000000000000000135", "properties": {"ADM1_NAME": "Chaiyaphum"}}, {"type": "Feature", "geometry": {"type": "MultiPolygon", "coordinates": [[[[102.2406991776547, 12.286807680209485], [102.23572724812767, 12.296131720187116], [102.241840701335, 12.295904239093439], [102.2406991776547, 12.286807680209485]]], [[[102.1186223254255, 12.41058791456465], [102.12711248792735, 12.41013755897543], [102.12633217580812, 12.404416522155662], [102.1186223254255, 12.41058791456465]]], [[[101.80145987436175, 12.55894667463253], [101.79861497120315, 12.56351275777865], [101.80817972981356, 12.561791548337508], [101.80145987436175, 12.55894667463253]]], [[[101.8099232180755, 13.2046735253602], [101.82782655439536, 13.227513047148635], [101.85143300760033, 13.24182232846459], [101.87103079708208, 13.24328934679275], [101.8775321487372, 13.220699508556887], [101.88913026988072, 13.23074144513759], [101.89613549237241, 13.224494219748264], [101.90853178304727, 13.28021959675918], [101.92742947746353, 13.293837681981858], [101.94312997600915, 13.29047554012153], [101.99472624717737, 13.34595569394374], [102.01003435974424, 13.292887924274913], [102.03453266315555, 13.28170000464635], [102.03063090878916, 13.234090253126322], [102.05503112374907, 13.238990745929316], [102.07173047834091, 13.250637949796966], [102.10623053027382, 13.258851607216567], [102.12193097796315, 13.28545011035201], [102.13472865120313, 13.331365473308828], [102.14043630258145, 13.326447145969645], [102.18002865358564, 13.314389745085279], [102.20393383822325, 13.260068919029976], [102.27413353457622, 13.253549746510956], [102.2946319965146, 13.266998409026279], [102.29203229489505, 13.292758606341325], [102.31393543003236, 13.285681989847655], [102.33293122278505, 13.308904978052606], [102.34103335463774, 13.310358707401573], [102.36722165737368, 13.257879540015919], [102.39484135916308, 13.171711840441311], [102.41554055303341, 13.139080119013798], [102.41988370238477, 13.119027559885277], [102.44162180336463, 13.0824004981531], [102.46314143899028, 13.078980381736812], [102.48610130400232, 13.0392497920257], [102.51674872267957, 13.002159032271909], [102.5319943710162, 12.999519242267235], [102.51447900714659, 12.996228424445793], [102.48564203684188, 12.974022100939697], [102.5053066960838, 12.96073839990703], [102.48968197136385, 12.946879503201485], [102.51636074814034, 12.870619993064375], [102.5037727256146, 12.850380096684919], [102.51882217263736, 12.831620645092706], [102.51768072464165, 12.826421317821369], [102.54488121002966, 12.811929274090069], [102.52670146743854, 12.752328966916588], [102.50093227868793, 12.753211824739578], [102.4792342761793, 12.738108894977751], [102.44583116894667, 12.73525946859445], [102.39083260307156, 12.678771607913976], [102.39083260307156, 12.660734553029402], [102.40582862001384, 12.61981785005115], [102.3973295278138, 12.606449470457664], [102.42922997886609, 12.57182900191475], [102.41023417645556, 12.567481323188765], [102.37523020112091, 12.59470863095523], [102.34622828270157, 12.58122873153066], [102.31482723402652, 12.556391547400462], [102.31662877319978, 12.543433409863141], [102.31773455749857, 12.528780864480307], [102.32903398134515, 12.505593482975982], [102.34663402643729, 12.47629715979854], [102.3253329378141, 12.452628288608805], [102.33393004217686, 12.446358827281154], [102.33042962607159, 12.430738591478237], [102.36673123203836, 12.403279409131784], [102.37583220009728, 12.389202052892863], [102.35835255282265, 12.375129145568675], [102.34629513462676, 12.337329341880855], [102.30988658269865, 12.306722069428448], [102.26538918163352, 12.296082666788612], [102.26544716532844, 12.307118899521855], [102.25526258432951, 12.305812403202706], [102.23257466290644, 12.323113726827003], [102.16466701902898, 12.394169514906183], [102.12711248792735, 12.41013755897543], [102.12466891818084, 12.422524937016801], [102.082338650871, 12.470237319933476], [102.05820152398243, 12.474892627869217], [102.05954370981367, 12.468565157983559], [102.05019303213001, 12.472770009432777], [102.04402160007545, 12.477073089734233], [102.04663460906859, 12.49026759861406], [102.04049893540348, 12.502186710562277], [101.99124369268088, 12.53816277624954], [101.95731438148931, 12.541466975281809], [101.9480884659989, 12.529882251600952], [101.93228990815032, 12.53654858314388], [101.9103199215663, 12.560565306302282], [101.88938890212005, 12.56962615431788], [101.88650386554824, 12.582147353583588], [101.89486914692851, 12.57676071224053], [101.90739471524618, 12.575084143035795], [101.90159789486728, 12.599792032919973], [101.88252631062501, 12.599132019403106], [101.87469172281716, 12.604911066291104], [101.86370001546561, 12.634853934152309], [101.85371604847938, 12.650010436500256], [101.78692766896087, 12.690784446155698], [101.79273342418135, 12.715073120481573], [101.80542846839376, 12.753818281580878], [101.82083019616222, 12.755347748203665], [101.82343436032835, 12.796358081983685], [101.83022997996626, 12.814306020997138], [101.81963519297719, 12.90050933816265], [101.81073036291214, 12.889762881719388], [101.80922764540814, 12.895519547066826], [101.78223221281718, 12.950076659698528], [101.76232237011202, 12.942166257643706], [101.74082054411085, 12.957554609341715], [101.73952295401484, 12.980889036035512], [101.7593213832465, 13.008272450856857], [101.74892276473584, 13.032962500087853], [101.72402316060383, 13.029622588264182], [101.69982355770287, 13.080991406420399], [101.70001978893804, 13.102167706079552], [101.68922432021681, 13.111447113796435], [101.69832529795055, 13.140694352090968], [101.72241785771158, 13.174583490661306], [101.72932502353389, 13.182645583659145], [101.77392496041855, 13.182752583755894], [101.8099232180755, 13.2046735253602]]]]}, "id": "00000000000000000136", "properties": {"ADM1_NAME": "Chanthaburi"}}, {"type": "Feature", "geometry": {"type": "Polygon", "coordinates": [[[98.01885795367497, 17.921408045731567], [98.01515248173395, 17.895861879440815], [98.07588990068788, 17.844863112644646], [98.09569715764852, 17.803598583423447], [98.11728814277724, 17.788633908632136], [98.13447351427683, 17.79253554842102], [98.15264886129206, 17.76746646693633], [98.14208971535815, 17.753313302402322], [98.15639445137039, 17.719700637311217], [98.14452435023318, 17.67351321080391], [98.09643742863159, 17.634246411761975], [98.11254816439151, 17.59028856084984], [98.12719185939228, 17.566508192942205], [98.14703483728398, 17.53919171031166], [98.17802558948912, 17.54200987956765], [98.21891106047624, 17.539838325007064], [98.25305884168922, 17.555177627667604], [98.26830899387554, 17.57324588868816], [98.30275104903363, 17.570958399921256], [98.30923459107385, 17.545001922351453], [98.32563071792818, 17.494181548589637], [98.33366601257056, 17.467591990549895], [98.32548357079492, 17.431722959357575], [98.32843993882274, 17.414907655785715], [98.29788172772554, 17.402988521677514], [98.32405665146186, 17.370606533364896], [98.33624337723465, 17.338799789480476], [98.33326029115537, 17.323331104692734], [98.32281700779706, 17.318149612899273], [98.3428250423336, 17.29305832287897], [98.36644040635903, 17.287925856869716], [98.42341433134493, 17.304433457560965], [98.45107417044572, 17.3067121030909], [98.4664625582434, 17.31095268683597], [98.4868004966581, 17.300982075385622], [98.4871616649813, 17.290891206893633], [98.49797942952539, 17.29730782866686], [98.49658372050715, 17.291644801448925], [98.50281314583867, 17.275163933542796], [98.57231269408585, 17.281464616465758], [98.58277816632561, 17.295501911285733], [98.56303325310088, 17.29335262926254], [98.56334541350385, 17.343245466628204], [98.55907360489736, 17.35249811698884], [98.54309662890815, 17.35899952014585], [98.5589844211044, 17.399657521454056], [98.55750846133195, 17.435646969450143], [98.53232786762287, 17.45308650362461], [98.5251933351681, 17.485535415175523], [98.53499444124117, 17.535009122672818], [98.55822192072178, 17.564729010865364], [98.58883809636097, 17.576625910928087], [98.57156355685336, 17.607786136462597], [98.54042113845213, 17.615478055010055], [98.52664252446901, 17.695055213947043], [98.51139689022082, 17.7456748593226], [98.51408576188578, 17.78132982496786], [98.49737750852158, 17.806135843835342], [98.50522547151736, 17.812690670765452], [98.51813462148448, 17.815905751240482], [98.52886315496359, 17.81848306183138], [98.56240901997283, 17.794368279399645], [98.57716415700139, 17.805908380369466], [98.59084470779051, 17.798082656165697], [98.59957110651496, 17.801048039740742], [98.63147600540485, 17.761197059995357], [98.6432703796053, 17.73467874410656], [98.69448309767908, 17.763636130523174], [98.6914375428203, 17.787755446814757], [98.72663323579174, 17.793895594886603], [98.76566372974021, 17.803638727636734], [98.78607303938449, 17.830344256731106], [98.79781388020362, 17.811085416335207], [98.80327622069741, 17.792169938438615], [98.8552916736387, 17.811705226545588], [98.85958132432638, 17.851716748837198], [98.86885622160348, 17.848764885005927], [98.86100823098703, 17.89448847034726], [98.83612648006041, 17.96746166045551], [98.82921486909046, 17.992664462057242], [98.80458722959877, 18.003205845011383], [98.78196625045354, 17.99967420702723], [98.78858797932418, 18.01764439407625], [98.814843143012, 18.079179975755032], [98.8010110385884, 18.085266610550203], [98.8109147084604, 18.114656567530332], [98.80451146611796, 18.1567415349267], [98.787361730978, 18.173596946501007], [98.78428047470686, 18.2178847996873], [98.77777915076463, 18.230495080886147], [98.77594643078098, 18.249111869767248], [98.67024787321616, 18.296931283849748], [98.67833667949881, 18.315717417698576], [98.67944256945347, 18.323043778714823], [98.69760006535853, 18.32835004676545], [98.70709794029828, 18.330138154219377], [98.68587707839562, 18.36763473058493], [98.70931854369368, 18.404132469561226], [98.71014344436618, 18.411869017084523], [98.70072135834026, 18.4072539120753], [98.69979839298603, 18.418303563863855], [98.71105763143545, 18.43603735907149], [98.72017641297384, 18.430940657903033], [98.72868445950594, 18.44089328479585], [98.74780056242052, 18.42714594031954], [98.7728429345824, 18.43594373834851], [98.7919679552342, 18.44858078443503], [98.81802250079795, 18.46530243243155], [98.85568849364888, 18.496386847803794], [98.87560285278082, 18.51062028507294], [98.88778517892659, 18.5120561030866], [98.93782961401887, 18.5384584287315], [98.93956868674718, 18.556825481170993], [98.97121488989578, 18.601938234962955], [98.97358714710347, 18.619413398546495], [99.00533149726301, 18.643220579480833], [99.0137859753972, 18.66766088355268], [99.06772770713248, 18.665814841125574], [99.0799010416684, 18.675772050082497], [99.0857335924503, 18.667758981688387], [99.10150092561419, 18.668343171746987], [99.11459284622372, 18.676810958031083], [99.13104248142686, 18.681938979334735], [99.15383292077183, 18.70223678482375], [99.19293031653022, 18.70456886887985], [99.1983392735566, 18.67633390761852], [99.21901610074491, 18.65378864039336], [99.23559503238118, 18.64937860980422], [99.23699963429908, 18.614098182325996], [99.22306942823775, 18.592921879065425], [99.27871897188886, 18.55513545978191], [99.3155288658009, 18.53056582689121], [99.33064080484567, 18.54045610331317], [99.33770843904277, 18.57289610664787], [99.35418480786595, 18.574394346555508], [99.35785462491864, 18.59359522461529], [99.36180989026617, 18.60648204278994], [99.3320765959276, 18.61836107821341], [99.33546996124915, 18.64545013146769], [99.34998437755199, 18.65019909679854], [99.33370863066253, 18.683370317687324], [99.3408966596645, 18.69122729408758], [99.343215459256, 18.702687144399174], [99.36168498867889, 18.738698842816607], [99.37461200260178, 18.756397002468297], [99.36678180590242, 18.795953752905884], [99.35745783879716, 18.83876997048633], [99.39176163171334, 18.869537832822108], [99.38838168346449, 18.901447102855954], [99.38553677658984, 18.92552622544377], [99.38771724749304, 18.9488964521398], [99.37879015309042, 18.977532724061128], [99.40625816782165, 18.995587654020905], [99.38509530225036, 19.046430359462907], [99.37924946453306, 19.06400809585797], [99.36752194966898, 19.070188398196535], [99.33981313659345, 19.100545943143697], [99.32298892741247, 19.129177883650517], [99.32219518849743, 19.160672498632792], [99.30834079092814, 19.18803350645022], [99.31939490421559, 19.224571426529806], [99.32967312877308, 19.243112367505756], [99.34523987006351, 19.263160461806248], [99.32655179154065, 19.33557182250183], [99.32076828917451, 19.348365019368188], [99.33586680976697, 19.35793425875034], [99.32850485637432, 19.39906493580845], [99.31432491332878, 19.431879511668164], [99.31829795639399, 19.460368730691712], [99.31134625272998, 19.478044531493246], [99.30705215334625, 19.48456822775846], [99.29879835062454, 19.493209919792008], [99.32199899787913, 19.52923502868103], [99.33022163514282, 19.537595847796123], [99.32039817458516, 19.551316489589276], [99.3009431654379, 19.563333781956537], [99.29045088276847, 19.600219509108115], [99.2734528241999, 19.605231533785037], [99.26387913313442, 19.64635782050973], [99.28530063592278, 19.666949904214814], [99.3170449606368, 19.698136907493847], [99.34439266258948, 19.7084373942284], [99.35272221060958, 19.71265571646756], [99.36711173643792, 19.73278409930898], [99.37309144998625, 19.77461045392291], [99.38442199917279, 19.78929430449687], [99.40065760740225, 19.809551956246477], [99.42574894426306, 19.812303264227793], [99.4169778614879, 19.831450620401025], [99.4112925171585, 19.843329669509302], [99.39292996183009, 19.868278369751597], [99.3907984834626, 19.888469185291274], [99.414717132255, 19.91080476351438], [99.42460743449247, 19.91292732934434], [99.42736759330508, 19.95348287379784], [99.45185697675814, 19.97174284810989], [99.45353802405835, 19.980522864492276], [99.47906643164171, 19.9642560195672], [99.5152653883638, 19.975764968606033], [99.51502903250513, 20.01492925830916], [99.53682512937665, 20.031160339442778], [99.49451275707925, 20.07079732162087], [99.50534835341996, 20.082877020860135], [99.56208593309323, 20.09888071879413], [99.57593588821591, 20.111615977936278], [99.55580307344182, 20.126473668079857], [99.50904494043975, 20.1443279339872], [99.49826280579872, 20.13230171105172], [99.49844567728674, 20.121265467788497], [99.44246612285168, 20.09579502093056], [99.43497033100095, 20.088803172864957], [99.41633573349228, 20.092892145139192], [99.3599191970411, 20.08169091536948], [99.33378439240492, 20.066342702942638], [99.28981770187245, 20.086876873124346], [99.25323080185075, 20.113412916447462], [99.23132768832741, 20.124212904873676], [99.22344400148626, 20.11778286717545], [99.21286701305293, 20.1304333422524], [99.1767794694855, 20.127320901922182], [99.15748943639268, 20.13209210859092], [99.1265833681309, 20.11902699382863], [99.13025772159384, 20.106024230604024], [99.08323645532015, 20.096833991238103], [99.07307420006978, 20.0986979262261], [99.06477580268702, 20.06696692725413], [99.04445123967048, 20.03979765209322], [99.04776880141034, 20.007027688391425], [99.05109080391381, 19.99914405119495], [99.0374013336563, 19.990640492537654], [99.02848313590195, 19.96699388525389], [99.04507548602226, 19.948537666885972], [99.04445123967048, 19.931945387825966], [99.02852774589665, 19.91502753507033], [99.0251611533581, 19.886730076865124], [99.03470364769566, 19.87345538066237], [99.02827357889082, 19.812477131080506], [99.0035924892162, 19.781985840183165], [98.9430289209136, 19.76539353002197], [98.92996375199044, 19.746937278122804], [98.91585968338244, 19.75025484776241], [98.88744181689, 19.779082912452242], [98.85114916508536, 19.799826685566874], [98.83973835978725, 19.813096944112434], [98.80874315069562, 19.778093038676946], [98.77067580617297, 19.75623894099096], [98.74976706046151, 19.759699227392623], [98.74478180021102, 19.742941953651034], [98.7123774898228, 19.766762421890842], [98.68230529759052, 19.751989476087328], [98.66655578250796, 19.74758381454288], [98.65712923100779, 19.735606728651536], [98.64572283667445, 19.73647178601959], [98.62513961133556, 19.726603738163845], [98.62098823183022, 19.71275825124091], [98.5889985897852, 19.714693555457764], [98.57365488884034, 19.6948549530353], [98.56213701453034, 19.668862892929496], [98.54884438853618, 19.68658780858131], [98.53527539886936, 19.689633329816317], [98.51574894132439, 19.71317292654864], [98.47224600949724, 19.69398094512236], [98.47724904815091, 19.6555078611456], [98.51749249600078, 19.62518155613249], [98.52649540078671, 19.617788309761686], [98.54205322079491, 19.60244012644275], [98.54826921580656, 19.553693227027036], [98.567251550712, 19.540133122882775], [98.57221008129737, 19.505766803276362], [98.58580144687372, 19.50365759656786], [98.60381172951816, 19.467360593962184], [98.58998855828287, 19.431170449308784], [98.59697597589393, 19.396313712650873], [98.57994222606168, 19.38900968327612], [98.58891389885558, 19.36002107250003], [98.59779195022568, 19.35018427681165], [98.6012567099287, 19.317178029888105], [98.6028842302978, 19.28080071835307], [98.60355316249932, 19.2714767117516], [98.59404189509307, 19.24739307503455], [98.60065472239441, 19.223291678373197], [98.57394470877455, 19.208951155537246], [98.59540636108497, 19.183418410717024], [98.62509061826998, 19.16009284198783], [98.63823153479912, 19.14191748906768], [98.65411486977978, 19.0816081504959], [98.64096945805596, 19.06052105388413], [98.59293153923042, 19.041391575590882], [98.5707787144302, 19.040085034243795], [98.5395873453347, 19.022239666393638], [98.45714748339289, 19.04039267422315], [98.42944306479215, 19.03336074668801], [98.4213007247154, 19.022913052296467], [98.39699419023877, 19.0450391326481], [98.3768702507077, 19.063419503716293], [98.37258059639761, 19.08210756916169], [98.35678200215715, 19.09307695229376], [98.35042779479112, 19.129659432278153], [98.34587061359319, 19.145841533655567], [98.29336468990131, 19.149502428709393], [98.2713100052539, 19.151335144214144], [98.25803966485948, 19.15712308863192], [98.24573702062403, 19.146193776049106], [98.25342004753544, 19.10518345100969], [98.21192810848787, 19.051718807808495], [98.18730943645653, 19.023251961967457], [98.1708775931964, 18.967633524552557], [98.17899319095173, 18.952994369806426], [98.16437629128627, 18.9197963007076], [98.1398601148112, 18.906646453447582], [98.12895764079686, 18.90295876801787], [98.09425245561384, 18.85501000569636], [98.0853208297917, 18.816938253840434], [98.0954875807805, 18.803761571365303], [98.09490350090108, 18.785385638789972], [98.10406689869232, 18.772632628172612], [98.1220683437152, 18.76985461804859], [98.11996359346129, 18.75290550609105], [98.10470453593925, 18.7319968429331], [98.10984149344134, 18.706887630800146], [98.11199969026404, 18.67240988283376], [98.11160277187147, 18.641704489136153], [98.13590934657891, 18.63158230079723], [98.15375467823048, 18.632991401300107], [98.17800774364581, 18.624282805682164], [98.18652462436712, 18.61607356375419], [98.1950459981786, 18.6058845102185], [98.21804155525972, 18.598874809916317], [98.22225984884751, 18.586416133724295], [98.2413047153636, 18.570523863911962], [98.23396503455434, 18.552147874148552], [98.20947112561147, 18.535836548822946], [98.17778033461208, 18.541325628233366], [98.17739681800636, 18.51849951282451], [98.16388128815821, 18.513126264750785], [98.126001279024, 18.493470597169512], [98.10870435007863, 18.452219485587815], [98.08870089883112, 18.441771782502567], [98.0816197833948, 18.41815192750836], [98.09760120283366, 18.415084049298255], [98.131227327302, 18.400770342437117], [98.13469645480853, 18.383085550107417], [98.16059944462954, 18.355149264167505], [98.17959520679307, 18.331154879368075], [98.17101142409284, 18.278091566501438], [98.14388219687883, 18.27599128896921], [98.14347201854498, 18.23317503519555], [98.181494770582, 18.19457257371009], [98.16544201429176, 18.14397519694921], [98.17312056462998, 18.112881811874203], [98.19686079744304, 18.104851026709333], [98.21324356668049, 18.083710445805526], [98.22913579808004, 18.086194114216394], [98.23219471723776, 18.092365576892387], [98.25195303021661, 18.07295063704535], [98.26466589558724, 18.081587918320007], [98.28768378707147, 18.080571186808324], [98.28484337399263, 18.054588031201064], [98.27622834728578, 18.03738037754926], [98.26393903408304, 18.04562079591204], [98.23630599469942, 18.012074982838897], [98.25363850822767, 17.996240667084788], [98.23461156608805, 17.985186547394505], [98.18891019560121, 17.975184799353276], [98.1665657010292, 17.96569581685414], [98.14762783762843, 17.93478980958135], [98.0950907524677, 17.960099666932503], [98.02824434146478, 17.929131194989765], [98.0223851225583, 17.917390424253252], [98.01885795367497, 17.921408045731567]]]}, "id": "00000000000000000137", "properties": {"ADM1_NAME": "Chiang Mai"}}, {"type": "Feature", "geometry": {"type": "Polygon", "coordinates": [[[100.0952160561086, 20.324007362513246], [100.07904293482143, 20.380348133013495], [100.06679817661347, 20.37532273067698], [100.06603574852065, 20.3823814947294], [100.05859343643458, 20.396882433824125], [100.0567830531246, 20.390711035305138], [100.01990188788318, 20.406554273279973], [100.00897704155169, 20.41904866257941], [99.99881924002081, 20.417670791550027], [99.96568814327978, 20.461851556943504], [99.95614566561969, 20.465022004641217], [99.9189388645756, 20.446976026928215], [99.87019201922949, 20.44626704416108], [99.8478786612294, 20.408016848588687], [99.83886233754303, 20.39065752434383], [99.83792145480453, 20.373704018183904], [99.81127836629899, 20.335627791267154], [99.77387544563881, 20.33993084644577], [99.73121966912284, 20.349352944035346], [99.71090400922122, 20.322843508118858], [99.69852109673415, 20.327017265982896], [99.68144720251665, 20.315610890321445], [99.64349126387357, 20.344372063247214], [99.60917851825242, 20.3336078340217], [99.55611517231796, 20.359145133855282], [99.51778033785959, 20.363193954603094], [99.49846798492169, 20.38264006825029], [99.46590312486428, 20.39425605765124], [99.45864368420415, 20.3905237674582], [99.45512102041178, 20.36211042955366], [99.5034443492909, 20.332863165373297], [99.50987433480485, 20.31648042230355], [99.5034443492909, 20.294287447683384], [99.51651394554759, 20.257160949180463], [99.52252929031508, 20.232270305536442], [99.54721041638587, 20.223352077507748], [99.54948894574257, 20.216092677272226], [99.55591901757089, 20.217751460459624], [99.56380266333319, 20.204891389337206], [99.536633432781, 20.147235248451842], [99.51283518005026, 20.14622306017306], [99.5497209014429, 20.126308636526666], [99.57505744266996, 20.116186493208247], [99.5683421014247, 20.10015601138508], [99.5152742962611, 20.086096498598963], [99.49499434295312, 20.07590740818047], [99.50598150429038, 20.05914127512111], [99.53682512937665, 20.031160339442778], [99.51191659580768, 20.00577022603865], [99.5152653883638, 19.975764968606033], [99.47906643164171, 19.9642560195672], [99.45353802405835, 19.980522864492276], [99.43908612167378, 19.95999314988601], [99.42736759330508, 19.95348287379784], [99.42460743449247, 19.91292732934434], [99.40547336313666, 19.906425938266732], [99.39008506643667, 19.877798545888087], [99.40609769867257, 19.84721797454305], [99.4194883776087, 19.837158274981302], [99.41847168856638, 19.82380329744566], [99.42574894426306, 19.812303264227793], [99.39234130502224, 19.80289003751346], [99.37809005323903, 19.776822169589007], [99.36866800014164, 19.767163753766766], [99.36113652478228, 19.720753391881946], [99.35018944091155, 19.707447495300812], [99.3199255678695, 19.70266734565696], [99.28938512134548, 19.669527271728576], [99.26740176595816, 19.649568389067056], [99.26738840217878, 19.62340235754445], [99.27818392480441, 19.602850303082274], [99.29525777011607, 19.596192900758506], [99.30351163621917, 19.55934285718741], [99.32745247753489, 19.544855314127975], [99.3280812115243, 19.533266033788102], [99.3028784380988, 19.503746825248072], [99.30227638405859, 19.483689807609327], [99.31156027394265, 19.482896048959617], [99.31626016602942, 19.464876811322824], [99.31742843199392, 19.44172074630267], [99.31778516099898, 19.41678991605032], [99.33116248452966, 19.393950345186152], [99.33586680976697, 19.35793425875034], [99.32090658533909, 19.343865758582034], [99.34304156816485, 19.27607849562517], [99.34060687784385, 19.25294022636114], [99.32652504450996, 19.234622264357828], [99.3152256332978, 19.209579881808143], [99.30930398216067, 19.176381898270517], [99.32597207701122, 19.15114788994916], [99.32483500548294, 19.120317618364012], [99.35532186536393, 19.083177809287584], [99.37406345198363, 19.06448080800355], [99.38363714940891, 19.06136833158357], [99.39882489528941, 19.007101087702218], [99.41613067388076, 19.000514968036327], [99.44228329054013, 19.009401925086177], [99.47828602071051, 19.049890643571807], [99.49708560146915, 19.073372198118168], [99.533712723815, 19.075766721152277], [99.54166325997261, 19.08315546854386], [99.5452795671358, 19.109183298001117], [99.56340581911607, 19.13901467282975], [99.54065550503371, 19.16064571064006], [99.55525908883128, 19.25076861040769], [99.56401674777916, 19.264168241064716], [99.58084090355085, 19.30475940183249], [99.58169708000308, 19.337462519010764], [99.57835274365983, 19.342777713430813], [99.58488531926163, 19.35164243688261], [99.5749058996509, 19.391109956974546], [99.56871214337816, 19.41048028118679], [99.57190489520598, 19.415510093104636], [99.59491832646394, 19.40189203325278], [99.63986161223488, 19.383038921507595], [99.68427420709713, 19.385629677615274], [99.69501617565011, 19.377259947357064], [99.68968756997337, 19.419719527394232], [99.74121697886584, 19.423621264820245], [99.80442024313511, 19.447276757218557], [99.86630807729814, 19.439526842513192], [99.88697157632225, 19.449377033578905], [99.90430413089732, 19.430198363972004], [99.91381088044352, 19.436561573679082], [99.92905209581444, 19.404442629480982], [99.94584508093973, 19.421061698395384], [100.00030410643474, 19.425775013938132], [100.00251135947678, 19.431732310019505], [100.01650848490645, 19.425021400161476], [100.01471143360563, 19.434679829509957], [100.03150888300722, 19.432931798322166], [100.04690617865242, 19.440338373410423], [100.06871114979876, 19.45986923330538], [100.07701846207723, 19.5396916424571], [100.11230337606105, 19.549033449641623], [100.16211154265446, 19.559267084217932], [100.17200624258763, 19.58304305034173], [100.2377111220793, 19.603091108404314], [100.2584057935775, 19.638367112297416], [100.27780733687452, 19.643820589735892], [100.28491065285097, 19.64481047780757], [100.30060676285343, 19.636106297983822], [100.32870349011672, 19.69843562761814], [100.36690462496819, 19.70016577574272], [100.39310633310174, 19.715812706099374], [100.40747797285238, 19.736333540061693], [100.40376356647043, 19.75398263970998], [100.4170784493594, 19.784135075342032], [100.43862034266313, 19.791577376723716], [100.44723537469831, 19.82760686772275], [100.44135822022534, 19.83660977521116], [100.46172296643216, 19.85815168347937], [100.49814490111893, 19.867159090432505], [100.50323269606574, 19.887131397323827], [100.52007473476459, 19.904361345387503], [100.52163987501682, 19.931379083035985], [100.51733243524444, 19.944306002412233], [100.54340029658923, 20.013912534540488], [100.54084082755178, 20.020654773511023], [100.54970544787056, 20.038870194013278], [100.56047423165751, 20.087991590487224], [100.56971349611739, 20.10079370612939], [100.57709327769888, 20.168647877018163], [100.55133754185019, 20.17626843135805], [100.52283050489596, 20.1437883518766], [100.50987232672219, 20.14899211162804], [100.47896628178641, 20.18856660612552], [100.45266653639379, 20.204271638472598], [100.4525238348691, 20.231918013124297], [100.4139169808613, 20.25433389443092], [100.39028815488935, 20.30507851176517], [100.36968266118966, 20.355542116278343], [100.3601267949028, 20.35707162195094], [100.35633654861772, 20.37854215324557], [100.33145474088467, 20.399120969870275], [100.26245907630093, 20.397207996299805], [100.23760854328069, 20.3637602703391], [100.22518549078384, 20.346369791139548], [100.22881963033782, 20.332604561393474], [100.21333765165376, 20.313109348534624], [100.18199019981813, 20.3090961096212], [100.1680376123192, 20.29992373567291], [100.1747263314031, 20.24851034260237], [100.12904726514343, 20.248510334940253], [100.10224358922432, 20.257691625701934], [100.09063207503097, 20.281766283228002], [100.0952160561086, 20.324007362513246]]]}, "id": "00000000000000000138", "properties": {"ADM1_NAME": "Chiang Rai"}}, {"type": "Feature", "geometry": {"type": "MultiPolygon", "coordinates": [[[[100.95183616459018, 12.51480153791258], [100.95401663704654, 12.525712945462196], [100.95850698003534, 12.513584225783571], [100.95183616459018, 12.51480153791258]]], [[[100.95266109986116, 12.551018333146231], [100.94913836198366, 12.562326662192696], [100.94606604086793, 12.58376597231189], [100.95437332877779, 12.585866198407745], [100.9630195212741, 12.561653273188716], [100.95266109986116, 12.551018333146231]]], [[[100.86724249051264, 12.634412504402432], [100.86395616663268, 12.639170291280104], [100.87301706881976, 12.642746489553598], [100.8767136928794, 12.637261861184909], [100.86724249051264, 12.634412504402432]]], [[[100.79869277955063, 12.718158839198532], [100.80399462399599, 12.70117859353166], [100.7896943315419, 12.676983464686616], [100.77765473593999, 12.673220035610779], [100.76526284780459, 12.706819335744688], [100.77506402593403, 12.709133624517486], [100.77419889407335, 12.719978123173856], [100.79869277955063, 12.718158839198532]]], [[[100.77707056350559, 12.900268511901869], [100.77172858321661, 12.902105658187594], [100.76880785519963, 12.922367841907814], [100.78853935390569, 12.936900055469229], [100.78940444537072, 12.930969402634437], [100.77707056350559, 12.900268511901869]]], [[[100.6752068834151, 12.919322304717445], [100.6650044269527, 12.945688895112967], [100.67727592976775, 12.951650788689696], [100.6842098223732, 12.925823636468325], [100.6752068834151, 12.919322304717445]]], [[[101.03871721963003, 13.48880747419695], [101.04772016585008, 13.497186126274881], [101.06952515268352, 13.518393539453323], [101.05112248633716, 13.54825615615661], [101.05532294875128, 13.55218015804559], [101.09351961082172, 13.552804488826593], [101.1143258061389, 13.565793830153067], [101.12512122983026, 13.563131778677329], [101.1527230654082, 13.596650815480086], [101.18942147892986, 13.58725097677208], [101.25992433793873, 13.567100371756847], [101.2975234478571, 13.551043086679437], [101.3160243212947, 13.513577727803462], [101.34122271674946, 13.491737030398125], [101.37242301048553, 13.457308313182567], [101.39922222415116, 13.459078616747334], [101.41892254474794, 13.458217992159346], [101.43022186151262, 13.433960518066801], [101.45202686870307, 13.412851103238323], [101.47162464112576, 13.408111047218506], [101.49371944457715, 13.423762539896662], [101.53062303581649, 13.406171372877312], [101.54991752855223, 13.383162381503773], [101.54922638490667, 13.36658343820347], [101.55722148821151, 13.364113099277231], [101.57072367414979, 13.32884609518677], [101.58132299190642, 13.329947496877084], [101.59312620966705, 13.315076363352942], [101.61682185721328, 13.306184942994932], [101.65792143590944, 13.27741927511106], [101.69082511590658, 13.234179407784609], [101.71132807591644, 13.203322394587953], [101.72241785771158, 13.174583490661306], [101.6963187338725, 13.144145688841911], [101.65352474088242, 13.158945451298127], [101.62442015003742, 13.143289576608398], [101.59342055686096, 13.135766990266303], [101.58752561656244, 13.12755783894348], [101.57432661657062, 13.084768299953492], [101.5506220349499, 13.06743135205292], [101.51422244867607, 13.073442179404607], [101.47272600813135, 13.033180971694316], [101.4377220549912, 13.045934009949269], [101.41892254474794, 13.023192561316899], [101.40621850899038, 13.022073322601964], [101.38922048215066, 13.030162118207613], [101.329718156395, 13.079840961867095], [101.31962728796826, 13.076220155239067], [101.29442439774103, 13.053122089538949], [101.27921883861534, 13.053403019087353], [101.2577215298299, 13.086337868718813], [101.2345208564469, 13.077861180431018], [101.19442014038108, 13.083368121968912], [101.17851897943942, 13.069188194576371], [101.18691990994039, 13.043601844072754], [101.11331804431353, 13.045653036998763], [101.07591956773025, 13.003884644806364], [101.08251901634202, 12.99503336627345], [101.09942790028514, 12.972109067859298], [101.08811961408277, 12.941849655112145], [101.10342329004632, 12.924418980259784], [101.10252254500108, 12.901008769320049], [101.07612468492927, 12.874303148259976], [101.06912383782621, 12.839495408518683], [101.04542374043066, 12.810377479544046], [101.01972145846649, 12.792295830306347], [101.01062044147888, 12.746848722528085], [100.98842749656284, 12.699292352221653], [100.99402817139173, 12.659646499075606], [100.97987500578314, 12.651562152945433], [100.96398269098104, 12.63252178633416], [100.96378203701424, 12.594788930295788], [100.94152671067687, 12.604759439898041], [100.9241584796364, 12.607171830025846], [100.9128100535574, 12.626377180859839], [100.92740473020397, 12.631509558998875], [100.93002666954456, 12.6444097357265], [100.91485234498512, 12.659240730984381], [100.88950239761992, 12.65739470819878], [100.85549723323983, 12.649056141497121], [100.84865249705898, 12.65511611528319], [100.8608793519359, 12.661376649016361], [100.85894416235905, 12.6724931554104], [100.84231618204767, 12.672109741794966], [100.84174986663011, 12.679092654759025], [100.85197007226445, 12.690829008109956], [100.84999914988875, 12.697959145394023], [100.84533495177841, 12.69436063814428], [100.83817361471179, 12.699591123095699], [100.83617154783782, 12.729774773659546], [100.84113446749026, 12.747802925221261], [100.84842512855231, 12.752930910870122], [100.85585398748202, 12.763677353837112], [100.86718012415645, 12.768002708601546], [100.87813164606689, 12.76095285832081], [100.89311427258656, 12.765688422681505], [100.91149913869657, 12.805311962072782], [100.90056540885107, 12.850438050680703], [100.8566343382294, 12.908624865564482], [100.86151262323092, 12.929627238268797], [100.86761264084754, 12.925997503635774], [100.88189963262444, 12.935678209941333], [100.88424065642333, 12.971346568913269], [100.90566664331679, 12.974655272103218], [100.92767228229626, 13.008071791584], [100.91692139784523, 13.041706789157923], [100.89269956217116, 13.038496182500712], [100.87827431267718, 13.071074399915538], [100.88606883512831, 13.075631577937395], [100.88266658469067, 13.079310386961968], [100.8723526221268, 13.075680661580787], [100.87875590021827, 13.10811613365034], [100.89335053683824, 13.118965099977384], [100.89856771441805, 13.139124756595317], [100.91763485096462, 13.164104631615809], [100.93551135633088, 13.201498609660781], [100.92576374892052, 13.262071030130429], [100.89925440369447, 13.299161899992853], [100.90197449666915, 13.314648326240025], [100.91368851706211, 13.313136660655005], [100.92340938043313, 13.33872298983589], [100.96730031116189, 13.350896362401375], [100.98487808998703, 13.380388871764598], [100.97358766839594, 13.416529867619747], [100.96907945957385, 13.452438971298202], [100.9799954010301, 13.471260909332068], [100.98621579716249, 13.46519653039114], [101.00492175367349, 13.461758542931907], [101.03871721963003, 13.48880747419695]]], [[[100.81774649487816, 13.143240489836254], [100.82212976577563, 13.1408147187346], [100.80685738743149, 13.126295888180026], [100.80394555618685, 13.150985908399518], [100.79946861332553, 13.164532688164813], [100.80586748386045, 13.178841936533779], [100.81817904433625, 13.148225799904994], [100.81774649487816, 13.143240489836254]]]]}, "id": "00000000000000000139", "properties": {"ADM1_NAME": "Chonburi"}}, {"type": "Feature", "geometry": {"type": "MultiPolygon", "coordinates": [[[[99.25975889009123, 10.248869185630907], [99.25494302939212, 10.256275752157414], [99.26259492297366, 10.254826547395302], [99.25975889009123, 10.248869185630907]]], [[[98.69290904351118, 9.830752680553513], [98.7174519537054, 9.858688935191056], [98.72418070995913, 9.890063142337032], [98.75643342731185, 9.926190794032026], [98.77567442228819, 9.943291429924017], [98.81967236328789, 9.938538089894342], [98.8269273129605, 9.957765690495284], [98.84301127901342, 9.985144552333102], [98.8802091734798, 9.998339076564404], [98.90688349940955, 10.032451195221054], [98.90962135339743, 10.052579554037576], [98.92437656145509, 10.070219780561404], [98.9350292875458, 10.120643332469026], [98.91921284891916, 10.144401430137522], [98.8838432984332, 10.201861399613914], [98.9094920197223, 10.255557857374383], [98.90474757500463, 10.279307039383097], [98.94361757517237, 10.344820123372038], [98.93756209370484, 10.361992105932801], [98.93936804198195, 10.374990448825939], [98.93090908268032, 10.389170404693667], [98.90957681072088, 10.394168978168368], [98.89943681224838, 10.413026526988382], [98.89668996971135, 10.427576617995536], [98.88777179459733, 10.458513849537502], [98.90754791445855, 10.485495884476975], [98.91885166452109, 10.504692279714876], [98.93562234600337, 10.510832464486695], [98.96085198677311, 10.535941706546632], [98.94432206230574, 10.560667405982525], [98.95654894839748, 10.576479323440497], [98.96513267849058, 10.606765585658982], [98.95448437902498, 10.61198720914467], [98.94972204844937, 10.640891063129395], [98.93061033875884, 10.648034570811198], [98.93160023240814, 10.667021400700316], [98.91647945956716, 10.675190467606685], [98.90641973414286, 10.689009227097428], [98.89359091100803, 10.685843248202225], [98.9148028752448, 10.747258475198933], [98.90326716302152, 10.75238641368796], [98.88774502594568, 10.78011313921452], [98.92835846777457, 10.82198852695808], [98.93820419452942, 10.814742537954125], [98.96197117592881, 10.814617627877983], [98.97840300428373, 10.831517613065971], [99.01125763081151, 10.856649174200832], [99.00913067339344, 10.877040572867447], [98.99962388712348, 10.923950331115355], [99.01263552980173, 10.942839127629782], [99.02001536616933, 10.966860302163434], [99.04841087174358, 10.962606331618364], [99.05041303089119, 10.954851953752168], [99.06317047437747, 10.945969370316446], [99.0896932567336, 10.966735456493128], [99.10595559928765, 11.015272740859512], [99.12697133851105, 11.026906567381372], [99.1513491935641, 11.033969764488793], [99.15766335119261, 11.018113174476852], [99.24265379937461, 10.967502370695897], [99.30566977629829, 10.967881414313782], [99.34162801836199, 10.959235180691993], [99.37306019908988, 10.967783300099887], [99.41119439955415, 10.953665765037094], [99.46186764009148, 10.984932987137519], [99.50005090932837, 10.996022768544131], [99.49960059300903, 10.989432258522424], [99.49192642255449, 10.975796285481993], [99.49562300417861, 10.926304797957837], [99.509214347615, 10.915727761224593], [99.50821105839017, 10.90988631000257], [99.51733883331327, 10.902163212647936], [99.51369133551736, 10.890730026020025], [99.510739367104, 10.878315941068243], [99.50186577083656, 10.862633265702932], [99.48726225140773, 10.881637959563324], [99.48457785371838, 10.886556303420964], [99.47735857681722, 10.886302119647858], [99.46771800003083, 10.872247089096133], [99.44203798904076, 10.871159016227704], [99.43540292007721, 10.8521187062989], [99.41343291663173, 10.76740914134372], [99.39637685296397, 10.745488222927452], [99.38350340552522, 10.715103865934818], [99.35892483934927, 10.688090623073043], [99.36756657868924, 10.675328678082648], [99.36128369598988, 10.668403725684545], [99.35166985786447, 10.682405319080862], [99.3292272161311, 10.67786597037112], [99.28965720771338, 10.613632628302407], [99.27920055958067, 10.578445817913428], [99.27766664548655, 10.55368891986909], [99.26880641296387, 10.540748559961749], [99.24802254473427, 10.541778621991622], [99.23827937955929, 10.533538222956008], [99.24524452201396, 10.506756884170914], [99.25614703111842, 10.509855944997886], [99.26063735361369, 10.512009682373098], [99.26249233251121, 10.506110263175952], [99.25274023550983, 10.4976781582474], [99.23382479360876, 10.496358224973854], [99.22958865434734, 10.49096713835242], [99.2329641222432, 10.460128034804368], [99.27029575278132, 10.423893416469845], [99.27888841125117, 10.413704329633601], [99.28277681623395, 10.387596259447719], [99.28102432502207, 10.361479305791558], [99.2726857910338, 10.356092763103636], [99.25480932770009, 10.36321391692229], [99.24076308680822, 10.346470003561976], [99.20505020847482, 10.372685079757051], [99.1673930450584, 10.362763531287083], [99.14862915003575, 10.347147774593392], [99.15423876034978, 10.330849740713353], [99.15040832473578, 10.314355571672735], [99.16793707237346, 10.278910209011004], [99.1863130001831, 10.276069747162838], [99.19155690312742, 10.265532851090619], [99.2036723624531, 10.271490193099973], [99.20587069009248, 10.246644107023897], [99.21780766531477, 10.237150700498383], [99.21988118798967, 10.22711771399048], [99.23593838101795, 10.233520976013335], [99.24606050819051, 10.235737121051995], [99.24560566886919, 10.229900179979348], [99.21759811823296, 10.211390491364904], [99.19652886721857, 10.215840641577929], [99.19147223274337, 10.202579265115334], [99.17305170082375, 10.165283382128218], [99.16407548753473, 10.149614072830044], [99.14959237912919, 10.129378700246992], [99.15380175440433, 10.088760689544324], [99.15266465482097, 10.072739178841076], [99.16729049125425, 10.04522653313967], [99.17988751190497, 10.043451757351843], [99.17771591650113, 10.030498072307099], [99.17540607867775, 10.022761542167274], [99.17623546671179, 10.007636280536211], [99.16475329782426, 10.013196836859763], [99.15184420986856, 9.99627002369827], [99.15622744622905, 9.959009845183532], [99.15997310053109, 9.907908463063809], [99.16242567190186, 9.851188734853025], [99.14638180130038, 9.841378758055836], [99.13831078400942, 9.812916285263455], [99.1541495683745, 9.71977011937591], [99.15663329793546, 9.692783643653257], [99.13435563084606, 9.70111772615738], [99.11711671486714, 9.69103124759371], [99.09063855864585, 9.703387346460215], [99.07404183331724, 9.691575227804314], [99.09736731239379, 9.669712258742813], [99.09343891578588, 9.6541231921459], [99.07231169514158, 9.65198731882569], [99.0365006048361, 9.692841576532684], [99.01876229855317, 9.69415707244172], [99.00887201607306, 9.703579156047166], [98.99677449364394, 9.70006976742502], [98.9975146921508, 9.717442448162606], [98.99186504839095, 9.733682539714685], [98.95340531450972, 9.718196069890245], [98.91629664192462, 9.72822905669711], [98.89158431665153, 9.726440889243923], [98.87967848333831, 9.729308100436265], [98.85957240466414, 9.710432717686526], [98.83071759694886, 9.702263683178343], [98.79332804138718, 9.683767311220288], [98.7929400314358, 9.689314434475772], [98.77332893510506, 9.686652328063333], [98.77126433652985, 9.639042552956097], [98.74407281532795, 9.598366599529792], [98.72907239877848, 9.621562859603813], [98.69006413964618, 9.641972164034962], [98.66561937875672, 9.65121588442517], [98.65142154113997, 9.661944461768345], [98.66248457441029, 9.677453255154079], [98.65181840524949, 9.6958336519443], [98.64275306269643, 9.720024315699952], [98.63533756518073, 9.748567023760708], [98.63405779619802, 9.77469734542639], [98.64515649721456, 9.788400143709643], [98.67529117815752, 9.82162042981598], [98.69290904351118, 9.830752680553513]]], [[[99.34556090871078, 10.396099778489818], [99.34926200321522, 10.400835339978036], [99.3497168307559, 10.393990656180113], [99.34556090871078, 10.396099778489818]]], [[[99.3013311301381, 10.441136751863905], [99.29082542969914, 10.434555131622663], [99.2906337142483, 10.43984806578903], [99.2952845914744, 10.448645820867277], [99.3013311301381, 10.441136751863905]]], [[[99.48139405546407, 10.851017318925667], [99.48257129092703, 10.844190376594995], [99.47263638087585, 10.84086839804526], [99.48139405546407, 10.851017318925667]]], [[[99.48139405546407, 10.851017318925667], [99.48303949303605, 10.855926774203494], [99.49382159549398, 10.858312424604257], [99.48139405546407, 10.851017318925667]]]]}, "id": "0000000000000000013a", "properties": {"ADM1_NAME": "Chumphon"}}, {"type": "Feature", "geometry": {"type": "Polygon", "coordinates": [[[103.10209493028258, 16.918043393081295], [103.11399182855185, 16.903047464804786], [103.12666453998499, 16.89201118463481], [103.1148390749406, 16.858037284675], [103.11813434877244, 16.850514812480363], [103.10563543430574, 16.83519783036392], [103.11668954393265, 16.81559555372632], [103.13353600823673, 16.821651075213605], [103.14849631417432, 16.85158948802024], [103.14213764849215, 16.864618981957694], [103.17521523326567, 16.859245712829548], [103.1738953433566, 16.842769350943268], [103.18503423565592, 16.808559108642047], [103.17284299685761, 16.76759786856824], [103.1485230618911, 16.746385883620544], [103.16038430784522, 16.726921862053793], [103.15055643320048, 16.6906916744572], [103.16053592219409, 16.666777525864457], [103.15465433655481, 16.6462745993917], [103.16318458350287, 16.638810059512327], [103.19279307112095, 16.63399421088891], [103.18490485835535, 16.61787458529845], [103.17358319382019, 16.595681612801464], [103.18559161572854, 16.543826735802746], [103.1666270477839, 16.481492965035574], [103.17578154584443, 16.455897720888387], [103.18690705316466, 16.43407486193278], [103.16787109269049, 16.38374500968985], [103.18032094025303, 16.360388232795486], [103.2753354975469, 16.380400675288758], [103.29024665982666, 16.39141911652669], [103.30950112968074, 16.364860710333495], [103.348268525148, 16.352451052160134], [103.36732671380697, 16.303307289121776], [103.39900865352405, 16.28154247060486], [103.41251523387848, 16.280873540806777], [103.41301022449953, 16.245927603877202], [103.4244834506301, 16.234828919419765], [103.44050504192721, 16.221005702216704], [103.4492582670656, 16.218446117987185], [103.44585598207317, 16.20623267106912], [103.45266055377913, 16.198839521144244], [103.44964615284462, 16.194763856085416], [103.45733813914735, 16.191446335250262], [103.45665590352858, 16.18098521804809], [103.47995027168814, 16.200475936073776], [103.5066602234497, 16.203459139521613], [103.51343358352086, 16.195776080291722], [103.52574076770647, 16.197506212121507], [103.53743697234763, 16.21678290836023], [103.54178011725112, 16.215021574615122], [103.54384027126477, 16.20887689706809], [103.5625907391925, 16.213340511668207], [103.55313749398512, 16.203606291963563], [103.5932381795789, 16.191976902529582], [103.59993568251221, 16.198366797702395], [103.6026378962338, 16.191165344023123], [103.6200418081204, 16.19803687221061], [103.60997758794369, 16.20986687565364], [103.60273599744735, 16.212011644052986], [103.62053679540914, 16.214789664446418], [103.63723613278773, 16.1856360875107], [103.65396664479384, 16.18660367884299], [103.66022280226487, 16.196556412099824], [103.6672592345574, 16.192685898330605], [103.6802351790257, 16.200208431925564], [103.66333968426554, 16.210731872477435], [103.67043856545416, 16.217362581729848], [103.6802351790257, 16.212297065125156], [103.68496632423555, 16.213683832907304], [103.68804314336526, 16.207717553004876], [103.69892775368182, 16.214375021177506], [103.69489231024016, 16.217790697275692], [103.73263411952709, 16.219222064827488], [103.74610057240301, 16.25043132120157], [103.75669986702471, 16.269511782289918], [103.75608007920017, 16.30257151050279], [103.72893307343868, 16.32729729094323], [103.72364012100962, 16.350538144230466], [103.70443923121523, 16.375036437194805], [103.71453908780185, 16.38456546790408], [103.73813664736433, 16.39757272320097], [103.81134612655713, 16.45300375717399], [103.828741108733, 16.46886925602174], [103.85578109079552, 16.464312049409077], [103.87494630687172, 16.4638081556202], [103.90503635141158, 16.444125712275042], [103.91535919788384, 16.447746522835153], [103.93054242159538, 16.432692571851824], [103.95789452776049, 16.436407026324158], [103.99114160471333, 16.432581122726706], [104.00564706196973, 16.441062299168035], [104.03846159688032, 16.435087102255313], [104.04645676794273, 16.389911927061174], [104.05100052026233, 16.386799528552157], [104.09399517388267, 16.411971113009596], [104.13424750417563, 16.423983973297435], [104.14610871115141, 16.424322830964957], [104.1652828820403, 16.44044692947182], [104.18254849918972, 16.437356801165933], [104.19924782207455, 16.42708307290319], [104.22625656291147, 16.43381185337259], [104.24075312424141, 16.425986108824603], [104.24007980686727, 16.45425237038352], [104.22953849920133, 16.472610450170126], [104.24441402110631, 16.512965305993664], [104.2251150567483, 16.539519233368722], [104.22263134318781, 16.555456065748018], [104.20938778611225, 16.572819790604797], [104.19767818393332, 16.594415299457967], [104.17985519173914, 16.602285558270957], [104.18122857443079, 16.652437040203452], [104.18939323895655, 16.666964857750365], [104.16614346203275, 16.67852728562888], [104.1732334704561, 16.693532126280846], [104.15437145304647, 16.703690001141524], [104.13505461981575, 16.74723308477151], [104.1278085617216, 16.757150165156844], [104.09664838633586, 16.795957729567462], [104.09464174524422, 16.807270411686005], [104.07479878335167, 16.821682255755498], [104.0661614857187, 16.83732034619482], [104.03686522197775, 16.843893000998953], [104.03344504958017, 16.853194767032036], [104.01816372415064, 16.848115815320973], [103.99309468838285, 16.83133620869308], [103.98023911278503, 16.825053341020677], [103.97205216011176, 16.81174742297753], [103.96354864138493, 16.82203452774256], [103.9528646924151, 16.774286501852185], [103.94184173136966, 16.773006692339017], [103.91559550873673, 16.799721172737545], [103.87641339688308, 16.822382318056835], [103.86683074674983, 16.83368613032405], [103.84516844123148, 16.844570790265927], [103.83736504664284, 16.867887481653128], [103.79437924687925, 16.886200961162945], [103.78823016181013, 16.905776436537398], [103.78516235605909, 16.934827471352587], [103.78944306741347, 16.944303105087506], [103.78154598072804, 16.960717046352045], [103.75124192521976, 16.971878135124776], [103.73827488964496, 16.986954341373682], [103.72595880555777, 16.984167443251042], [103.73130974240846, 17.006083907165987], [103.70878682393534, 17.01874330827653], [103.70026992427024, 17.029097348658283], [103.66120822127579, 17.0163754995141], [103.65362328993504, 17.026181098874268], [103.65365005515186, 17.04803066841797], [103.64304182529695, 17.058259844344864], [103.62238288037445, 17.089058915217848], [103.60109512962651, 17.09289371403981], [103.58080173707516, 17.096514487253444], [103.57358691650627, 17.089500329019526], [103.55635696676337, 17.08522407641384], [103.52944176341532, 17.05629343605164], [103.51414709092764, 17.04085598589757], [103.51977445984679, 17.02255142617975], [103.51773665915177, 16.993576165330442], [103.50118447495852, 16.972694204618], [103.48790079070055, 16.93295021027556], [103.49227068771708, 16.919412400592186], [103.48630441938882, 16.901705326337645], [103.4685349043685, 16.872230631392526], [103.44495967482001, 16.843090375222186], [103.45126482569054, 16.831041873175185], [103.42410445863919, 16.799632043186378], [103.41488748543199, 16.808215802882263], [103.4264142285075, 16.819938776280715], [103.40647313437177, 16.855210283810585], [103.41397781589248, 16.863044891983506], [103.3857874373159, 16.900719807538497], [103.36467797617206, 16.908487591175913], [103.32945110045142, 16.92090172903797], [103.28829363665106, 16.925222568035764], [103.27559857895207, 16.941716787845674], [103.23716555636082, 16.956458560205906], [103.20720488976653, 16.95780522096367], [103.19726548664168, 16.94677346728012], [103.18629615545947, 16.94524394995762], [103.1753713539892, 16.94978333288082], [103.15052079832275, 16.94739766616391], [103.12119325659505, 16.958795191383633], [103.10209493028258, 16.918043393081295]]]}, "id": "0000000000000000013b", "properties": {"ADM1_NAME": "Kalasin"}}, {"type": "Feature", "geometry": {"type": "Polygon", "coordinates": [[[98.98889076923525, 16.48666555165224], [99.00021245875845, 16.451224572266884], [99.01914131125879, 16.44297975850485], [99.0224678475042, 16.397768936977215], [99.0251611533581, 16.382112983835096], [99.04038899288133, 16.380962579851285], [99.04968170047135, 16.33386556316348], [99.05579513841818, 16.306067479096967], [99.04885683195546, 16.279468969791434], [99.05794443925878, 16.246128243664618], [99.08585393228662, 16.20572436901448], [99.06789273623787, 16.16138748693289], [99.05294136041226, 16.154663164443654], [99.05735138905834, 16.13056623140556], [99.08393653357926, 16.11754559852601], [99.09911529803256, 16.098317940095924], [99.10856411509911, 16.097403812250207], [99.11521713664905, 16.057289787619474], [99.1000829102368, 16.04277093248017], [99.08837334675873, 16.030780428824656], [99.08908233148776, 15.995022901156668], [99.0930419935012, 15.972285981619862], [99.08133692491673, 15.951238959800534], [99.10325786477051, 15.92590679242997], [99.0921011360755, 15.903098556953804], [99.09504865299249, 15.888530622660525], [99.11286722989722, 15.89053276263523], [99.13860516101478, 15.906367086106647], [99.15731104530474, 15.909586478153136], [99.1771094720324, 15.92570613922396], [99.17743499814699, 15.933366907099284], [99.19528924871923, 15.928127452002213], [99.20086755562792, 15.9416875975069], [99.21000872232386, 15.934575325812332], [99.21798602167077, 15.943859171881115], [99.22502693292377, 15.93455298080009], [99.2315996641183, 15.937406875295702], [99.27281960683963, 15.90462798633491], [99.2786030799678, 15.907976789289403], [99.29643944126514, 15.889230758470443], [99.30262873109602, 15.904668122513252], [99.3167818382108, 15.903058413179325], [99.31720102335902, 15.914901742800065], [99.32585171629906, 15.917907163377297], [99.3269129619577, 15.923619264893716], [99.33761032499288, 15.909519655054892], [99.3684985432074, 15.920257114927834], [99.42017501844056, 15.9089578021664], [99.43339628194819, 15.915481486548382], [99.44738003100379, 15.90219778721625], [99.48330705040381, 15.89898279638789], [99.4888452159158, 15.919137943573128], [99.52579332400673, 15.920738698769178], [99.53662002506752, 15.917768942786045], [99.55224028923725, 15.918094473811417], [99.56782477551026, 15.904297992869273], [99.6237196830306, 15.887910848690112], [99.6498633094894, 15.871100045376043], [99.66590717214913, 15.853491063169464], [99.7132628447526, 15.87583109096628], [99.73983908997116, 15.858306816836752], [99.74783869473973, 15.854021664079236], [99.7704686688939, 15.890069007966787], [99.77798666758976, 15.899758632989931], [99.77663558461079, 15.922018473893027], [99.81376650683364, 15.922388568420935], [99.81493478726476, 15.939038872468931], [99.83270880441339, 15.955698115848207], [99.8490737264573, 15.989943977223662], [99.84839591605204, 16.015311802090075], [99.90084835185593, 16.05212166738343], [99.93866593393068, 16.055452629873436], [99.98092041794987, 16.11182904590134], [100.02791035807032, 16.154725606955598], [100.04140364991969, 16.160727510939864], [100.0328065256182, 16.18599276984906], [100.04710235637302, 16.207360869348783], [100.05741178226212, 16.228430085383156], [100.02890921743504, 16.24392102920115], [100.02880671070494, 16.29059889857818], [100.02481134659685, 16.319716754336216], [100.02951120152129, 16.33211311928396], [100.00920888801976, 16.337397127505415], [99.98648089002644, 16.380472041620962], [100.0164103450474, 16.463950864648783], [100.03560681246559, 16.511444749450632], [100.01541154358888, 16.578353606560857], [99.98586999015313, 16.575134109920953], [99.96022128110545, 16.572503202915016], [99.94460995951263, 16.58842222503728], [99.91411415771114, 16.60538912537746], [99.90615020167333, 16.65964748057357], [99.90166430138392, 16.691084067964535], [99.86422569571279, 16.68478787342691], [99.84426673734247, 16.713361788891817], [99.82923070153933, 16.720451703786757], [99.81113567821437, 16.706784618209767], [99.8060968815109, 16.691605845179122], [99.78891594390117, 16.682504779428136], [99.76783781570674, 16.684555983059436], [99.7367399851318, 16.716184352767037], [99.74302737415708, 16.734172382783257], [99.71674989890926, 16.720251075152365], [99.69882871100924, 16.71746413485795], [99.69377209290239, 16.728915166879492], [99.67382209072588, 16.73037326085028], [99.6192873217215, 16.764810843004167], [99.57804064640045, 16.829409908472602], [99.58411393249801, 16.846336670284], [99.55558009788759, 16.85933491663428], [99.52325607183924, 16.86455651684824], [99.48891654120187, 16.90843402881743], [99.46856520979856, 16.889375831598727], [99.45852779132605, 16.875820172092514], [99.44323754914205, 16.882825474047777], [99.42011265023471, 16.870415758471584], [99.38410987099151, 16.86018212260644], [99.38165286659903, 16.83843955339826], [99.38999137902933, 16.815559929379326], [99.37384054347355, 16.79969893380314], [99.33016813868004, 16.80770294884122], [99.29557886550829, 16.77990044136248], [99.30782357328499, 16.757301774592786], [99.29956080769564, 16.72016191182484], [99.2840431576705, 16.69609613449009], [99.28246465413706, 16.685340789001], [99.27319415693256, 16.668699380842966], [99.25272239217722, 16.659317505675638], [99.25084066149411, 16.61316135550969], [99.25946009457279, 16.563656396512542], [99.23963050682961, 16.531475047687337], [99.20379718995329, 16.53037362872971], [99.1990526979153, 16.53578253661764], [99.1731943909849, 16.516144639444693], [99.17170498516155, 16.510985465078832], [99.17777835232296, 16.509264236657373], [99.14200737982472, 16.49392495163406], [99.12350660597589, 16.473087545051513], [99.10488096825945, 16.475767486621674], [99.08244271444441, 16.47262832203495], [99.04910203944243, 16.477475289025595], [99.0415483604882, 16.475401890071588], [99.035024629306, 16.473158906818853], [99.01851710064453, 16.481096089461843], [99.00142535839714, 16.498968228463095], [98.98889076923525, 16.48666555165224]]]}, "id": "0000000000000000013c", "properties": {"ADM1_NAME": "Kampaeng Phet"}}, {"type": "Feature", "geometry": {"type": "Polygon", "coordinates": [[[98.18680552107602, 15.118341346210332], [98.18635515276416, 15.093392703367352], [98.1975430374492, 15.07418730939589], [98.21084902819585, 15.072978917600349], [98.23504412030277, 15.040770831830953], [98.21054576393479, 15.016125344443095], [98.20737095012724, 14.983462435021327], [98.23247119872306, 14.966678359385009], [98.22854272213006, 14.94490463041021], [98.24248632019071, 14.934800287102467], [98.25031650642177, 14.915871355544873], [98.23247119872306, 14.882000032527225], [98.25832951713431, 14.861434644145193], [98.2540978037006, 14.836637645190317], [98.24517519491911, 14.831344638960115], [98.25816004691598, 14.811662210745702], [98.2781368376745, 14.798984992079683], [98.28161491781569, 14.773429869840793], [98.29325769758076, 14.767231737590121], [98.30732170630951, 14.731090722619136], [98.33143202346965, 14.708572204371166], [98.36402802871842, 14.689509572900068], [98.3650848503527, 14.673630758953188], [98.40681757429712, 14.634466434616268], [98.43857084379572, 14.605736424180257], [98.45883301148372, 14.570505100681581], [98.4586858527269, 14.549034562110686], [98.46322078520646, 14.531345233529438], [98.48922621105858, 14.54117311827229], [98.50238506471685, 14.496109440196237], [98.53640795442632, 14.443037228787244], [98.55304044053142, 14.428068040001419], [98.54925907209498, 14.423078252790459], [98.55696892889146, 14.417633694615429], [98.55545730299495, 14.404176158638428], [98.56353711952245, 14.39194041523301], [98.56055403765842, 14.38616143842529], [98.57602713568318, 14.380012283328178], [98.57951412767376, 14.36982769733554], [98.59522354755357, 14.371812039460693], [98.5931723763127, 14.329504091258908], [98.61210571358984, 14.313821440290505], [98.6386997353735, 14.30695440164691], [98.67536698262366, 14.281974521788372], [98.67369031951762, 14.276944668043638], [98.70108707099985, 14.274148765134616], [98.71618559512687, 14.27880854737823], [98.7318414582022, 14.248986061309646], [98.73463733305358, 14.234449403332917], [98.77228549187815, 14.209099370267168], [98.77787724785756, 14.198477810244524], [98.81459345237694, 14.174808918788072], [98.83360259622013, 14.17257041542836], [98.87050615217485, 14.140514001871244], [98.88057034784958, 14.124483495724311], [98.89902208983894, 14.109759601750737], [98.93015106536335, 14.103949353591954], [98.9497175834786, 14.094478181379543], [98.95549656308826, 14.098950664968154], [98.96667998288689, 14.083107471534202], [98.96910131450922, 14.03688447593021], [98.99799180817965, 14.021973200989613], [99.00190688168456, 14.005759953135454], [99.01942673136922, 13.946119508725024], [99.04290831540872, 13.941829806525929], [99.06508796299963, 13.917228952653222], [99.07664592888388, 13.892815352868821], [99.10254883830395, 13.893930111787828], [99.10944708942183, 13.86839731564356], [99.09882098217017, 13.840813354296175], [99.11540885683874, 13.823480846372085], [99.12211986009339, 13.804841785327842], [99.11578343433717, 13.796828743182296], [99.12193251404808, 13.772223402510663], [99.13945232429278, 13.756754808414744], [99.1433674464548, 13.742775569396946], [99.15175502055928, 13.744269329258081], [99.16380796353987, 13.733875214583614], [99.17904473700038, 13.734013439037993], [99.20337800019784, 13.72488115387443], [99.22289993673924, 13.741192601714987], [99.27590978147217, 13.7459593258312], [99.28907750240883, 13.757459375362293], [99.30348041198133, 13.741870332055814], [99.31806165879121, 13.747560192367166], [99.36208188001032, 13.74801050362061], [99.46552853891988, 13.787977424897667], [99.47898171646166, 13.801069329283921], [99.50322584034492, 13.767068740343104], [99.54980560405156, 13.75679942777424], [99.58999550139147, 13.794086395066543], [99.64037887409815, 13.805416967303177], [99.67516872852973, 13.82811825629446], [99.80907558172693, 13.812176957895998], [99.8208163624889, 13.844064061125124], [99.8268807374349, 13.852866283076166], [99.82349185161776, 13.86222589917137], [99.845457323323, 13.878122675445299], [99.86716425031682, 13.944358091344128], [99.88140659891458, 13.945000197059334], [99.86304404927385, 13.963050694401861], [99.84851626576132, 13.994045920936403], [99.83472433625836, 13.994384743313734], [99.85113376470906, 14.031426557232892], [99.85780908537973, 14.04399223535217], [99.83188831567811, 14.057873424168786], [99.81079232534643, 14.065444975028422], [99.80845572359812, 14.079152251788004], [99.78879559302746, 14.095120351384153], [99.77530681934704, 14.095071284369318], [99.77468695158042, 14.110080627830808], [99.81031965338768, 14.112929990302494], [99.82491877934694, 14.129259169678397], [99.77996652459089, 14.162443848498915], [99.76133638288756, 14.1682183357115], [99.80979794645528, 14.20795343671044], [99.81169306554098, 14.223413163941284], [99.82101253833747, 14.220742159794934], [99.82319749432688, 14.268592774223503], [99.82273820701842, 14.309768062753754], [99.81789566050713, 14.341976148094709], [99.82354089707343, 14.404024557646643], [99.82061124681644, 14.447919928673612], [99.84166716286688, 14.48029745458822], [99.83319037152447, 14.502396753533008], [99.82210505192135, 14.523144997217969], [99.81644645790962, 14.543585491430004], [99.82359888314326, 14.573572957817438], [99.80307810488381, 14.588073945277937], [99.81837280185887, 14.610449696223778], [99.83488486210977, 14.61949274789907], [99.79692008425134, 14.702467721937392], [99.78801518897843, 14.739745793506495], [99.76193837014178, 14.746594967250832], [99.73239242973631, 14.75522335490738], [99.69857899751123, 14.764244121701896], [99.68104580547667, 14.795819019316605], [99.64683565446798, 14.799350655174683], [99.61773109432868, 14.77859353559574], [99.57442427484197, 14.782432787607704], [99.55110764167421, 14.797321694694471], [99.54960046772194, 14.774691745731982], [99.54621150543733, 14.75801470965763], [99.53953625367765, 14.726685096309918], [99.51036932864606, 14.697955149557817], [99.46299135317206, 14.69526631681562], [99.4564720974634, 14.75481315586805], [99.44649709781842, 14.766723348131029], [99.42141018983392, 14.77476313108018], [99.37870096752366, 14.761573138368657], [99.347687906319, 14.783841906097066], [99.3249420760789, 14.80706932204545], [99.30810003721466, 14.814061224281712], [99.2817378033091, 14.855557560156784], [99.31999243004263, 14.890543685720163], [99.3202153607737, 14.922435217019876], [99.3137809147807, 14.929814963873806], [99.31620219325666, 14.95912018255115], [99.29781286156057, 14.98220051380478], [99.28463619362621, 14.990231321113813], [99.25765863384814, 14.98657931170473], [99.23520704426052, 15.009418833128668], [99.20198235068588, 15.01641964233342], [99.19037524387304, 15.022648994030275], [99.16911873944342, 15.017900091248709], [99.14586452308347, 15.037475535118672], [99.14903048704527, 15.045635693925975], [99.12851859494161, 15.051414703936505], [99.11643897029424, 15.041635832307442], [99.08635782568075, 15.0358880952998], [99.02974065827634, 15.048244269037058], [99.00517098221549, 15.072934341737387], [99.00948291409135, 15.092514185256059], [99.00095268949617, 15.106333009572912], [99.00263819236235, 15.160840990478807], [98.96894078891435, 15.210078445511536], [98.95658905238328, 15.247026521432486], [98.92459948559669, 15.251775439040983], [98.91457543178797, 15.265986665264226], [98.88967138214024, 15.276082015562942], [98.88857443751601, 15.303452029339422], [98.85279905744397, 15.338861728613304], [98.82488954711707, 15.36263764850752], [98.78357146349028, 15.422157707066528], [98.76213211436256, 15.441795577003258], [98.75895723576387, 15.471542240965249], [98.70622839431687, 15.500802893715697], [98.70997404589836, 15.506011073549391], [98.72364117484283, 15.503192928149373], [98.72245056534888, 15.519740698463224], [98.66031744780035, 15.608597219620371], [98.64491130013143, 15.632814575619454], [98.6284036774326, 15.62482390335903], [98.62595563573865, 15.63553459326701], [98.59488467280734, 15.642566646730602], [98.58304571807098, 15.654253922676226], [98.56168219343398, 15.64738244050041], [98.55288882345224, 15.601458197691901], [98.5890253387222, 15.455386980918703], [98.58237235475907, 15.37358474473998], [98.56468317452997, 15.336841738024676], [98.55016429362803, 15.335026908689029], [98.54850102757455, 15.359823977161048], [98.51633308168982, 15.372394171601886], [98.50480189970465, 15.38537908460247], [98.48877584812438, 15.38628428577428], [98.46957051881884, 15.374641543863754], [98.43766562279829, 15.361638815587101], [98.41679702233162, 15.36435888468609], [98.40757561492897, 15.35392899561083], [98.40666600055297, 15.327009464349553], [98.41362214657053, 15.327919120002488], [98.40984083201752, 15.32172090327567], [98.40182784781399, 15.32277769265692], [98.40048570070005, 15.301449836339048], [98.41664542836314, 15.289963219441674], [98.41619508230893, 15.263806143997078], [98.40077100740774, 15.253826644103926], [98.37277683330846, 15.283591132965695], [98.29810023639686, 15.313253113938135], [98.3000622493036, 15.30297037563582], [98.29356088465215, 15.297374260678886], [98.3042984332547, 15.277718478126689], [98.27950132787626, 15.268947434627407], [98.26180758280205, 15.237492989054958], [98.23610093863812, 15.237796190078251], [98.2274814226897, 15.222073438998233], [98.21523678059987, 15.23945946631635], [98.19739147435165, 15.234019302031486], [98.21236061272393, 15.176256154909273], [98.18846882195531, 15.14389647605924], [98.18680552107602, 15.118341346210332]]]}, "id": "0000000000000000013d", "properties": {"ADM1_NAME": "Kanchanaburi"}}, {"type": "Feature", "geometry": {"type": "Polygon", "coordinates": [[[102.93406706187723, 15.794546140746013], [102.932470734594, 15.812248781480736], [102.92571966796021, 15.826821108897803], [102.92263844003497, 15.872094360878172], [102.8941046521962, 15.93270249834439], [102.90743290586825, 15.984075829334628], [102.89093863042149, 16.012306370821914], [102.89493403571197, 16.024613522972494], [102.85981863372075, 16.04455008991682], [102.86273041272348, 16.05815926478382], [102.85321016319567, 16.07239720392255], [102.8707433504235, 16.127248584291767], [102.85135072186536, 16.215931213884087], [102.8542803754523, 16.275741125862062], [102.89988806662689, 16.315997891385216], [102.9031387968851, 16.336433959874665], [102.91722953198436, 16.36268468405348], [102.92794922497406, 16.362747082901564], [102.92473418284791, 16.37341328707558], [102.93824975925654, 16.373877045750945], [102.94163416051545, 16.382723870854484], [102.95803919319754, 16.39782683862824], [102.94927262304083, 16.40113105037785], [102.95913616831031, 16.423279382726236], [102.95480191404708, 16.42103206832803], [102.9548420599588, 16.443813605759498], [103.02401609583153, 16.473725183671217], [103.03903875316826, 16.493969587418952], [103.04433617925972, 16.486598648698646], [103.0873932627465, 16.513058934787626], [103.0956337334844, 16.52776504318849], [103.12194238126153, 16.575143063139745], [103.12664228348524, 16.59207421821343], [103.1539364259697, 16.607351149847265], [103.15703555229818, 16.662880279399616], [103.15802546588608, 16.67846041958233], [103.14900909706712, 16.701268664832444], [103.15975110215682, 16.732923869082164], [103.1485230618911, 16.746385883620544], [103.17983935879184, 16.781403185246756], [103.18409779347124, 16.82094654561537], [103.17414061054306, 16.854064227324425], [103.16993566980247, 16.860690513279458], [103.14213764849215, 16.864618981957694], [103.14783642167619, 16.840459537436118], [103.12443503925068, 16.814859875753847], [103.109282996991, 16.821931992790667], [103.10833762843804, 16.84383065295522], [103.11813434877244, 16.850514812480363], [103.11655575190265, 16.86265697881866], [103.12666453998499, 16.89201118463481], [103.1013279840216, 16.912282284836028], [103.08773659000265, 16.894998803988866], [103.0673362284912, 16.891765952652726], [102.98353635537238, 16.85027843175069], [102.93943140349486, 16.835616986517415], [102.88934226158403, 16.868302146976983], [102.86392992270868, 16.87802747995346], [102.82563065296162, 16.863575471584294], [102.81401023052892, 16.90718106349393], [102.82023517126323, 16.93855081912608], [102.81074622226599, 16.95670385033248], [102.82732954287546, 16.97174434781699], [102.80116354287975, 16.993656372174883], [102.78937375202598, 17.011287661832302], [102.73452680201986, 17.04432959665084], [102.71833130917527, 17.05853633249126], [102.71012652796685, 17.08465771246669], [102.7036876306754, 17.078388222209544], [102.68263171124401, 17.037997733853334], [102.6775305050255, 16.99573884167351], [102.68302857066455, 16.95612417202482], [102.61872834544972, 16.81047207178656], [102.62003486711657, 16.772212981254285], [102.61772956490466, 16.760521226428956], [102.50232803462558, 16.799293074089967], [102.49063177749434, 16.796961046186915], [102.48153076385275, 16.802200457630857], [102.47032952498228, 16.79961412703687], [102.45812937235354, 16.80137102649354], [102.45272941890535, 16.7825224490211], [102.44522923417846, 16.78996022348499], [102.42712973876121, 16.78933152003793], [102.42063284868135, 16.797170548039713], [102.4068319344006, 16.814739395257057], [102.39353041536695, 16.808661662658373], [102.38153093946298, 16.812888906633788], [102.3816290197817, 16.80833167390682], [102.36002920005124, 16.81997000544301], [102.35762566970429, 16.824620845109443], [102.35212765973039, 16.816621168876686], [102.34293301284208, 16.826890531475033], [102.32983215204179, 16.845458152489783], [102.3350314538237, 16.846465956783625], [102.33193241230592, 16.853239310236702], [102.32412896081894, 16.85170535664567], [102.32642980883615, 16.865506350397915], [102.31012734636658, 16.872087934886924], [102.3054274818596, 16.883066226497412], [102.29662965812842, 16.884127540041728], [102.29712466796529, 16.88916626251374], [102.2545313081141, 16.88753424405848], [102.24683490755677, 16.874317516546903], [102.23393470187624, 16.874027628246736], [102.2127316430064, 16.85921897011124], [102.19013299860963, 16.857346176882753], [102.1815357733534, 16.86644715943706], [102.16603154205221, 16.869238603554088], [102.15512900594736, 16.879476671834503], [102.14102935298399, 16.877238175117167], [102.10413473281736, 16.893415855780482], [102.10273008713567, 16.88140750451748], [102.06822112116531, 16.883935799332836], [102.06002083085374, 16.86800786566068], [102.04842269550076, 16.86122109712373], [102.03282035633957, 16.86107838884477], [102.01422139927992, 16.86817729093157], [102.00512039994543, 16.855277155379756], [101.99792344991864, 16.840570986397186], [101.98282487839991, 16.83906825184195], [101.9640208531424, 16.849721065125284], [101.94612207319415, 16.84883816333652], [101.95101809607844, 16.83742731861461], [101.89192165162096, 16.809250247896024], [101.87112441775625, 16.793821819638683], [101.78972800293278, 16.75556275209628], [101.78101939174435, 16.735483361489447], [101.79122174776019, 16.72065684917839], [101.77732276894572, 16.69429912280048], [101.7636244150751, 16.6752275101092], [101.75482210660533, 16.67230683917496], [101.75781861881791, 16.64925770464817], [101.77742082691535, 16.645868787540437], [101.78122003524982, 16.62987852463271], [101.82242656969603, 16.650889763269493], [101.85612397747333, 16.65358754472677], [101.87821886034743, 16.641258104577656], [101.90532123407803, 16.636330797528796], [101.91012373317395, 16.62656087920173], [101.91952351266728, 16.627978900212806], [101.9509200515233, 16.629552943802985], [101.98282487839991, 16.59853102627942], [101.98752476606273, 16.582460430757862], [101.99232276729637, 16.581590873957115], [101.99472180462733, 16.577430581898884], [101.99352223572042, 16.566064255860347], [102.02702346244968, 16.55683391453841], [102.03962495375873, 16.51506552842437], [102.07102143242544, 16.501086280421564], [102.07163232393381, 16.494228211022516], [102.14043630258145, 16.495820072461548], [102.14582734397815, 16.501946854800572], [102.17593513716795, 16.491717733360158], [102.1863337907324, 16.503904407503477], [102.20033095573383, 16.499525586642125], [102.22033000216007, 16.49173997270958], [102.24503345057902, 16.472677361029998], [102.26093457001272, 16.458310138851175], [102.29102904623298, 16.452459768709364], [102.29992496087405, 16.444629603171006], [102.32172995735745, 16.451527832426212], [102.32672862373987, 16.44392059752096], [102.3640289927399, 16.448031916652578], [102.3756315916879, 16.434574332768776], [102.40142743215081, 16.44712220399603], [102.39793601631442, 16.461690105844962], [102.40643506675522, 16.459019075617636], [102.41843448084781, 16.42093395578069], [102.46063091673024, 16.3905719382824], [102.42931472038424, 16.31097247772067], [102.41652594047214, 16.25772195377473], [102.38803231091401, 16.21085226746846], [102.30403179999566, 16.099789437557305], [102.2815311243219, 16.071772909772253], [102.30903046065474, 16.036461301952222], [102.33083539995764, 16.02918405583615], [102.3445292959131, 16.03202455272896], [102.36222747771362, 16.00003492099164], [102.38832665653263, 15.992824587762803], [102.3853300844766, 15.976156421237514], [102.37213118549772, 15.957909778969638], [102.37792798933768, 15.945718641935047], [102.36443480083425, 15.924256987021202], [102.34092639659818, 15.870560469974297], [102.32502967068926, 15.856331464967463], [102.33052774912234, 15.81120537830788], [102.3421348361403, 15.785859814943937], [102.36612919438178, 15.763836314563797], [102.36533548503105, 15.729077627802774], [102.38982934354883, 15.722580770989227], [102.4213328550453, 15.692660209480344], [102.46893381084072, 15.714268977031754], [102.51872861233268, 15.72441343684107], [102.556425856961, 15.702880425414994], [102.59863123129175, 15.708030713326881], [102.61892903112546, 15.722870579002352], [102.6570275793058, 15.711160974624931], [102.67793181684198, 15.719227475417513], [102.70023181146084, 15.717439436410475], [102.70002669032658, 15.688312536372154], [102.72553275155946, 15.662436354133566], [102.75003102628315, 15.664723943547344], [102.79813588611619, 15.63384465390128], [102.84073811096349, 15.63337644465706], [102.8717333079523, 15.651404578724271], [102.88044189888682, 15.709060748903193], [102.88503923076993, 15.771069020038972], [102.90903373055552, 15.789984507425567], [102.93406706187723, 15.794546140746013]]]}, "id": "0000000000000000013e", "properties": {"ADM1_NAME": "Khon Kaen"}}, {"type": "Feature", "geometry": {"type": "MultiPolygon", "coordinates": [[[[98.76208311781211, 7.676159663010811], [98.76613640577442, 7.67941923111077], [98.76181998249572, 7.6816710834485615], [98.76744737410286, 7.690290571516339], [98.76961004138165, 7.685880445985894], [98.76761681489445, 7.672485320439429], [98.76208311781211, 7.676159663010811]]], [[[98.76947177880857, 7.739291574481243], [98.7711172455465, 7.717446439601642], [98.759099933578, 7.727323370698604], [98.75856931418157, 7.745222205232928], [98.76947177880857, 7.739291574481243]]], [[[98.77431439417573, 7.743077398320001], [98.76005865458728, 7.760762128252142], [98.76493244913397, 7.765707324235165], [98.76299271064178, 7.770911101572307], [98.77325311814997, 7.763772068625894], [98.79164695921648, 7.726596557630783], [98.76947177880857, 7.739291574481243], [98.77431439417573, 7.743077398320001]]], [[[98.99149493261706, 7.842800688488384], [98.99356839565247, 7.822119400284703], [98.98457439932379, 7.815194411052988], [98.99221729637524, 7.7894341699005745], [98.9858987341258, 7.7824556545245445], [98.96061564720081, 7.818280084133721], [98.93602816532305, 7.8417974315329575], [98.94327422106458, 7.85131758793612], [98.94756827709561, 7.853408947940654], [98.97020713829993, 7.851817018432424], [98.9796025057648, 7.828995305786004], [98.99149493261706, 7.842800688488384]]], [[[98.98972015425093, 7.854412199469033], [98.96905227200929, 7.925164791674354], [98.97527273947681, 7.926261712227029], [98.99316708413149, 7.920036764905637], [98.99851352015517, 7.901397742928979], [98.99179365493755, 7.876185974654357], [98.98972015425093, 7.854412199469033]]], [[[99.00208526185487, 7.922030032673354], [99.01233226012329, 7.906231449242989], [99.00610296883008, 7.902811288828766], [98.99316708413149, 7.920036764905637], [99.00208526185487, 7.922030032673354]]], [[[98.84427323714091, 8.005820986474356], [98.8435776432899, 8.001277133395932], [98.839274572763, 8.004764176902212], [98.84427323714091, 8.005820986474356]]], [[[98.62764115184068, 8.259713273719376], [98.62498801816781, 8.2634767987774], [98.62778385739276, 8.26836389490582], [98.63273349743314, 8.267369541050472], [98.63411577254955, 8.261131293936206], [98.64014899376893, 8.256266426349782], [98.62764115184068, 8.259713273719376]]], [[[98.62499246444901, 8.28087619675951], [98.62041301607262, 8.285098963207169], [98.6265174703011, 8.285799039625799], [98.62499246444901, 8.28087619675951]]], [[[98.5788096067316, 8.28703416608296], [98.58694297471338, 8.29098938915319], [98.59942400900843, 8.286414394773917], [98.58005809642806, 8.28020284861335], [98.5788096067316, 8.28703416608296]]], [[[99.05411854195069, 7.203851654208509], [99.06238570775523, 7.21124035222609], [99.06949351946983, 7.205733419616752], [99.0558754472233, 7.198349120468612], [99.05411854195069, 7.203851654208509]]], [[[99.06528858992367, 7.216600212982271], [99.07718545698106, 7.226156070315328], [99.08849816339577, 7.221665767772598], [99.08269688618725, 7.2168856297571], [99.06528858992367, 7.216600212982271]]], [[[99.2038685200403, 7.427511263149595], [99.21585904217636, 7.400315195764834], [99.20236578425855, 7.402732052039724], [99.19820549663007, 7.418213982719465], [99.2038685200403, 7.427511263149595]]], [[[99.10726212566838, 7.684832614548817], [99.13023982098598, 7.647327112268941], [99.11732625290617, 7.62472835808552], [99.1237830293112, 7.607944273635954], [99.12206633260705, 7.59932040226096], [99.1194934251531, 7.586892899099473], [99.11358960189966, 7.599494318907179], [99.09204762873027, 7.603708199556488], [99.0843779674794, 7.596145529755056], [99.07596363443841, 7.566389966176864], [99.11094529803931, 7.493505924954259], [99.09815664428062, 7.46789283026386], [99.08025781606926, 7.485715897969686], [99.04364852394637, 7.548914728061603], [99.03160007730338, 7.593666267007345], [99.02727024278609, 7.621495503164845], [99.03224218533857, 7.626467392963271], [99.02744868018206, 7.641191399383951], [99.03910026427172, 7.655014567373166], [99.0386008875687, 7.682157152932693], [99.04787137036332, 7.686197073901372], [99.08972448249024, 7.679700183589669], [99.10726212566838, 7.684832614548817]]], [[[99.14520460761105, 7.583481721005996], [99.1423552270164, 7.593817885576055], [99.14852662023846, 7.589376593794662], [99.14520460761105, 7.583481721005996]]], [[[99.15207157548886, 7.612002116188263], [99.14924010873247, 7.607806082148641], [99.1472468668544, 7.616545955867217], [99.15207157548886, 7.612002116188263]]], [[[99.12166057178716, 7.699315781112972], [99.11623829889577, 7.700327943641054], [99.11460626904966, 7.7142760357249935], [99.12166057178716, 7.699315781112972]]], [[[99.01882477860944, 7.836121003811307], [99.01218066787608, 7.843197584283255], [99.01040593043213, 7.8484816206502], [99.0050371918237, 7.880020784730128], [99.01573009365613, 7.883708459816664], [99.03844030501784, 7.864574535828579], [99.03306713398199, 7.843795047823841], [99.01882477860944, 7.836121003811307]]], [[[99.05533589508927, 7.885590217951097], [99.04537871244551, 7.883445434913566], [99.05299931225849, 7.890156329965494], [99.05533589508927, 7.885590217951097]]], [[[98.63438778374773, 8.369228829719205], [98.64948189639668, 8.374847231546477], [98.66420581354305, 8.39003941449901], [98.64994563426636, 8.411781981125197], [98.65984483434362, 8.429511409912712], [98.66906178488192, 8.45619018556114], [98.65379377685535, 8.47889149875472], [98.65760635979682, 8.4828912894896], [98.65395432314904, 8.552662819484969], [98.68157850258976, 8.572523703709106], [98.70556847309616, 8.588326759741836], [98.70649595879873, 8.62387915575681], [98.7243591278218, 8.63111623445017], [98.74527669871287, 8.665553908088087], [98.75644678902667, 8.678106273480756], [98.78475763601874, 8.65825433336726], [98.84229340223197, 8.654120767134922], [98.85884999955866, 8.631695978573926], [98.88741950977385, 8.615473771349562], [98.92514791368527, 8.569174881462216], [98.89367560059193, 8.535660252685041], [98.8776183792297, 8.51523762427052], [98.90186255300873, 8.475431178674393], [98.89047842198457, 8.4439142972642], [98.88266613486881, 8.429805674188078], [98.88764241286592, 8.410457670586228], [98.8919053884913, 8.35153509527284], [98.9100048087914, 8.318493115653355], [98.92471099001412, 8.328766878469654], [98.9806994592347, 8.333020927668546], [98.99609221227094, 8.385651661448103], [99.04817005258465, 8.354197187238464], [99.11524389809217, 8.365643666105322], [99.18934519323143, 8.337702969317803], [99.26708069753978, 8.298730373420053], [99.30059091032577, 8.307902779819447], [99.32903100857031, 8.292501077433714], [99.33759246299995, 8.26343666298088], [99.31716979386408, 8.236744448107256], [99.32219078732221, 8.213485791938467], [99.31323243455141, 8.190347478421323], [99.30924152924668, 8.173215596350644], [99.29223454369803, 8.157862920931581], [99.30065775660243, 8.12457572812858], [99.34468694491187, 8.128357051976323], [99.38417670105017, 8.110328962694872], [99.40373882144853, 8.066915127715546], [99.40126843582081, 8.041819281184582], [99.41881504638594, 7.999127887928536], [99.40076460794639, 7.979057478378862], [99.4008716086301, 7.946902895893074], [99.37763972602544, 7.944811547131766], [99.3613594833377, 7.940865271601637], [99.34522200639951, 7.934756260072105], [99.31707170455276, 7.9142399860757315], [99.30895169080894, 7.882749795061742], [99.32189201579124, 7.881149000191391], [99.31275978482883, 7.871838369728347], [99.28653131519319, 7.848753570223646], [99.293371582427, 7.817401705397784], [99.3013533842218, 7.795725946557931], [99.29087001672018, 7.764226920392361], [99.31054805758784, 7.740397409748747], [99.30785479919138, 7.690767684333921], [99.2676158404713, 7.661640834894394], [99.25637443782531, 7.659883925663171], [99.24381762298371, 7.6773056324599285], [99.22977143291861, 7.6740192684874975], [99.22075068018508, 7.677274401205916], [99.20690517821478, 7.6752142886262265], [99.19644858594098, 7.670866655184523], [99.20682040716036, 7.688457818295225], [99.19663585270885, 7.692114287811808], [99.19062502680443, 7.700631207456072], [99.17714512523052, 7.7056298463514254], [99.16101654285556, 7.735813457603729], [99.12542402760576, 7.743879972335062], [99.13452054461479, 7.78365071992817], [99.122695071765, 7.76777184342155], [99.10817176023798, 7.7181019621955915], [99.09643096154494, 7.691400839195876], [99.0443040562378, 7.700470634139211], [99.02338190847075, 7.74939591447463], [99.02569619951262, 7.771397125232832], [99.02256144551279, 7.7805917996509795], [99.02916544388037, 7.793786277147286], [99.0180265384719, 7.823515075756881], [99.03916267603832, 7.83173768647743], [99.04780886739182, 7.852713324945245], [99.07710968318631, 7.84316633126186], [99.06845009166994, 7.855500265430801], [99.06760283871198, 7.876279598821234], [99.06210477297549, 7.876480255452256], [99.06362090456159, 7.902980732486635], [99.07560696367625, 7.933182219564183], [99.06965846786926, 7.933235762432308], [99.05738707317701, 7.90954454803772], [99.02657462749603, 7.889340345824572], [99.0207778743991, 7.914601131814225], [99.00721774211158, 7.929213664751456], [98.99257401333298, 7.940807283185449], [98.97507208787863, 7.936981368943212], [98.94200333534486, 7.989442685949115], [98.95765922974317, 7.998900470644868], [98.93465025807095, 8.022975179961303], [98.90260270011635, 8.03951397766328], [98.88226033951403, 8.020674216258755], [98.8674605615963, 8.027991666395419], [98.85066755691442, 8.01612594772961], [98.84367128056155, 8.011938836574421], [98.839274572763, 8.004764176902212], [98.83543979182352, 8.01525197075558], [98.82577691536275, 8.017423551528214], [98.82907658425874, 8.022391000050451], [98.81626561283134, 8.034800656136865], [98.81481639941617, 8.039134923262122], [98.80666516230968, 8.043964097692347], [98.77600888527641, 8.042434657301566], [98.7690838884725, 8.020674209976274], [98.76429480095504, 8.028397450465839], [98.75565752742347, 8.050643846992193], [98.73985449847109, 8.076814321221873], [98.74658327962788, 8.109205278956745], [98.75687041541062, 8.129440612465814], [98.74666352374317, 8.141292921808672], [98.73651460824614, 8.133765933414837], [98.74000606686704, 8.151303616106093], [98.74883955751085, 8.17826783705162], [98.74276627694887, 8.210899517082298], [98.74731455447895, 8.214890433380523], [98.74086221545389, 8.216330681956569], [98.73973855389046, 8.235799086032827], [98.72656191689063, 8.24731697324085], [98.71625245282856, 8.22015215394788], [98.71059831091416, 8.222189919211798], [98.71997582981146, 8.257733467221582], [98.71331387652872, 8.271222239397593], [98.70745461320227, 8.285669692873805], [98.71068305278229, 8.314818812309591], [98.69271734798535, 8.306154829519143], [98.64942390838104, 8.273072738323798], [98.64337292037209, 8.285567184340254], [98.63567200516626, 8.284015412807445], [98.63392850321955, 8.277036847655324], [98.6265174703011, 8.285799039625799], [98.63005359110639, 8.298757189836802], [98.62583969547951, 8.311358572673935], [98.63719705664795, 8.329738973355393], [98.63432091353914, 8.347392548281247], [98.63891378286468, 8.351035661911443], [98.63438778374773, 8.369228829719205]]]]}, "id": "0000000000000000013f", "properties": {"ADM1_NAME": "Krabi"}}, {"type": "Feature", "geometry": {"type": "Polygon", "coordinates": [[[99.33770843904277, 18.57289610664787], [99.32192324709825, 18.51930664292615], [99.322694638793, 18.49813031023462], [99.2936078928692, 18.48795021934081], [99.28204996260817, 18.496088095505737], [99.24932013805528, 18.478719851138035], [99.2277603841698, 18.433562587949833], [99.1982723428113, 18.41061603791309], [99.18553268421202, 18.380677610132448], [99.16972520801866, 18.365926933107488], [99.16480237678275, 18.33743768663079], [99.15410049593802, 18.312266074240206], [99.1296021566645, 18.310228302605214], [99.11650135834968, 18.28719703442473], [99.11778112625503, 18.26834840593809], [99.1067270364592, 18.26479901228718], [99.09258270380008, 18.27766344795923], [99.07534834251298, 18.267122135834644], [99.03227785815983, 18.26149029602959], [99.02155371277446, 18.247341566190137], [99.04689924807431, 18.18955610010132], [99.05822088821307, 18.169993997239384], [99.05567028875646, 18.156188602214318], [99.0666129259408, 18.122896971388098], [99.07684211282483, 18.051765392531003], [99.10626775230732, 17.97811889889369], [99.10624538326987, 17.946329969416585], [99.12032282521649, 17.94114846019784], [99.11588153222804, 17.909359578380823], [99.14954330948451, 17.907812269392963], [99.15705688936957, 17.891349229819845], [99.18890377113932, 17.85323289831479], [99.17957084717426, 17.844212061395], [99.16661274399807, 17.840484291833846], [99.17952184367222, 17.80752263901935], [99.14733157503532, 17.81239644289149], [99.11512798818401, 17.812525737058174], [99.12230712214968, 17.784874852498344], [99.1304939762183, 17.766235832206664], [99.11788817551931, 17.76248570330891], [99.10756533603903, 17.737907105841675], [99.08931871739594, 17.73012156639037], [99.0894033641449, 17.697797480099734], [99.06812458752317, 17.68021973091394], [99.06362090456159, 17.625408489973996], [99.05130042126041, 17.60881612594424], [99.01864636065777, 17.61906766055952], [98.99545461242424, 17.633996733757364], [98.94512915977855, 17.643244912312017], [98.91689419025481, 17.641884886552052], [98.9077530245901, 17.64591587477435], [98.88247885091789, 17.61196432035445], [98.90239760348132, 17.58170478265747], [98.91088775691958, 17.568898250403507], [98.91494552245918, 17.533671396554585], [98.92727049791645, 17.522104444836888], [98.9354618887565, 17.475792251186473], [98.94452718440328, 17.46541596378793], [98.96041941427723, 17.467855025747866], [98.98695557144453, 17.45959236418487], [99.01902984170503, 17.41017661451364], [99.03823966162611, 17.400705458064422], [99.05680288483633, 17.383439781122053], [99.08436016155304, 17.370628788888013], [99.1032846222023, 17.3632490050999], [99.11511009096628, 17.35633736248475], [99.12007756707358, 17.365688169513753], [99.15181743617343, 17.34737018213558], [99.17249429077211, 17.331477868676554], [99.21301856437383, 17.37508787277639], [99.22862987677384, 17.400576133331437], [99.27364449903854, 17.396215144821586], [99.27570913478142, 17.366249967165757], [99.2857420776768, 17.319202017199192], [99.30312366110725, 17.28042566638845], [99.31474857122069, 17.266134196167346], [99.3449098585514, 17.261363044117253], [99.37351058579091, 17.221846408592118], [99.37844679342636, 17.20711360976047], [99.39720172586385, 17.202868487633495], [99.40282467097153, 17.213271569540936], [99.42184279232747, 17.214136644622464], [99.4375209781768, 17.22620742060942], [99.44490968980706, 17.229707856361994], [99.44731764217309, 17.247735989874553], [99.45905393104093, 17.250179616111136], [99.46006171076162, 17.30119167441286], [99.48154568231536, 17.328410047116304], [99.46846710870281, 17.364970222963084], [99.43231272109671, 17.393325679094154], [99.43843059872961, 17.414787325471067], [99.4465996654158, 17.428458936196257], [99.4201572231596, 17.443833843035794], [99.4115912766655, 17.47074455304385], [99.42475005878887, 17.494649748393044], [99.42925823267781, 17.516138198523162], [99.44290307422528, 17.52444998491698], [99.43306633891224, 17.56301671785296], [99.41889978446939, 17.56787712900755], [99.4300697912447, 17.604883231431167], [99.44520399414603, 17.605115121842477], [99.45621352857923, 17.593316357617642], [99.45617783765923, 17.607166257997832], [99.45496944208739, 17.64814093086878], [99.47845553453047, 17.670561369148523], [99.47767071984183, 17.73000116858027], [99.46596552775812, 17.72848951316813], [99.45033194131874, 17.70410711404598], [99.41815951552566, 17.706871823828706], [99.39292106714261, 17.737068832150886], [99.3836148728634, 17.74552771529291], [99.38443089293759, 17.762766662559105], [99.37393861636782, 17.772380456943246], [99.39763428551502, 17.80279600673154], [99.42022857378554, 17.830981912536295], [99.44534224634567, 17.85832066378105], [99.48162149584532, 17.89682060935935], [99.49532877452438, 17.918959988959447], [99.51560872486893, 17.939489742801506], [99.57029513331581, 17.982948107333392], [99.5965637201393, 18.00699605622317], [99.5910344223505, 18.03459345419359], [99.63406922781854, 18.057232286647825], [99.65368034453616, 18.0471413490929], [99.66149272473517, 18.036421628665067], [99.69498497345987, 18.0528846740117], [99.69746426574002, 18.061744911971605], [99.72595792659632, 18.071599471810828], [99.75097793569388, 18.10895781331368], [99.76164856486179, 18.12415891296399], [99.76487698004853, 18.148278154804036], [99.82363004747899, 18.23272463897917], [99.84273728577546, 18.24167411174078], [99.86931801047957, 18.278287719808503], [99.9127585387601, 18.280909734393568], [99.94267916367856, 18.341005028169086], [99.9689164830951, 18.381275128395448], [99.97139571066243, 18.39105400341514], [99.99135467871908, 18.39258791510075], [100.01060458779355, 18.408703042372387], [100.01700789049363, 18.444581039178242], [100.03070622009811, 18.456723178771437], [100.03860334780337, 18.474220618355236], [100.05950760715761, 18.51644832082725], [100.05651103781821, 18.538676990745248], [100.06530884795654, 18.558555618150486], [100.0897045970654, 18.567215246751342], [100.10050901218335, 18.565886357864876], [100.10930679612034, 18.5596258520513], [100.12300966181141, 18.603414221338696], [100.10440626336167, 18.629424142735523], [100.11351174189805, 18.6760796993299], [100.10900804929432, 18.68862761009543], [100.10530698752441, 18.717295156395632], [100.10610965124403, 18.750845455969447], [100.12800385635704, 18.789394366961194], [100.1074072893446, 18.811293019512313], [100.08561113616653, 18.823073938618474], [100.07110569131703, 18.815604990257427], [100.06990619220026, 18.840642814477228], [100.06900993021763, 18.866987197844562], [100.03620875741115, 18.898218707347592], [100.01910368425708, 18.895378325374605], [99.94832433027133, 18.942667057047725], [99.92768763171662, 18.97795639631516], [99.88864821246979, 18.992105107152504], [99.84724549038634, 18.99841471653746], [99.8353351876975, 19.01064156386646], [99.83764501711019, 19.024603070649512], [99.83480012826737, 19.03746308066979], [99.8246155615972, 19.042140676337517], [99.81953212000353, 19.055807843825473], [99.78962494507476, 19.051580570103336], [99.77774591181426, 19.067450573974874], [99.7582685689667, 19.132294814410024], [99.7326510040322, 19.170424555248168], [99.70771574443117, 19.257176369156], [99.70430006214957, 19.30998551795169], [99.71165309117563, 19.33241475532231], [99.69655011335227, 19.356962152470828], [99.69501617565011, 19.377259947357064], [99.67253786218582, 19.385232834199222], [99.6279468649801, 19.386280699699203], [99.57676527087631, 19.410502579922127], [99.57190489520598, 19.415510093104636], [99.57024165056741, 19.396202250479387], [99.58111735147294, 19.368912480178825], [99.58406035598256, 19.34684442596291], [99.57835274365983, 19.342777713430813], [99.58377948314882, 19.32763908539817], [99.58017653229876, 19.320825568214747], [99.57507977088035, 19.28932649249286], [99.55525908883128, 19.25076861040769], [99.54065550503371, 19.16064571064006], [99.56340581911607, 19.13901467282975], [99.54150269727288, 19.095038970604197], [99.54166325997261, 19.08315546854386], [99.52486585703262, 19.07195869808232], [99.49708560146915, 19.073372198118168], [99.4506530526056, 19.0196801548053], [99.4325490946325, 19.004693164596766], [99.38282562639039, 18.98473867447738], [99.38066739207055, 18.95813567660902], [99.38950532438065, 18.93506426434127], [99.38693245085592, 18.906766865469557], [99.39192215752239, 18.874968973364307], [99.37870986066697, 18.854158352006973], [99.35745783879716, 18.83876997048633], [99.36678180590242, 18.795953752905884], [99.37206136236578, 18.772686131673844], [99.36990315786935, 18.745481182001622], [99.35218269715287, 18.726975887461965], [99.33829704116707, 18.698022963868123], [99.33841742026385, 18.687187363159847], [99.33598278335478, 18.673760974626955], [99.34998437755199, 18.65019909679854], [99.33386023886786, 18.641124760018187], [99.33430617686538, 18.61429435265984], [99.36180989026617, 18.60648204278994], [99.35418480786595, 18.574394346555508], [99.33770843904277, 18.57289610664787]]]}, "id": "00000000000000000140", "properties": {"ADM1_NAME": "Lampang"}}, {"type": "Feature", "geometry": {"type": "Polygon", "coordinates": [[[98.69316766109844, 17.77357997990116], [98.70461420915338, 17.747017040264275], [98.74186549254684, 17.703870850826352], [98.74730564772297, 17.686132550373728], [98.699628933352, 17.664024301576106], [98.68917228458933, 17.66488493212016], [98.68993483597335, 17.630763808615995], [98.68946220771406, 17.586748065724905], [98.7020546434081, 17.560666825685377], [98.7020056010834, 17.51741353744868], [98.7076553316699, 17.481994895923627], [98.68651021516307, 17.460024915912513], [98.69107632625092, 17.43617316141931], [98.6930695878329, 17.425716541189225], [98.7285684477298, 17.459213350058494], [98.7586673868932, 17.47642542293342], [98.83181002641965, 17.506350488175865], [98.86390663929299, 17.50400947686231], [98.8827195845282, 17.489762579293423], [98.902700870535, 17.531067223201624], [98.91105717362477, 17.540690000353585], [98.9077530245901, 17.578248983494028], [98.88239855043109, 17.607407111028014], [98.89687282575701, 17.637274154107704], [98.9125598787927, 17.64498390086645], [98.9422397032009, 17.639503719343704], [98.95571957559521, 17.64248681428354], [99.00877396594765, 17.62857443662685], [99.03497116039256, 17.6106667126384], [99.05592445925457, 17.610113737852377], [99.0670632912722, 17.645193530199926], [99.07234730160488, 17.689213731532675], [99.09021945456539, 17.70383072286597], [99.09087486477837, 17.734589601055376], [99.11083386843815, 17.741469923932534], [99.12048331985129, 17.766588092146073], [99.1304939762183, 17.766235832206664], [99.11139118683388, 17.80869533685209], [99.14106206057177, 17.81664590693593], [99.1750404308531, 17.806055564703062], [99.1757271201926, 17.821573254018322], [99.16661274399807, 17.840484291833846], [99.18890377113932, 17.847770473222244], [99.1758252070799, 17.868763922287147], [99.14314897284622, 17.908690668842183], [99.11588153222804, 17.909359578380823], [99.12032282521649, 17.94114846019784], [99.10265139352782, 17.95226055927835], [99.10315083513318, 17.987416139618038], [99.07187463132279, 18.063064781054536], [99.06477580268702, 18.142048842466092], [99.05542059002211, 18.165927316956967], [99.04987343154302, 18.185105953446623], [99.02229389041835, 18.24147342307169], [99.02545991863724, 18.25538136778788], [99.06976106510265, 18.269222427911668], [99.08493088144999, 18.27035948824848], [99.09258270380008, 18.27766344795923], [99.11213144202128, 18.26306885239865], [99.11770531385025, 18.2799019857461], [99.1224275171932, 18.29671721710529], [99.1296021566645, 18.310228302605214], [99.15410049593802, 18.312266074240206], [99.17173624296919, 18.352206308126963], [99.17548186125642, 18.37435459136419], [99.19000961240914, 18.384681864906103], [99.20562542369771, 18.420814031896175], [99.23802970250752, 18.445851810598306], [99.25303012679241, 18.481738667651005], [99.28708426825112, 18.495918605787775], [99.30046153332123, 18.48715652654861], [99.32369794983288, 18.504176852501317], [99.32105816971598, 18.528938295090196], [99.28537195339109, 18.548946288724224], [99.24582864889703, 18.57899616122661], [99.22306942823775, 18.592921879065425], [99.23637980725394, 18.620443470878485], [99.2307836549527, 18.653061861113912], [99.21138659225016, 18.658492965102454], [99.19330043994881, 18.69216810026407], [99.18881014670397, 18.706896566268238], [99.14282789288488, 18.697666186982836], [99.12689999234767, 18.679094076568017], [99.1026692035431, 18.67295833099593], [99.09147685781915, 18.66705894363894], [99.0813814802416, 18.67051025228581], [99.0799010416684, 18.675772050082497], [99.05682523997893, 18.664659933390126], [99.0137859753972, 18.66766088355268], [98.9990441711122, 18.634752708599212], [98.97358714710347, 18.619413398546495], [98.96875793338612, 18.595494843002957], [98.9358364579691, 18.542966571572613], [98.92519254943251, 18.532438638845925], [98.87999512942491, 18.50743652996801], [98.8658508371466, 18.505969492592218], [98.85568849364888, 18.496386847803794], [98.81802250079795, 18.46530243243155], [98.7919679552342, 18.44858078443503], [98.76492354034498, 18.42991053775802], [98.74368480052583, 18.429812436224253], [98.72868445950594, 18.44089328479585], [98.72017641297384, 18.430940657903033], [98.71105763143545, 18.43603735907149], [98.69714519179519, 18.41232386554201], [98.7062060553282, 18.40876105120924], [98.71014344436618, 18.411869017084523], [98.70591623693224, 18.39960205500414], [98.68618915430584, 18.362845702113855], [98.70709794029828, 18.330138154219377], [98.67556761717614, 18.320154213274694], [98.67514846784891, 18.304948694707196], [98.6742075938323, 18.294130919728854], [98.73663500073773, 18.267122124123556], [98.77899196572193, 18.24398388711584], [98.78010678371126, 18.2217061831189], [98.7856048652019, 18.197774210040127], [98.79450965506113, 18.163568469977413], [98.80692382514445, 18.147578104417608], [98.80865392832735, 18.103647017265732], [98.80439550861423, 18.082100670215283], [98.81462911040433, 18.07454246495934], [98.79559325116742, 18.031231263007403], [98.78132409049945, 18.005743028938067], [98.78675971118349, 18.00004433715429], [98.81620766732348, 18.000833573328617], [98.8298480047924, 17.98813405839732], [98.87138453036482, 17.853643065318906], [98.86492337559443, 17.851743499110764], [98.85558154725975, 17.83537414731519], [98.8552916736387, 17.811705226545588], [98.80327622069741, 17.792169938438615], [98.78607303938449, 17.830344256731106], [98.76132060774908, 17.800833975426077], [98.6914375428203, 17.787755446814757], [98.69316766109844, 17.77357997990116]]]}, "id": "00000000000000000141", "properties": {"ADM1_NAME": "Lamphun"}}, {"type": "Feature", "geometry": {"type": "Polygon", "coordinates": [[[100.98139548118009, 17.569370908049763], [100.91821454632084, 17.569906039229263], [100.89881743470453, 17.588977594527098], [100.87211632384525, 17.56329760949314], [100.87080984529587, 17.537800508507534], [100.87411398028112, 17.522001918094293], [100.83771436443924, 17.472644113540046], [100.84551330962334, 17.45833485376075], [100.86231076469461, 17.449893765010103], [100.88551147771409, 17.44876564541866], [100.89871041164452, 17.459846550031028], [100.92151429167704, 17.443307662480724], [100.92611602569922, 17.390757160962348], [100.91821454632084, 17.37148050121027], [100.92221881521452, 17.33603955687347], [101.00271450628422, 17.334202421007838], [101.01231489508416, 17.322889658643504], [101.0252150610717, 17.307563730925683], [101.0637150108977, 17.277036776418285], [101.08630926365802, 17.276216255499243], [101.11051322394233, 17.222827465310257], [101.09011735864401, 17.19003077330315], [101.08251012388291, 17.16530950739077], [101.07271794812715, 17.109222890179623], [101.06121786775988, 17.086463679150853], [101.05991580531236, 17.07897239979992], [101.0585558441329, 17.066415587713074], [101.05597847828123, 17.00752424433426], [101.04581615441626, 16.983271141503053], [101.04981149739696, 16.96730316138044], [101.0523130937024, 16.95158035452809], [101.03211333051584, 16.934341448552992], [101.05391834385141, 16.926163449461722], [101.07641449140692, 16.92050489692644], [101.07601314808215, 16.898195999188655], [101.10541651273422, 16.889277796603913], [101.12076470767875, 16.94726840074575], [101.11871356474617, 17.012919744098028], [101.15371749631326, 17.02809853157326], [101.17871964550991, 17.04127514373479], [101.20691902849852, 17.096233575429764], [101.20441303844113, 17.11716460511421], [101.23531905075765, 17.12294356237906], [101.28602790902745, 17.095372964385223], [101.2853233456671, 17.079721532978482], [101.31502548667224, 17.0874134447345], [101.33662537314245, 17.06773548936814], [101.34872285118026, 17.081884165398137], [101.40202249862553, 17.076234521723467], [101.40662431275973, 17.08885377100473], [101.43962166790601, 17.068185852115196], [101.46581889171178, 17.091145704410067], [101.48602309554197, 17.06905531442597], [101.49952072052231, 17.068025266116376], [101.5192255587606, 17.05114763380063], [101.5344221307797, 17.047308296628817], [101.54282311947016, 17.01604106668991], [101.55583025892585, 16.99005789986792], [101.58172428910251, 16.982080616448354], [101.60482247297024, 16.995671927623665], [101.61572049928824, 17.000608188059996], [101.63442191814744, 17.039339914067895], [101.6521245686977, 17.036878471922762], [101.65322153939529, 17.01621051600119], [101.68992439386558, 16.940963245289037], [101.69462430317928, 16.920023247807467], [101.68742282483589, 16.913183054992313], [101.68292360909196, 16.860008240495645], [101.69142261943396, 16.85335527117589], [101.68922432021681, 16.842341303378138], [101.69362539506368, 16.84041047905035], [101.72362626376007, 16.80151376963655], [101.69752718462371, 16.80667737688906], [101.68511743228972, 16.80178127011662], [101.72552587369627, 16.750992116930483], [101.79062871609014, 16.760262570144135], [101.87112441775625, 16.793821819638683], [101.89192165162096, 16.809250247896024], [101.92642174341586, 16.82612800142564], [101.95101809607844, 16.83742731861461], [101.94612207319415, 16.84883816333652], [101.9677218967794, 16.84501678057434], [101.97801798196119, 16.839986834967437], [102.00332780348073, 16.842229826743193], [102.01082803688773, 16.864128457587615], [102.02751847712074, 16.864467346303904], [102.04522112050071, 16.85754678435595], [102.05392527510601, 16.86749954286824], [102.06662029086473, 16.879164541609207], [102.07122654444493, 16.89339796125922], [102.05022423312376, 16.909165333639393], [102.03591943370654, 16.948262786150977], [102.06652222824626, 16.963151703710775], [102.08122833932507, 16.96514042324444], [102.09973355858612, 16.98604921060568], [102.0994259408135, 17.001370645292436], [102.14093122337499, 17.011590924765045], [102.15363524690432, 17.026631488145444], [102.12503006907924, 17.044530303128866], [102.10433092600132, 17.06543453996818], [102.10083054389038, 17.096692845755584], [102.0845280971204, 17.109624293708574], [102.02302369471097, 17.131661128763916], [102.0190193702373, 17.165229216324647], [102.03502762509075, 17.164560416108458], [102.04542618370019, 17.15794306333052], [102.0713202527851, 17.185959602188134], [102.08331968542139, 17.18315928158037], [102.07882040757542, 17.194387297515565], [102.005820476335, 17.197709303366878], [102.0052273799653, 17.21279889507629], [102.06942064798412, 17.207448033755536], [102.06562145097148, 17.24246536651935], [102.0648188293318, 17.250638875786603], [102.04562244514578, 17.257198225799534], [101.99682646147059, 17.313133127631243], [102.00072368274932, 17.332641746393584], [102.02202482150143, 17.339611342486748], [102.01792251551652, 17.3753510046596], [101.99622452941749, 17.402038736559348], [101.99882418570995, 17.41436817584978], [101.99322354331325, 17.43545518015917], [101.99702263455455, 17.457657133024156], [102.04752198150649, 17.45443318414397], [102.0610197063272, 17.45068751623816], [102.10961946814375, 17.474311842971666], [102.13191937533276, 17.489722500020726], [102.13132637432552, 17.504763016767583], [102.14072615458286, 17.519411193872], [102.1323252065274, 17.55820978709847], [102.11922432720004, 17.582440587932957], [102.08409105871483, 17.642214797475432], [102.0585180897254, 17.651775170397308], [102.04305843767646, 17.646896844444846], [102.02931992794097, 17.70420525748278], [102.021989184971, 17.746624649467567], [102.03579011490125, 17.780054550951522], [102.04891772099346, 17.78722928359987], [102.04612181534887, 17.80995727568517], [102.05472345823125, 17.83810757168704], [102.05211042833174, 17.87103801549112], [102.03041689846611, 17.96195910642888], [102.02345177361154, 17.98023694331672], [102.04345530974368, 17.986769565220815], [102.0470180729891, 18.02231305189711], [102.0565784417926, 18.041892988831513], [102.06116683640667, 18.09542000381604], [102.078231792718, 18.14470650429095], [102.09602363111243, 18.156603334726125], [102.10570437537787, 18.16281933234037], [102.10732295942212, 18.2046769050983], [102.0976913346386, 18.21505323545245], [102.06162165091246, 18.205033643105633], [102.04648749872509, 18.19391264798824], [102.03504095772352, 18.15623766915088], [101.94453010860938, 18.088365680592762], [101.91740096272747, 18.043948577072136], [101.90824638345877, 18.031342706132982], [101.87664479026277, 18.028355111301504], [101.8213072967692, 18.05532821369978], [101.80419772826085, 18.05789665060915], [101.78512622687508, 18.06923619227856], [101.76831982090664, 18.041933079660172], [101.75447428485907, 17.99859064246112], [101.74440125332059, 17.983572424384846], [101.73960768097724, 17.961968034664498], [101.72846437242931, 17.944515142630923], [101.73148767426885, 17.9203468112872], [101.70857683827981, 17.903727708989646], [101.691708039543, 17.912543398222216], [101.614663678917, 17.892147448054555], [101.6015717575919, 17.855894970027762], [101.58621458629628, 17.851863960184076], [101.5805916372237, 17.865901204054108], [101.57236913634154, 17.867475251936565], [101.55172789945635, 17.810443337472915], [101.57365335437478, 17.79242852130698], [101.57451835828785, 17.78470090204022], [101.54770134023397, 17.787394206240943], [101.53771746534044, 17.774895389007188], [101.5218341270957, 17.772808515502078], [101.49761669064539, 17.749982395027242], [101.50274019168394, 17.745037257290363], [101.48798507562017, 17.723945695823648], [101.48703082369559, 17.74625009498621], [101.4812117106823, 17.743472118317676], [101.47591871390392, 17.751806149444295], [101.48225510434402, 17.76048359666581], [101.46263950380065, 17.752586472490865], [101.46741074648162, 17.748769490600434], [101.45587060423908, 17.746771849555245], [101.44319787879746, 17.733577370604145], [101.40361889175075, 17.73549030929706], [101.40031916442783, 17.72429346320842], [101.42272170534821, 17.723415019704753], [101.43113156580922, 17.716739758368146], [101.40604908531785, 17.700771743634178], [101.40584397564992, 17.685766823906405], [101.40170592538321, 17.68193645484933], [101.38912236115925, 17.69608075376274], [101.37801469711523, 17.691568136302774], [101.3722178828372, 17.680317798268444], [101.36178359546405, 17.68132562486266], [101.34555243881275, 17.658847234933564], [101.30692769762096, 17.650994755381426], [101.31252835736038, 17.639842570026175], [101.28874801686774, 17.62402167905261], [101.28245176526379, 17.6109252821203], [101.26152961902605, 17.59910873469147], [101.24231535139175, 17.553465358938855], [101.23263914600635, 17.550861205551065], [101.22458153841903, 17.533519748759854], [101.17515239625466, 17.52413333107132], [101.18320993689137, 17.498092198714193], [101.16336253086953, 17.491559675678296], [101.16071828172186, 17.466994413822523], [101.14689949712017, 17.470040038487348], [101.14547707060528, 17.47853908596934], [101.1314710101965, 17.472693182134417], [101.1298523876883, 17.48040296288929], [101.12208909057892, 17.48389446856931], [101.11044638180283, 17.479863416057334], [101.10509095542433, 17.49342358142484], [101.09403241109767, 17.4958805419811], [101.10230407391718, 17.508067189878084], [101.07418498071988, 17.5053650478081], [101.06510180331514, 17.514550759855055], [101.06001834695127, 17.52713435046221], [101.04986500680239, 17.52817777443587], [101.03729033272157, 17.546691950017426], [101.01247544742212, 17.55835694544498], [100.99716732418293, 17.559543082606567], [100.98139548118009, 17.569370908049763]]]}, "id": "00000000000000000142", "properties": {"ADM1_NAME": "Loei"}}, {"type": "Feature", "geometry": {"type": "Polygon", "coordinates": [[[100.42251406683155, 14.923233400218525], [100.43381343627796, 14.885424622068205], [100.44732009877744, 14.857528478147238], [100.46811727161071, 14.82701043365717], [100.47591185959605, 14.798084248839661], [100.47591185959605, 14.760935502811156], [100.49031915934971, 14.749493418334103], [100.4716177244179, 14.712393695408995], [100.4926156257613, 14.695738920208532], [100.50461503678271, 14.687957816787916], [100.52351272313159, 14.663499656735851], [100.55751780105341, 14.66568018459589], [100.61291326580194, 14.658300330070395], [100.63361237994788, 14.672466862369035], [100.65011549234161, 14.687467328999253], [100.66191873234305, 14.719514833612514], [100.73501684795964, 14.764244083125261], [100.74921462192187, 14.80182987540701], [100.80491770614829, 14.79079363027998], [100.82611621322083, 14.802900079360475], [100.84491579924547, 14.796942718249616], [100.86381352150842, 14.781063841382673], [100.87541163090305, 14.764600800702071], [100.90701324168437, 14.766125824275099], [100.94531245957943, 14.739875106800463], [100.97221426266198, 14.753792022116183], [100.99791648177383, 14.786031245612765], [101.02031902607817, 14.793143586770006], [101.03031187743939, 14.805892111411778], [101.06591778100139, 14.78282072805495], [101.08381663341335, 14.814449174689168], [101.08591236903382, 14.832178503415337], [101.07011379109248, 14.834167246694847], [101.07962063575435, 14.847459893751417], [101.0912231379952, 14.847428663166086], [101.08582318236375, 14.87921756648194], [101.10461384753832, 14.906587572247656], [101.1627203630991, 14.900264541357195], [101.20381996057449, 14.920424090403843], [101.26862404451583, 14.916085419037142], [101.28522532662684, 14.949524183801634], [101.28632222835424, 14.970611271485273], [101.33352623265205, 14.976350202235595], [101.35661997267103, 15.002667753104708], [101.36832512621154, 15.036935975980551], [101.4052197276393, 15.032739939611172], [101.41522150036566, 15.038461005204999], [101.40162563459879, 15.091885482945347], [101.39211886181864, 15.157572525841525], [101.36962269496685, 15.196799228729835], [101.3629206463739, 15.245688793337056], [101.38831972984988, 15.234585636329466], [101.38992499887807, 15.33796099871187], [101.38132339115879, 15.394109939558932], [101.38762856100281, 15.491340673731045], [101.37372504831393, 15.575818356239742], [101.32062608213698, 15.571087263002996], [101.3048230102056, 15.536890420297633], [101.29357718972051, 15.528386915657155], [101.3071194519719, 15.513560366181276], [101.30921968815879, 15.463507007620375], [101.30592445456628, 15.433385772149705], [101.30081874954392, 15.377539965467577], [101.25742279791396, 15.347659517522294], [101.21692521141084, 15.325801005353691], [101.20522896935766, 15.320365355716365], [101.1290140210428, 15.327843250823964], [101.10629940890682, 15.333992378417427], [101.09481720193314, 15.346442229416976], [101.07475128850706, 15.333466232521873], [101.06061590446659, 15.316222837202984], [101.03401293040636, 15.317462463762311], [101.00062764422245, 15.370039787361149], [100.98261282750363, 15.384518487271679], [100.97859077044725, 15.412499347236091], [100.95351277020463, 15.431767050335576], [100.94811274961829, 15.449786272219963], [100.89451437516483, 15.472425191882538], [100.84741291469072, 15.475644653410876], [100.8066166037745, 15.485922879448927], [100.77421679386615, 15.459962002586652], [100.65111432203305, 15.41701637474549], [100.63361237994788, 15.334910961880313], [100.635413862667, 15.324102123912239], [100.61681494904107, 15.305543283524086], [100.6087172670858, 15.290895149517786], [100.58301496203785, 15.27344220391912], [100.5841119173276, 15.265513982383634], [100.59661965810811, 15.257393966687992], [100.58941824585294, 15.238754926432009], [100.58711291630432, 15.225756604848195], [100.56241389885845, 15.215866291745014], [100.50711660314715, 15.157741948952248], [100.49721739749725, 15.115652503808725], [100.47641573313773, 15.11351215286117], [100.46201277265479, 15.108451004002688], [100.43241776449877, 15.060297192534637], [100.45451258601969, 15.039838817011255], [100.47851592243853, 15.028798101588125], [100.46241862298952, 14.995069475622085], [100.45091408454944, 14.978490533399427], [100.44161237627426, 14.938443316242896], [100.42251406683155, 14.923233400218525]]]}, "id": "00000000000000000143", "properties": {"ADM1_NAME": "Lopburi"}}, {"type": "Feature", "geometry": {"type": "Polygon", "coordinates": [[[97.34365197541337, 18.575571602506002], [97.3540327475355, 18.533531179386287], [97.385518442903, 18.50736512743589], [97.4040459974764, 18.44825533437954], [97.41811897376064, 18.43530160305342], [97.43012729171666, 18.405617378832382], [97.4445703396087, 18.39828212066729], [97.45158891870634, 18.390117540300388], [97.44402636468904, 18.350627778377703], [97.45277505390288, 18.32746272407896], [97.46667408875199, 18.30318294814603], [97.5049822021472, 18.266676246792716], [97.53676672177497, 18.286626310623674], [97.55169131989076, 18.33449915208481], [97.5749410664503, 18.33853020745296], [97.62118192022318, 18.31630156080346], [97.63979872734377, 18.28087844266543], [97.60934304426944, 18.243818903192583], [97.62718833930947, 18.2075262512862], [97.67771890997814, 18.154935649025784], [97.67771890997814, 18.11538787676102], [97.69024448799362, 18.080129801824757], [97.68029182046061, 18.07489475878642], [97.68867047910615, 18.060425005670027], [97.69856519103216, 18.066400143569126], [97.72370557766934, 18.019218416675315], [97.72799524278781, 18.00325930732662], [97.7375867578094, 17.9765715668894], [97.7327129747662, 17.95418691637266], [97.70731842524935, 17.945866249129395], [97.68750217057965, 17.925104671318394], [97.67188642406434, 17.880148022097433], [97.70354156778687, 17.81554898160642], [97.71838589448393, 17.81906725258141], [97.71838589448393, 17.80619826529647], [97.75722462520419, 17.775626637976234], [97.79196994001693, 17.78057623442353], [97.80859347342943, 17.77654971603038], [97.8250029897079, 17.7805584191062], [97.85700152029678, 17.778533986070208], [97.91014057506288, 17.81214669682289], [97.90875383917547, 17.834321789456048], [97.92356699092784, 17.854053314759813], [97.97558687425581, 17.863800940363955], [97.97572949296342, 17.844524256490658], [97.9871448128272, 17.831624013777727], [97.98254300493281, 17.819236678521598], [97.99485019351756, 17.805895020238474], [97.99577318435344, 17.78131652060645], [98.01491609616922, 17.760207057688543], [98.02519879316598, 17.736770079452373], [98.02060146261366, 17.731200600921806], [98.03172245020441, 17.716971665265614], [98.03208364449182, 17.705850655177954], [98.04633935967264, 17.680580911457017], [98.05818720265407, 17.661701092182412], [98.07302712748967, 17.64486354226629], [98.0956213567243, 17.63412601811627], [98.14707051386243, 17.67756659841201], [98.15721045359145, 17.726826292024363], [98.14208971535815, 17.753313302402322], [98.15257300111284, 17.772215478801677], [98.13447351427683, 17.79253554842102], [98.11728814277724, 17.788633908632136], [98.0816019611295, 17.823075947979373], [98.06730608324534, 17.854410101107316], [98.01515248173395, 17.895861879440815], [98.01885795367497, 17.921408045731567], [98.02618425287011, 17.920600927894988], [98.03472341366205, 17.935547849166838], [98.10108380698067, 17.95970729648858], [98.15221187439447, 17.936029409045585], [98.1665657010292, 17.96569581685414], [98.19491662756882, 17.978127825587638], [98.24874688009129, 17.988147423362772], [98.25363850822767, 17.996240667084788], [98.23630599469942, 18.012074982838897], [98.2687905902901, 18.045558388976456], [98.27622834728578, 18.03738037754926], [98.29048856296251, 18.07514004759617], [98.2736109021999, 18.082430695232727], [98.25625607994765, 18.075349632930596], [98.24671803483304, 18.07443548541369], [98.24315070475527, 18.082738377360783], [98.23219471723776, 18.092365576892387], [98.21909387398422, 18.08350086423512], [98.20815122997068, 18.085516397449233], [98.19341390998429, 18.108079375011055], [98.16950869645461, 18.117349916452756], [98.16690013394597, 18.15793660565496], [98.181494770582, 18.19457257371009], [98.15949802615368, 18.219244808497137], [98.14200494761724, 18.238004241592172], [98.14388219687883, 18.27599128896921], [98.17449845141466, 18.282720052942935], [98.17757969488486, 18.335832435210747], [98.16059944462954, 18.355149264167505], [98.14343184269715, 18.371656909652295], [98.12941690597248, 18.396003525575697], [98.1275797792926, 18.403762367543212], [98.09760120283366, 18.415084049298255], [98.0816197833948, 18.41815192750836], [98.08870089883112, 18.441771782502567], [98.1120754249387, 18.45660277070294], [98.13021060568444, 18.49858074709778], [98.16388128815821, 18.513126264750785], [98.17739681800636, 18.51849951282451], [98.17778033461208, 18.541325628233366], [98.21520999825454, 18.535288041521], [98.24222774600898, 18.565378050181728], [98.22719611449853, 18.585742734772445], [98.21754660687961, 18.592832698163374], [98.21141084210504, 18.604372899993184], [98.18689025734919, 18.611092793691597], [98.18326503357757, 18.623560365819927], [98.1572728963107, 18.629464238490886], [98.14049331444218, 18.63345073367073], [98.11640967915437, 18.63693321403], [98.11240985820646, 18.656192118077353], [98.10919931226746, 18.693140245721473], [98.1023769454304, 18.736219625178382], [98.1232142786739, 18.76083384473899], [98.1138323415325, 18.775366000802688], [98.09550540645243, 18.777265647051475], [98.09213434977347, 18.798963628035494], [98.09674063620625, 18.80846152607533], [98.0853208297917, 18.816938253840434], [98.10702328666463, 18.87848718249729], [98.13226181442683, 18.906918435697225], [98.16380099741579, 18.914828931561697], [98.17008837111109, 18.935965013212243], [98.17901545686023, 18.958706452112274], [98.1705387227872, 18.977211749440894], [98.19182648111376, 19.029601728998582], [98.21867476363526, 19.064119596490517], [98.25375445877776, 19.11218867214553], [98.24886282294777, 19.125695334565012], [98.24573702062403, 19.146193776049106], [98.26280200194137, 19.157716094716953], [98.28728691941274, 19.14727735836219], [98.33116895986093, 19.149836924325523], [98.34587061359319, 19.145841533655567], [98.34997743034647, 19.12360396712752], [98.35884212028701, 19.088118486044458], [98.37752572339733, 19.074286318267703], [98.37977756976079, 19.059232429268047], [98.4213007247154, 19.022913052296467], [98.44113040965182, 19.03912184219057], [98.51126755471655, 19.031501252101513], [98.54580774712792, 19.02250275526405], [98.58255966503508, 19.043643372555685], [98.60386523782051, 19.043589886321836], [98.6486346547421, 19.07018846122173], [98.65438686826478, 19.093179580978575], [98.63126197876774, 19.153734152697314], [98.59540636108497, 19.183418410717024], [98.57394470877455, 19.208951155537246], [98.60065472239441, 19.223291678373197], [98.59413992517509, 19.25548189867888], [98.60709366960941, 19.276948031167397], [98.60093567168197, 19.289317594258552], [98.6012567099287, 19.317178029888105], [98.59627590540617, 19.35567789945315], [98.5812085931153, 19.375164197838828], [98.58263990507528, 19.392920334598898], [98.59924118582198, 19.400398226749065], [98.58907892047694, 19.435620629157786], [98.60147962599702, 19.471650170763507], [98.58580144687372, 19.50365759656786], [98.56912882808716, 19.5097086139956], [98.561601891725, 19.54700456239563], [98.54715885901028, 19.558263792314047], [98.54205322079491, 19.60244012644275], [98.51749249600078, 19.62518155613249], [98.47460929783048, 19.659757355657963], [98.47224600949724, 19.69398094512236], [98.43308169191137, 19.68575393384632], [98.39680240612314, 19.692402430805174], [98.36883053892413, 19.690186309236587], [98.32231759667843, 19.69625963001745], [98.29253531553964, 19.681740738752854], [98.24905455894293, 19.676340767107707], [98.23146792555578, 19.700709731661714], [98.23648885144097, 19.705472098266814], [98.22465442535017, 19.726844527768524], [98.19320880676953, 19.737903140524523], [98.16898697651337, 19.770017568664112], [98.14454218790698, 19.781236641161406], [98.12954174393086, 19.78568239902068], [98.0995409511992, 19.772791146012104], [98.08276133358588, 19.792906147500812], [98.0845405286822, 19.809792805403394], [98.0541562044085, 19.806555461995632], [98.04831927636751, 19.816793569315948], [98.03431767958243, 19.804794086058777], [98.03787157134491, 19.78912480270165], [98.03864745824853, 19.767315354170584], [98.04476087586468, 19.75701487526471], [98.03098675129331, 19.730349429670916], [98.02931897289463, 19.705235766933445], [98.03676127351972, 19.694235165104374], [98.02954192367655, 19.68779174236401], [98.03614146175067, 19.667734752404773], [98.04262498728946, 19.656600304730595], [98.02720542699281, 19.637791847766646], [97.98105814673276, 19.63472845097345], [97.9728712684433, 19.62223847152614], [97.97187240102072, 19.59790519203226], [97.92453909255582, 19.583680634285322], [97.89164871149951, 19.575681063303527], [97.8805410921831, 19.581014130037463], [97.8672083700893, 19.57134681697905], [97.85565043645187, 19.52623848964844], [97.86820718941352, 19.52290312992283], [97.88553975124293, 19.502458175818624], [97.87062852706373, 19.485281643822095], [97.85987313602092, 19.47566340042283], [97.8285256828928, 19.442501103471304], [97.80463829972375, 19.406895145183267], [97.78787204091722, 19.403903087197662], [97.78487105229965, 19.395016071292517], [97.80335408138394, 19.37996665283968], [97.80165070288942, 19.350679216505476], [97.82520812749789, 19.3122373787216], [97.84231772583364, 19.297125486034748], [97.84265215237792, 19.28812255713131], [97.81705684632641, 19.28228113417361], [97.80099069932447, 19.283150612304297], [97.78663241638745, 19.269822374046477], [97.81331567942388, 19.243901606717134], [97.82598403833637, 19.237904121877314], [97.82720576241249, 19.229235678466164], [97.84431534394483, 19.218346558378297], [97.84598305690528, 19.20279319061721], [97.8381751672082, 19.1904771609288], [97.84409686988751, 19.179900106242556], [97.84009705396863, 19.16290201140879], [97.84298209820219, 19.145123607803765], [97.83409509634893, 19.137235499441672], [97.83709609477732, 19.09601111790835], [97.80534728449942, 19.086856554997983], [97.78860333502564, 19.074210495308865], [97.76875143026771, 19.06229139175858], [97.7635387845769, 19.03979071216825], [97.7356514925513, 19.041124028543216], [97.73550885690378, 18.97623516470505], [97.66759223828475, 18.937922565380635], [97.66843505735066, 18.932000887757468], [97.69526541813342, 18.921972397612883], [97.70312238972579, 18.900100511362986], [97.723669945499, 18.885822446421358], [97.74070368267772, 18.88245580908856], [97.74408814657055, 18.850430535232906], [97.74626419603757, 18.83435550625546], [97.7402221193033, 18.82492896064675], [97.75315352821673, 18.80849271086934], [97.74976904349262, 18.790246028070005], [97.75572190568386, 18.766224860327604], [97.76282084983823, 18.75737359063036], [97.75315352821673, 18.741062186993428], [97.76209396804651, 18.710847348973918], [97.7745437746004, 18.689216194028607], [97.77084274902703, 18.658533176003925], [97.76884065064317, 18.59008151088325], [97.76680278919967, 18.57801963853466], [97.73913409658584, 18.580329389828808], [97.73164280329023, 18.58576949020954], [97.71523772719053, 18.572833644452203], [97.68526814324404, 18.57335534792031], [97.66009648865631, 18.57574101920141], [97.60583818313188, 18.55386469480966], [97.60631973328397, 18.536585599176593], [97.57562333937847, 18.535011537203992], [97.54492687227587, 18.527159137093925], [97.53469322010442, 18.493318966152174], [97.51471649372844, 18.498759072799707], [97.50105820835827, 18.49392543072471], [97.49066851725156, 18.50939406988113], [97.44922116686178, 18.49382729099902], [97.42822771856427, 18.529714188506354], [97.42661797858503, 18.544924149529084], [97.40195471689505, 18.561984695601602], [97.36450273226666, 18.557855571675073], [97.36425748331163, 18.597853686541455], [97.36055198203303, 18.60070751321274], [97.34365197541337, 18.575571602506002]]]}, "id": "00000000000000000144", "properties": {"ADM1_NAME": "Mae Hong Son"}}, {"type": "Feature", "geometry": {"type": "Polygon", "coordinates": [[[102.8542803754523, 16.275741125862062], [102.84964736389057, 16.230075502992946], [102.85898027714417, 16.17712367319704], [102.86993625624162, 16.113737499193014], [102.85402618490862, 16.0667430883556], [102.86273041272348, 16.05815926478382], [102.86200799137553, 16.039868105076568], [102.89683357913924, 16.02023462511885], [102.89122845854907, 16.007191813697716], [102.90743290586825, 15.984075829334628], [102.8954378499274, 15.926847671766204], [102.92671851071873, 15.853531147802201], [102.92773519062683, 15.816355627213103], [102.93463788027286, 15.803455436095417], [102.94833174466007, 15.761838651489592], [102.9803391633884, 15.748541613244981], [102.99691808132732, 15.730477779487451], [103.00849838468194, 15.722776935278597], [103.01133887892402, 15.68799147845866], [102.97883641476835, 15.660893576162072], [103.01613684580474, 15.617729458526167], [103.03473575265953, 15.595969042304793], [103.05420867666722, 15.588406385819242], [103.05246069351209, 15.561803352367107], [103.09303849723894, 15.531392344629456], [103.07714181604236, 15.493913585265394], [103.20806104800864, 15.457112597681357], [103.22847026765237, 15.448849896762741], [103.26537386309596, 15.433559613347795], [103.2782739904221, 15.419803290437617], [103.34999863033575, 15.404744926067847], [103.40335181647988, 15.431544111115931], [103.42435418055115, 15.517319431201937], [103.41443710253631, 15.53513349954305], [103.37754247955607, 15.53184266284951], [103.36154322602043, 15.526473924336896], [103.35013690228965, 15.540702962026325], [103.30584013092574, 15.559578260544061], [103.28932370021806, 15.593659188911568], [103.27768537035757, 15.59797564786767], [103.28563598116413, 15.612258125199546], [103.30153712179064, 15.628788022926184], [103.30530512090883, 15.661009501006566], [103.2807399182803, 15.661464331161152], [103.31227020704704, 15.699272979023315], [103.34774232474356, 15.712182075074793], [103.35875632725701, 15.720279872514165], [103.39747465642348, 15.706175679458985], [103.41964084964178, 15.714072805343694], [103.42023391933878, 15.741919826009289], [103.40062730489899, 15.759435235060272], [103.43175629268909, 15.777851253715426], [103.44013940747385, 15.819896181106746], [103.4528344806394, 15.876763111649836], [103.46958283160708, 15.926691628618487], [103.48122554006284, 15.930580002358656], [103.46321971559159, 15.987611836303735], [103.47023831971242, 16.030526248956374], [103.46753611766476, 16.063251609226285], [103.45815418060002, 16.093876736342203], [103.4682005044621, 16.12658870368212], [103.48617517548854, 16.152834930698525], [103.49543668784557, 16.16572622077101], [103.49177574527185, 16.18353140521331], [103.50485874196764, 16.198937593631197], [103.50041748276249, 16.204721058452876], [103.48744150661281, 16.202611891994195], [103.47995027168814, 16.200475936073776], [103.45665590352858, 16.18098521804809], [103.45733813914735, 16.191446335250262], [103.44964615284462, 16.194763856085416], [103.45266055377913, 16.198839521144244], [103.44585598207317, 16.20623267106912], [103.4492582670656, 16.218446117987185], [103.44050504192721, 16.221005702216704], [103.4244834506301, 16.234828919419765], [103.40924670381914, 16.252522611100446], [103.41251523387848, 16.280873540806777], [103.38527456908074, 16.28710736350742], [103.3572758699576, 16.319270862929955], [103.34058547548996, 16.359010386954065], [103.30176457987865, 16.37123277059423], [103.29024665982666, 16.39141911652669], [103.25501982466585, 16.37395286274635], [103.17701670585605, 16.364289931910236], [103.16865596410805, 16.39399207477821], [103.1862336664526, 16.438525070789495], [103.17003827915116, 16.46972098502217], [103.16840173175318, 16.49901725217734], [103.18563174930247, 16.553543094638396], [103.17412723392047, 16.60547829090719], [103.19462569287475, 16.62862102377407], [103.17586629494194, 16.637806757667633], [103.15304016545075, 16.63922032517516], [103.1539364259697, 16.607351149847265], [103.12353424229755, 16.58829287100741], [103.1165379833468, 16.5576455505356], [103.09037199282776, 16.519649469044353], [103.07363695429875, 16.50057796122621], [103.04064852750861, 16.489519346589983], [103.0341426625273, 16.495030790724922], [103.01593619065451, 16.468280684867935], [102.9548420599588, 16.443813605759498], [102.95480191404708, 16.42103206832803], [102.95923420869467, 16.418432386824293], [102.94927262304083, 16.40113105037785], [102.95803919319754, 16.39782683862824], [102.93643932673555, 16.379812130928045], [102.93824975925654, 16.373877045750945], [102.92273653856766, 16.369226215024266], [102.92794922497406, 16.362747082901564], [102.91722953198436, 16.36268468405348], [102.89743108896803, 16.32523719829546], [102.89764963518769, 16.311957913520384], [102.8542803754523, 16.275741125862062]]]}, "id": "00000000000000000145", "properties": {"ADM1_NAME": "Maha Sarakham"}}, {"type": "Feature", "geometry": {"type": "Polygon", "coordinates": [[[104.07479878335167, 16.821682255755498], [104.09654133166983, 16.801281840042385], [104.11813230637436, 16.76366044083513], [104.13488965050053, 16.75183939470508], [104.14264846926187, 16.72720279284061], [104.16349027500966, 16.696666872862625], [104.1732334704561, 16.693532126280846], [104.16614346203275, 16.67852728562888], [104.18939323895655, 16.666964857750365], [104.18120631715477, 16.638136723236244], [104.18044380803481, 16.611890446917347], [104.18530419744782, 16.595374003273452], [104.20491086585227, 16.587120133201648], [104.21526933382226, 16.562465768069735], [104.22778163074925, 16.54343432350917], [104.2277682365506, 16.52866584825842], [104.24441402110631, 16.512965305993664], [104.2301271427634, 16.467058843948088], [104.24250110281164, 16.443706574033207], [104.24142644477159, 16.430436238425546], [104.28521039416125, 16.445338568359773], [104.29584531907771, 16.4694311055198], [104.3172445242922, 16.44057184394926], [104.31884981601692, 16.402357294775612], [104.32795085763591, 16.335698214200406], [104.32657749435145, 16.325397725132497], [104.35455389320236, 16.318387958713032], [104.3751236903474, 16.341686789204637], [104.4411986241242, 16.34107145556859], [104.47233658146331, 16.337883152580527], [104.50486123125827, 16.336625723284403], [104.51934886961368, 16.31326447050261], [104.55305518059374, 16.30696820811232], [104.58390771887966, 16.24236924018842], [104.60903027090441, 16.23160495722227], [104.62243430822384, 16.215494196237454], [104.64644658054465, 16.20888140537637], [104.6620400957056, 16.222820510663237], [104.66448368771, 16.234690692215974], [104.69615222208009, 16.217487443465572], [104.72361131286733, 16.202451355821157], [104.76391718017845, 16.194821803502258], [104.7663741387011, 16.190929066029522], [104.79099287024215, 16.198875116827672], [104.8144387550656, 16.184035237132118], [104.84159026693342, 16.19573147033185], [104.88341660840538, 16.206638421168726], [104.89256220359432, 16.23156927981392], [104.9248104854126, 16.249097973964325], [104.96232487479186, 16.267072623265214], [104.96970914811638, 16.278755460555544], [104.98069633703072, 16.27241461756105], [104.97919487873138, 16.278543666409206], [104.94668230702143, 16.30777086869511], [104.93042003391126, 16.33041860268217], [104.888919119361, 16.357387267404892], [104.85516822779387, 16.436099356343302], [104.83638198164527, 16.461270928768467], [104.76830045553325, 16.50035499875082], [104.73568662648674, 16.541748827933304], [104.75199357375497, 16.664681763791304], [104.75763871001713, 16.724888577706288], [104.7359541803988, 16.802271764899466], [104.71451475463758, 16.824000957429174], [104.69712873264919, 16.814110700078338], [104.67018238092587, 16.784925895104767], [104.6455324831723, 16.82549036784968], [104.6406854390765, 16.8468003360889], [104.62882421872678, 16.859272476908313], [104.54762846465833, 16.86144853053545], [104.49728522066462, 16.848017710402292], [104.46658432176554, 16.86305381778981], [104.44733438547769, 16.867874052708583], [104.41986184869499, 16.885714932907522], [104.40102216778749, 16.877238203607746], [104.37335342428766, 16.885572278652045], [104.36293692937018, 16.888345779669493], [104.35371997516381, 16.900015333606927], [104.29799465546093, 16.89789278209974], [104.26860026399096, 16.915613194807868], [104.24038745662764, 16.889683560503002], [104.21654469294607, 16.8841899194673], [104.20741245348283, 16.873907236970773], [104.15303813675652, 16.887806251494393], [104.12617651248947, 16.885277930312046], [104.11942992812182, 16.85170543017003], [104.09884674709714, 16.82751923654784], [104.07479878335167, 16.821682255755498]]]}, "id": "00000000000000000146", "properties": {"ADM1_NAME": "Mukdahan"}}, {"type": "Feature", "geometry": {"type": "Polygon", "coordinates": [[[100.9159181080248, 14.215462582109762], [100.9180138158477, 13.962769709918625], [101.08912737429928, 13.97412711521889], [101.14532545575781, 13.970417150881286], [101.15002536603113, 13.996458258416094], [101.17802405673618, 14.003017622179465], [101.20002075095957, 14.01575278968259], [101.20551881274328, 14.039073849435562], [101.24682799782845, 14.054194668907872], [101.28222874176507, 14.05521587012513], [101.28972452614032, 14.05060514720605], [101.32042097412237, 14.057775369195822], [101.32422454150274, 14.076120126670567], [101.30271836726901, 14.117268717891532], [101.29062525565328, 14.1350203482279], [101.30372607752832, 14.153106518799731], [101.32832252419513, 14.169828094102446], [101.35552299034647, 14.194714386753411], [101.38802536980113, 14.211926458781628], [101.3862238946958, 14.263959774785661], [101.39922222415116, 14.268262785297571], [101.42112085131116, 14.247090937685313], [101.48562616175143, 14.260771517490166], [101.50102345717693, 14.260900757380115], [101.50552269652125, 14.30669129324219], [101.49352325980284, 14.339844757854642], [101.45752045256495, 14.37573602733217], [101.42652083575692, 14.389434374347182], [101.40662431275973, 14.425780469440687], [101.38772668053585, 14.422422809127829], [101.36272445590286, 14.448811725257283], [101.34342105434459, 14.458461220106695], [101.31852136508223, 14.478549524380584], [101.31382148107703, 14.494018092511906], [101.28912254471774, 14.486339570847335], [101.28042727007625, 14.50756931652798], [101.23002606458928, 14.463558024841708], [101.23232250475166, 14.448651230095194], [101.22991902146501, 14.428241922846986], [101.21932422852744, 14.431813661946517], [101.20792230682021, 14.390896957759486], [101.21242603370926, 14.36782559958314], [101.19282381512696, 14.36366522797178], [101.17932164618072, 14.343835576339666], [101.16392434471138, 14.348437393294368], [101.14771996109579, 14.369127634778506], [101.11212297612596, 14.379196251490649], [101.0848243490485, 14.382143764372397], [101.0613160086739, 14.410583884174253], [101.06242180555287, 14.380462688186846], [101.06401815964506, 14.355487257871953], [101.02021644021173, 14.298120882596754], [100.99511620622616, 14.291610649421335], [100.98881545266212, 14.286299839250844], [100.95841334105928, 14.302357007031063], [100.95011941151837, 14.285688907492855], [100.95441350733488, 14.259910911336933], [100.94851856180684, 14.232264479023804], [100.9159181080248, 14.215462582109762]]]}, "id": "00000000000000000147", "properties": {"ADM1_NAME": "Nakhon Nayok"}}, {"type": "Feature", "geometry": {"type": "Polygon", "coordinates": [[[99.83472433625836, 13.994384743313734], [99.85303337748677, 13.990505355150175], [99.86610302299826, 13.9592202925284], [99.89758872171943, 13.937500053351842], [99.92852148253405, 13.932180331341332], [99.91138512688713, 13.899209763878043], [99.9030600583317, 13.896302350186922], [99.90913331746297, 13.886523549623035], [99.91559007116467, 13.867795393632255], [99.9032205415752, 13.838035312633776], [99.93976736226324, 13.836198194291422], [99.93799705200011, 13.829897488450856], [99.9630349236703, 13.827667934983275], [99.97157858283728, 13.80333017113651], [99.9558424113359, 13.781360143429136], [99.93992791379526, 13.743511303582405], [99.9509061506564, 13.72901033082144], [100.01451080585593, 13.742351929362712], [100.02930610141483, 13.749312567320063], [100.03200385076894, 13.698331703483161], [100.04680808995732, 13.686885147879003], [100.06840348986134, 13.691486976915192], [100.06130908165825, 13.642985360602395], [100.11590631001108, 13.652046226998554], [100.1427099594738, 13.680027061031971], [100.17040989537149, 13.682136228962406], [100.20680953982016, 13.677146523395212], [100.21960270562812, 13.682452803106903], [100.23240481343937, 13.66918699276042], [100.27711618311498, 13.68344721090386], [100.29491241884956, 13.71290401428561], [100.33761724857243, 13.737192762134558], [100.32721866329183, 13.807896271341022], [100.27231822547337, 13.915271417332278], [100.26801519234381, 13.918299133139236], [100.29941613783674, 13.959608283085835], [100.27141742818692, 13.991646881660628], [100.27451210068779, 14.020867348118902], [100.2841169831369, 14.166965349767317], [100.24791800369603, 14.175165634408234], [100.24360605098644, 14.205322529904693], [100.20460672683444, 14.176097635610523], [100.15900351539989, 14.16283623981494], [100.11940669329329, 14.144326483410717], [99.98277981205186, 14.1378073026173], [99.93682880180248, 14.122748885321457], [99.89836015409782, 14.09318951099119], [99.85794282197737, 14.057704003218442], [99.84820419156362, 14.051933919304707], [99.85811676504896, 14.039096160816616], [99.8367085761537, 14.003294099142307], [99.83472433625836, 13.994384743313734]]]}, "id": "00000000000000000148", "properties": {"ADM1_NAME": "Nakhon Pathom"}}, {"type": "Feature", "geometry": {"type": "Polygon", "coordinates": [[[104.7359541803988, 16.802271764899466], [104.7627756455475, 16.85146462183197], [104.73459407497958, 16.907671539247094], [104.72910054928367, 17.007568779661383], [104.74428374066022, 17.043375426248208], [104.76651239329178, 17.07980175429802], [104.80593081837196, 17.218488761126544], [104.8032419855898, 17.338790808583262], [104.79596920789217, 17.36212977039927], [104.79715087654986, 17.397236230800353], [104.73129884397574, 17.485044879795854], [104.69868498688592, 17.530202160058842], [104.5281734095397, 17.620614962008517], [104.47791046436687, 17.6462324534331], [104.39739240270816, 17.7481095683801], [104.38300290790627, 17.77752627230074], [104.36717759468166, 17.791750757470805], [104.3556106578846, 17.82372696034417], [104.33177676175436, 17.838780883907482], [104.28859040183002, 17.852394536359668], [104.26717777587541, 17.87704000244981], [104.21699952854753, 17.993070277132073], [104.19226488724803, 18.019900722282284], [104.17512409266061, 18.00109666153851], [104.15134373759685, 18.025095560288776], [104.12930234826355, 18.006398511543757], [104.11862724484668, 18.000646249162095], [104.1195993998209, 17.964928910042495], [104.12921317447244, 17.94116190811679], [104.07397384842724, 17.876406820066713], [104.04325951274117, 17.884517889922822], [104.0113145507433, 17.88634169917446], [103.99873987914889, 17.88901715098747], [103.9848944013396, 17.862035108926754], [103.98564354081694, 17.851904013517053], [104.00109876658559, 17.846254408218854], [104.00436280458477, 17.83256942544521], [104.01999646287894, 17.798818480604407], [104.01007045020187, 17.79079204283899], [104.02889230222931, 17.754450366956497], [104.03517966266539, 17.765491135562982], [104.05786307192332, 17.753594261614555], [104.05176755715104, 17.735352046811883], [104.06144819355413, 17.743539000319796], [104.06835095189935, 17.723232254628524], [104.06278152960368, 17.71999937319396], [104.0762881088715, 17.700080592208455], [104.07101298340541, 17.69906838485237], [104.07490582145043, 17.69027497349019], [104.06723614597779, 17.685356656615383], [104.07680540685855, 17.67713400888875], [104.08360994024396, 17.67735256521623], [104.07833037485216, 17.669344003070865], [104.06737436654507, 17.646277073281045], [104.04747785685345, 17.63813474850627], [104.03394447278852, 17.638714457283708], [104.03887183301202, 17.608722507472578], [104.05466591020277, 17.578306959112222], [104.03845264983065, 17.543071191183266], [104.03614725342584, 17.512463875275852], [104.01854724035847, 17.485633468382154], [104.01091768084113, 17.48034496034228], [104.04319714701577, 17.4120583375633], [104.0558252682419, 17.396273078442185], [104.05360463558071, 17.38673509409223], [104.06859620684813, 17.383863388474097], [104.0736394454694, 17.37271567626052], [104.07874506976984, 17.387996983907726], [104.09091398669413, 17.37692956127821], [104.0948959081557, 17.37207353079443], [104.10035830620885, 17.38817535279461], [104.09471760414043, 17.385129837304756], [104.0948959081557, 17.395925325475865], [104.11179150397294, 17.394948738117183], [104.11508232180108, 17.388420598201087], [104.1268543442482, 17.39468118273202], [104.13245493498341, 17.376630773946413], [104.14353134063649, 17.386155392196585], [104.14550676199588, 17.392308973318947], [104.15109399451833, 17.389049320605803], [104.14840066261168, 17.39786502024221], [104.14807069307699, 17.404446658315255], [104.15355545028638, 17.406729648811087], [104.16464964177668, 17.41300362050814], [104.17486544072366, 17.4104129030444], [104.17274295200062, 17.425266202696267], [104.19293815711274, 17.419736924444777], [104.20169139783884, 17.423683223889586], [104.22537814610297, 17.405066433239963], [104.27560989614493, 17.41609823817025], [104.32128894189114, 17.427460070585525], [104.39103822065537, 17.421810387391353], [104.41348085067311, 17.420004455564577], [104.41388665484267, 17.408276959887438], [104.41097934888892, 17.36684304279203], [104.4230366852751, 17.329341963119663], [104.40439766683765, 17.299657729298133], [104.4131464560878, 17.26887654469817], [104.4346527245351, 17.235000789709158], [104.41216095125475, 17.211916029831702], [104.39743254348387, 17.153519603240266], [104.4009330033713, 17.12765240202523], [104.3635879996176, 17.087837064923338], [104.36461801589336, 17.068497946761216], [104.35513354583966, 17.0649083779759], [104.35711782369836, 17.05620870819458], [104.36710176913567, 17.056293446297826], [104.39411057615938, 17.031117316789565], [104.40048256403944, 17.02087030104629], [104.35749239801021, 16.99325510648892], [104.35071007937502, 16.982892137647585], [104.32189988365117, 16.97038432965103], [104.30641783390458, 16.928700708654755], [104.27121768942597, 16.917579708482734], [104.30364428127962, 16.896751233492033], [104.35975762088631, 16.89856603767197], [104.36812737068611, 16.88526461900443], [104.39741469327032, 16.880163366223016], [104.40837078030181, 16.877108885001224], [104.41986184869499, 16.885714932907522], [104.46179972313944, 16.862277956992248], [104.48813069549699, 16.853573760890427], [104.51049756537958, 16.8479151060752], [104.56594197033175, 16.861622393862802], [104.59995155231752, 16.86111408807243], [104.6349956738512, 16.8538501847626], [104.64617909352407, 16.830020787858587], [104.65504377584918, 16.80516573194188], [104.67018238092587, 16.784925895104767], [104.7083835221894, 16.823679910930426], [104.7236693406125, 16.813486400129253], [104.7359541803988, 16.802271764899466]]]}, "id": "00000000000000000149", "properties": {"ADM1_NAME": "Nakhon Phanom"}}, {"type": "Feature", "geometry": {"type": "Polygon", "coordinates": [[[101.40801999570928, 15.053737869275547], [101.42882621777825, 14.996099511930142], [101.44782193463665, 14.921645918412095], [101.45862634609097, 14.861376719388211], [101.39462490562724, 14.826560034164276], [101.34001874142253, 14.791680963827964], [101.33502009205883, 14.759504056496908], [101.30982170461058, 14.753234553590614], [101.29801844997678, 14.737266510473752], [101.28662096076678, 14.743424563213562], [101.28052537089162, 14.725177896456445], [101.23181866506555, 14.734434982245583], [101.21232791393028, 14.750492278300516], [101.19942329121626, 14.751335035525944], [101.19492404831067, 14.746086666771285], [101.19932518438564, 14.698860334766975], [101.20702155155996, 14.660240004176197], [101.2115252372907, 14.620629881323646], [101.21822279499612, 14.58308421026613], [101.18872140656894, 14.540196590221713], [101.20232617394794, 14.524005565616417], [101.24062537794106, 14.47724746939165], [101.28042727007625, 14.50756931652798], [101.28912254471774, 14.486339570847335], [101.31382148107703, 14.494018092511906], [101.32922325649348, 14.467259050998345], [101.38132339115879, 14.435131216967843], [101.3922214026124, 14.420380499460347], [101.41042344293493, 14.42273495915846], [101.42812160219566, 14.385055573648593], [101.44351891474689, 14.42699340251529], [101.44582425141418, 14.445101838619985], [101.48892147870767, 14.458831393215126], [101.52322532722964, 14.424532003258227], [101.54542717326343, 14.424090472810004], [101.55942434994593, 14.431274078188498], [101.61522107740414, 14.429561824753906], [101.63042658088862, 14.410253911437394], [101.64472244779184, 14.402816159164646], [101.65072441545746, 14.39818308978855], [101.74222521310645, 14.301059480641833], [101.75232054480387, 14.320978269712962], [101.75202183539562, 14.341289496561066], [101.78082318224001, 14.344036295039174], [101.79082494390909, 14.35420749696897], [101.81962623550498, 14.343278211117942], [101.84561836566387, 14.360945190270908], [101.87362593011997, 14.374215479694737], [101.8762300888948, 14.386736586658866], [101.89832941866382, 14.34040657764204], [101.90702907010389, 14.330699141062997], [101.93713245108822, 14.323399512372523], [101.95143282728137, 14.310851646565215], [101.97322889314637, 14.31889142912176], [101.99443190685666, 14.30153212807601], [101.98443012835887, 14.276101841113245], [101.95213290207298, 14.248954820403076], [101.95673470163918, 14.239563983351834], [102.00433556361847, 14.203864403766408], [102.04453438384375, 14.186665708399744], [102.08332857780384, 14.159407220086923], [102.1481326874834, 14.134659165831524], [102.1709276496084, 14.143407969085587], [102.17503441649214, 14.178336066744194], [102.18903154031818, 14.193367702454497], [102.21613399808011, 14.164887418621719], [102.21623210756546, 14.145450235304859], [102.26103263189273, 14.14141029139751], [102.2747266056808, 14.139091505107272], [102.2759304860007, 14.126458933297197], [102.29343245592106, 14.13057018659014], [102.31762753436351, 14.118588599097967], [102.33212857375159, 14.120679918186973], [102.35562805447987, 14.126271608827091], [102.3639308403669, 14.162136123915857], [102.39253159046179, 14.14074137792117], [102.42652772842129, 14.153128792466878], [102.43782706219397, 14.151389692969657], [102.4556277955787, 14.187156213255669], [102.48393421621071, 14.192315375180872], [102.50552967439437, 14.182567780884552], [102.5216314679965, 14.19642668499317], [102.54412756973997, 14.19982447773923], [102.58042915912843, 14.224724075988112], [102.63773309436422, 14.271540234205593], [102.65593067926844, 14.298553398742524], [102.67163114400398, 14.306829496438239], [102.63012584511708, 14.318628349032913], [102.59802919333357, 14.323947979227924], [102.58933397462967, 14.335127028233197], [102.58442899889828, 14.354305547600337], [102.55993062694596, 14.37394795345583], [102.559128033858, 14.397434001219509], [102.57933219604972, 14.43312466835631], [102.58132989034642, 14.442230139945925], [102.59913062564675, 14.450073727346116], [102.60462866045552, 14.490120874823527], [102.59693232572201, 14.501460330837464], [102.55713037447708, 14.504390003565504], [102.48933416317483, 14.499159477870835], [102.49903276539422, 14.546996736844866], [102.49783323644601, 14.582624906014876], [102.47093150525787, 14.625111204101358], [102.47443181987994, 14.67056736345513], [102.45722864791334, 14.694347675678541], [102.48033124398127, 14.744325323655358], [102.43792519140422, 14.783832987125658], [102.44363283677414, 14.844650636928817], [102.49493483520473, 14.813601884192124], [102.51022955982342, 14.8028019436956], [102.55322866066663, 14.834648822449795], [102.55283180795371, 14.85530786687403], [102.54972820962014, 14.8977184117374], [102.57253208104369, 14.928365828708106], [102.55563213082888, 14.940664007605251], [102.58093302832054, 14.951521877362651], [102.62062790930173, 14.933284184019021], [102.70152943011367, 14.932432525460586], [102.71092920143366, 14.965380743485396], [102.73072758941491, 14.991520013090538], [102.75413342342294, 14.99374066918752], [102.76364019632193, 15.023580938740684], [102.7853382020807, 15.033310748649084], [102.77743671997207, 15.065055036151508], [102.76733241408586, 15.072327892765637], [102.78984194192849, 15.093526405790177], [102.85673734457058, 15.164091726263397], [102.88704142772619, 15.174111346835195], [102.91594087950857, 15.181981624049868], [102.95433817263384, 15.183270320614366], [102.98013847951471, 15.200629540738886], [102.96463867612444, 15.228137809009318], [102.96223519656976, 15.273183596642271], [102.9692761262855, 15.293196027941253], [102.95693783563556, 15.31466218573622], [102.99443882784061, 15.338924175141004], [102.98603788059629, 15.37095836413681], [102.96063884798806, 15.379287964109317], [102.96144154399306, 15.401917902669073], [102.97013677787423, 15.404129577437336], [102.98163676311265, 15.421676134608322], [102.98693863211088, 15.415250598504691], [102.9911346705585, 15.418795545611578], [102.99743532749436, 15.412218362806273], [103.01474114359641, 15.426545484319794], [103.01273902442595, 15.431909762202803], [102.98423639764223, 15.473745095565576], [102.96663639950351, 15.47855643874398], [102.9411391998437, 15.47459672767084], [102.94713674921442, 15.486596215120612], [102.94384143754941, 15.49020356038015], [102.93303706605543, 15.486832539937154], [102.92743640388163, 15.494185602666086], [102.93383966628869, 15.503192984549006], [102.91423748023583, 15.505681181310145], [102.8980420359686, 15.516329489221569], [102.88993982186425, 15.512013100251433], [102.88424108301002, 15.516882365879905], [102.8695394705851, 15.505832714999148], [102.83733575984614, 15.509591751142736], [102.83142751268817, 15.504940939037912], [102.80233628716921, 15.52992972652662], [102.78842834216394, 15.564518949289864], [102.77362866746125, 15.622995639405618], [102.78272963791164, 15.639766290224394], [102.74513050700381, 15.665673672688852], [102.72003023388548, 15.664634695387301], [102.69773023475986, 15.698073523336513], [102.70023181146084, 15.717439436410475], [102.67793181684198, 15.719227475417513], [102.6570275793058, 15.711160974624931], [102.60962733963085, 15.721372340242455], [102.58693050171443, 15.703870377265202], [102.54702599108947, 15.707009574442253], [102.50782607876832, 15.725068926297595], [102.44683002735242, 15.70506096771324], [102.4164279172532, 15.693922108423102], [102.38072829250764, 15.728141224895616], [102.36312823161545, 15.73354120160609], [102.36612919438178, 15.763836314563797], [102.32132867230759, 15.803673904416225], [102.29353508850384, 15.783255694376033], [102.262633506519, 15.777837916404714], [102.2554320664666, 15.75453911645648], [102.25523586537635, 15.74657958685409], [102.23253005314322, 15.743899728881843], [102.2092268381711, 15.752768827617114], [102.20382683749706, 15.736867694255595], [102.16992872717302, 15.741197504449373], [102.16163040548096, 15.73334053120956], [102.16043091132441, 15.720021186456933], [102.14933222153039, 15.69462220103617], [102.1454304473713, 15.672603091013647], [102.13082687442889, 15.663123091914745], [102.13113458074795, 15.648122668787396], [102.12583269873964, 15.650343319400742], [102.12683156794519, 15.643503029262693], [102.11192928011091, 15.638544478480194], [102.1102303148209, 15.632404307446407], [102.09573381061348, 15.62710689985353], [102.08673083927225, 15.622054803074397], [102.0803320604605, 15.612824464934938], [102.05332773107298, 15.560269463044552], [102.0444318094659, 15.539128851834684], [102.04332598192727, 15.504330018630922], [102.0372304074707, 15.466436564279904], [102.01763264243664, 15.452096093889766], [101.99152460991711, 15.4596052730807], [101.9529265869287, 15.449612418395128], [101.93632538888949, 15.451565472068152], [101.92792446848993, 15.431245324794059], [101.89242552837426, 15.394328437260942], [101.8779200549777, 15.391407734958683], [101.84302313585064, 15.412017711690096], [101.81892616357493, 15.418795523367672], [101.80932573313706, 15.425667065803646], [101.77841966730406, 15.377410672615433], [101.72932502353389, 15.380549849611569], [101.69552497908042, 15.385976563058943], [101.66322331552867, 15.394110012648953], [101.64292103118402, 15.383867377977156], [101.6264267975956, 15.360461572924182], [101.59631894982074, 15.369580466560254], [101.52522305894095, 15.369968409168647], [101.48652691502618, 15.345019733519461], [101.43382485840505, 15.349688371355303], [101.41622029424828, 15.311250937029028], [101.39132071002608, 15.32207315990161], [101.38551940391406, 15.327419658107498], [101.38831972984988, 15.234585636329466], [101.3629206463739, 15.245688793337056], [101.36962269496685, 15.196799228729835], [101.39562366844144, 15.140110635645467], [101.40801999570928, 15.053737869275547]]]}, "id": "0000000000000000014a", "properties": {"ADM1_NAME": "Nakhon Ratchasima"}}, {"type": "Feature", "geometry": {"type": "Polygon", "coordinates": [[[99.09504865299249, 15.888530622660525], [99.10118879125476, 15.835810733805584], [99.11376789549293, 15.816043473720116], [99.13675903144748, 15.801564806788548], [99.15601341412784, 15.791937630519124], [99.16842762935941, 15.783813095398898], [99.1729446622489, 15.776616106208836], [99.19693906354436, 15.775135664168063], [99.22904902881633, 15.756585856199262], [99.25573678731493, 15.718629990044512], [99.28501079831592, 15.708512306536498], [99.30229872301848, 15.690809633680013], [99.33959912576984, 15.68779976218833], [99.36889538293649, 15.666511984362616], [99.37391634246183, 15.652403417744313], [99.38651333102604, 15.62285294340809], [99.43267834183332, 15.60529303164708], [99.4786383622318, 15.561388714133706], [99.50410429052299, 15.563957108323436], [99.52465178850409, 15.56385899520349], [99.57515108535662, 15.595737114367349], [99.61337897564434, 15.629434534086142], [99.65867005427536, 15.655074448960256], [99.67816969265927, 15.66725218534539], [99.71603198174692, 15.681079878165148], [99.73907657360513, 15.683621538693204], [99.83945541919697, 15.62026221330447], [99.86989767178568, 15.618763922874274], [99.87266679272825, 15.652902857161525], [99.94124780704935, 15.667292338872123], [99.9509061506564, 15.49983084772524], [99.97902523672059, 15.495759675265125], [100.01191113529445, 15.481691195016742], [100.01960754251091, 15.500321274137574], [100.03131265497206, 15.501819544091399], [100.04670547683627, 15.465723177883072], [100.07051264296425, 15.455132735933162], [100.06031019323417, 15.422554609599535], [100.1035099904785, 15.418817891207114], [100.14550580826034, 15.397588074606949], [100.18390755831504, 15.36896955213154], [100.21521044141303, 15.353518809569884], [100.25850831073639, 15.29524280669339], [100.27411522550194, 15.249434450391266], [100.29131393831133, 15.214938809077552], [100.30471803806239, 15.172648679073419], [100.35241702436656, 15.144311120879665], [100.35521731576371, 15.112031685276403], [100.35001360098872, 15.10819244271455], [100.372817393565, 15.086833330121955], [100.40951579680105, 15.073344543119816], [100.43301528224653, 15.06122468132236], [100.46731469959408, 15.114082912657112], [100.48441529127605, 15.11136287626789], [100.50111469199771, 15.121774819008614], [100.51351099743867, 15.168550796371198], [100.57451595450146, 15.224557114783332], [100.59151397967732, 15.231856688916864], [100.59191980224503, 15.249046460849568], [100.59401559285074, 15.262664603102193], [100.58101732256404, 15.268983168973774], [100.59981682020548, 15.287724720840433], [100.61461658081988, 15.294252840421459], [100.63111974926701, 15.32159161374116], [100.6383122910767, 15.327803180592358], [100.63341620819725, 15.35008974173807], [100.65111432203305, 15.41701637474549], [100.77421679386615, 15.459962002586652], [100.767416666741, 15.500392614599587], [100.75181425561001, 15.507081298141811], [100.78011169059577, 15.531249606611569], [100.80011972295047, 15.542660496999408], [100.81701519462344, 15.567876710136716], [100.82119781939868, 15.584357503206201], [100.81351486393346, 15.590158853855224], [100.82581304134442, 15.616347148217328], [100.83241252305424, 15.652884941732049], [100.83573900223715, 15.673147174892161], [100.85151531989146, 15.695580896614484], [100.84001081029767, 15.707187930956184], [100.82201387467849, 15.712039465289042], [100.81981550084743, 15.758645920928528], [100.80780718465536, 15.8013953216417], [100.7797148591178, 15.80635386540143], [100.76341239275642, 15.830214515954397], [100.80281743403026, 15.853330520492754], [100.81506213237799, 15.871403213821461], [100.80741918965656, 15.884838517229586], [100.77421679386615, 15.901841033218174], [100.7758175482375, 15.94383685390242], [100.79081799316364, 15.9914867913632], [100.76641779803276, 15.999754036523926], [100.73042396647668, 15.992378658078653], [100.69801518046414, 15.994626015111628], [100.65211316246348, 15.990046511205591], [100.5824130291458, 15.95490433255684], [100.55231409923176, 15.926210014598984], [100.52631305516272, 15.914130373868247], [100.53961004844282, 15.9404256944166], [100.50121276572658, 15.929639065000078], [100.40831627462319, 15.930187589819026], [100.36811747778407, 15.936568524500332], [100.33791153979705, 15.937839355698474], [100.34741391213005, 15.972615944450423], [100.32841368233142, 15.98288518422616], [100.32281305640194, 15.965267343747849], [100.27291125887636, 15.933228639713839], [100.26590603037377, 15.941968495987926], [100.26220491170949, 15.955854188204361], [100.24221033243798, 15.947288174547058], [100.23140595385811, 15.92182675572914], [100.21970971156016, 15.924056315104867], [100.19230851452947, 15.93045509466757], [100.18010845007608, 15.925590200241938], [100.16600878375452, 15.970274855087773], [100.13290442174437, 16.02221450520434], [100.13270369401752, 16.034312063622966], [100.12020931483548, 16.047979185012412], [100.11330217330143, 16.080441461987025], [100.09751249274328, 16.106179406872727], [100.08191012119286, 16.12705690517252], [100.09381148820688, 16.152103637611777], [100.07711214393562, 16.171875311961593], [100.05430378357437, 16.17868430869764], [100.03860334780337, 16.19204383874395], [100.03411297922825, 16.175964252526754], [100.03920531341517, 16.155742247301827], [100.01560773582851, 16.145464060963274], [99.95574877454162, 16.082100236784388], [99.93129061385633, 16.05171141289493], [99.88814434902497, 16.046980358444166], [99.84590770453666, 16.01100432075813], [99.84814618881538, 15.97834140037329], [99.82209611149165, 15.942637348423192], [99.81180008228093, 15.929478552995267], [99.81172873777273, 15.917876002287121], [99.77663558461079, 15.922018473893027], [99.77713053668083, 15.895098934584473], [99.75333235755669, 15.866310971058283], [99.74279105591586, 15.854124205145029], [99.72866904741514, 15.868941818697612], [99.70687741420173, 15.874756510444378], [99.66590717214913, 15.853491063169464], [99.63292765436682, 15.882600047283441], [99.59885565737378, 15.89529957304102], [99.55997682427402, 15.910108191509439], [99.53998661709024, 15.921358510862397], [99.53168375749657, 15.918964007566466], [99.50125046420317, 15.922219124237337], [99.48376626736567, 15.917180328806309], [99.48330705040381, 15.89898279638789], [99.44738003100379, 15.90219778721625], [99.42852693848515, 15.914870544704387], [99.40805080069237, 15.910277648361994], [99.35856809964783, 15.921429874978926], [99.33331179265306, 15.912074694435338], [99.3269129619577, 15.923619264893716], [99.32585171629906, 15.917907163377297], [99.31720102335902, 15.914901742800065], [99.31213997044755, 15.901676089059674], [99.30262873109602, 15.904668122513252], [99.29643944126514, 15.889230758470443], [99.2786030799678, 15.907976789289403], [99.26943071773974, 15.907878659340318], [99.2315996641183, 15.937406875295702], [99.22502693292377, 15.93455298080009], [99.21798602167077, 15.943859171881115], [99.21000872232386, 15.934575325812332], [99.20086755562792, 15.9416875975069], [99.19033958480337, 15.927306985692566], [99.17743499814699, 15.933366907099284], [99.16811987989567, 15.921545834519765], [99.14526254212755, 15.90402158610901], [99.12943277793416, 15.905377100193247], [99.10159461680425, 15.885190809036322], [99.09504865299249, 15.888530622660525]]]}, "id": "0000000000000000014b", "properties": {"ADM1_NAME": "Nakhon Sawan"}}, {"type": "Feature", "geometry": {"type": "MultiPolygon", "coordinates": [[[[98.4808118699422, 7.76164063716085], [98.47671846161646, 7.758438989344737], [98.479322532812, 7.767459735261254], [98.4808118699422, 7.76164063716085]]], [[[99.29498134988245, 8.477807934808448], [99.29871356780346, 8.483141036546826], [99.33043121972467, 8.492817251548908], [99.33805179682005, 8.514640065621267], [99.3581400648677, 8.507536746297497], [99.38331613057451, 8.510947977204118], [99.39783497838043, 8.52242119468631], [99.41286656663755, 8.528342889387401], [99.4170625976764, 8.53828670369187], [99.40847884227395, 8.548859259327783], [99.42131214488403, 8.570766809548502], [99.44102585260703, 8.571284040841858], [99.43967468977829, 8.59435095597051], [99.45642309647818, 8.600883569569778], [99.45105876680726, 8.620552633356047], [99.4584029120574, 8.64184488630442], [99.47475446296023, 8.643066677393934], [99.49520833489842, 8.667765574446703], [99.4974691516141, 8.69074777948915], [99.50759129350494, 8.705913233370447], [99.52079915846315, 8.716343064258744], [99.53064931007644, 8.748693841874887], [99.5271132280912, 8.76433638328619], [99.52600289853017, 8.841180030766214], [99.56076156915354, 8.85057987065007], [99.5587148817351, 8.870409488269017], [99.5675661986476, 8.879211719880907], [99.58039057388439, 8.906042156671507], [99.6112207525234, 8.925804908929834], [99.62000968064027, 8.917461858427286], [99.62971711012139, 8.909105580559888], [99.63834994800436, 8.921925419151375], [99.65178077030369, 8.920119501137936], [99.69712978956414, 8.932150185700689], [99.69469514222227, 8.950998782018338], [99.69564047693838, 8.968884244848493], [99.70353752590056, 8.970373600280654], [99.71893932026077, 8.971479425743313], [99.74137299016957, 9.015227704385794], [99.74469055259077, 9.054744261076774], [99.75434904831644, 9.058454225842992], [99.76546554811304, 9.048265206006443], [99.78395301586355, 9.051025307869626], [99.7885502956629, 9.096905024813486], [99.78030541291639, 9.11459877624322], [99.76802059512471, 9.11965535754204], [99.75185192444916, 9.109858737392333], [99.74805273793935, 9.13813391919162], [99.73268222012724, 9.149482273525344], [99.73432767335777, 9.15803038776281], [99.74303630628495, 9.182872014466119], [99.75381390162015, 9.212382390579222], [99.75125885663076, 9.282809435501544], [99.7694296606393, 9.319445402438353], [99.77481179278954, 9.317777700280828], [99.77535141187565, 9.31263188154873], [99.78474223408442, 9.31092847630556], [99.80281940135303, 9.31670748255048], [99.79902917389826, 9.305252061990958], [99.82178396336052, 9.297051758343034], [99.8278127280072, 9.30900665842435], [99.84280865616748, 9.294224745612619], [99.8473480375122, 9.2562064469005], [99.859432167712, 9.252719415221408], [99.87873117532963, 9.218486902161285], [99.87533776745481, 9.198697375130662], [99.87923949940085, 9.128635971500342], [99.889816491682, 9.125969455421457], [99.90902626443552, 9.09711466097115], [99.91113990446665, 9.04635223470125], [99.92262212485946, 9.0054355387467], [99.91273629192165, 8.951944118419181], [99.95392500923548, 8.626523382891524], [99.97363421543851, 8.588875218721462], [99.98700264508733, 8.593802465687148], [100.00833492307075, 8.579060731713948], [100.00482114691934, 8.570178181338452], [100.01080085453569, 8.565928647765634], [100.0347685180063, 8.534411774090149], [100.08801912164155, 8.413146451365607], [100.09154623847499, 8.416597829856862], [100.13362675480606, 8.392215451449665], [100.17058377981056, 8.38660149024408], [100.16691398449485, 8.39735238180609], [100.14834182988112, 8.43882645992341], [100.1605151176409, 8.474615161870654], [100.15981060041788, 8.498828129371804], [100.12036985711039, 8.52038342875735], [100.1348128534049, 8.520633145587594], [100.16965186921675, 8.502078787904972], [100.21108584017622, 8.448654309623883], [100.2730807221679, 8.269197785028558], [100.3357400084081, 7.9334586773387645], [100.32051660868628, 7.941730327899662], [100.30401794358058, 7.912911119894705], [100.25941351326519, 7.913473024897028], [100.24301295562964, 7.899194960079726], [100.19491712001043, 7.880551470497612], [100.09520717285496, 7.856432198491898], [100.05910623150001, 7.836361743493878], [99.99662982716427, 7.855419992144784], [99.9660091722424, 7.8854297116666014], [99.95247581435635, 7.889844255931523], [99.80836658903355, 7.884783153474533], [99.7905346541448, 7.85929049793206], [99.75716266522318, 7.856864737973757], [99.73921931097505, 7.857274971369673], [99.73632088781436, 7.8828345028012965], [99.74432943312577, 7.920478242659071], [99.73929510308503, 7.941792789050329], [99.7534170955012, 7.969871729766317], [99.73923708936513, 7.9896968745107895], [99.71482798320716, 7.988573200646297], [99.66188952429633, 8.005531164986992], [99.61198330134862, 7.984395003222581], [99.59780330653467, 7.9620103411835235], [99.57804956102306, 7.94112831250606], [99.56739225819557, 7.92519599921395], [99.5505457795141, 7.913606779006389], [99.53995538774151, 7.878972954327994], [99.51641137599778, 7.871981048793615], [99.50293599454632, 7.876788003138755], [99.48727556633244, 7.876275140300251], [99.47680560914337, 7.8903659668361055], [99.46476606083202, 7.897045653646212], [99.44657296392154, 7.879307396580198], [99.42749691711099, 7.8793474582816], [99.42323849111644, 7.94798646026557], [99.40525045387965, 7.952044247551789], [99.39748272841712, 7.969260846388402], [99.4185965072721, 7.993955289870774], [99.40285593322463, 8.03230802497263], [99.4056250197238, 8.056815286521916], [99.39252419563988, 8.101214543199353], [99.35807757451768, 8.125797575123002], [99.30497868121088, 8.123015051650174], [99.29176184689081, 8.153310173331919], [99.30258853773284, 8.166567139399065], [99.30882238511805, 8.179569835759919], [99.320474008583, 8.198222253071501], [99.31655003051287, 8.227335715358679], [99.3355413227322, 8.258781293040599], [99.33406983280881, 8.284817979757237], [99.30059091032577, 8.307902779819447], [99.28809204673618, 8.312080939749833], [99.2779475746951, 8.344824121425601], [99.26747763505116, 8.346621142943395], [99.2479690178716, 8.364988215310515], [99.23748570851595, 8.384951564829294], [99.26386128734521, 8.440275695000667], [99.2733323721061, 8.451922842338707], [99.28959476990278, 8.465875341554012], [99.29498134988245, 8.477807934808448]]], [[[97.64506932381079, 8.67595695654249], [97.64692883561985, 8.68138812700618], [97.65027757160864, 8.674039611177758], [97.64506932381079, 8.67595695654249]]], [[[97.79818600165486, 8.829260836854845], [97.80266734937338, 8.82801682383957], [97.79948356492262, 8.824592205272472], [97.79818600165486, 8.829260836854845]]], [[[99.95803625318666, 9.31005004570151], [99.9643057877303, 9.312903909049671], [99.9595880514249, 9.304739267186893], [99.95803625318666, 9.31005004570151]]], [[[99.77276959404207, 9.326156306600991], [99.77926645468978, 9.32076977745967], [99.77481179278954, 9.317777700280828], [99.77276959404207, 9.326156306600991]]], [[[97.82964495817365, 9.42141607872749], [97.83207510853956, 9.425821739780577], [97.83331926285383, 9.418700498745583], [97.82964495817365, 9.42141607872749]]]]}, "id": "0000000000000000014c", "properties": {"ADM1_NAME": "Nakhon Si Thammarat"}}, {"type": "Feature", "geometry": {"type": "Polygon", "coordinates": [[[100.34260696828491, 18.817281595088634], [100.34110872140019, 18.784092489930128], [100.36310544078107, 18.776895514906556], [100.36370747023666, 18.74758587210362], [100.39310633310174, 18.740437868738052], [100.37770906500776, 18.714066766035785], [100.35610918859535, 18.678911258596447], [100.36490700041811, 18.642342127395974], [100.39390447865281, 18.634654656319334], [100.39440841182271, 18.623899251056862], [100.38240896587943, 18.613893057990033], [100.37460997886483, 18.564116119472907], [100.39120676987139, 18.551077754175626], [100.39521102546387, 18.520635471180668], [100.3951128945299, 18.507449895386898], [100.406715450698, 18.48303185398806], [100.41871494692504, 18.482550264694165], [100.43971282566699, 18.496649952069447], [100.44581737287591, 18.490648021649687], [100.47611249940803, 18.492222045899457], [100.50651465239875, 18.471692317213794], [100.53441525734245, 18.48163164475623], [100.54601331883194, 18.482220256347297], [100.55211784255957, 18.412792094835353], [100.53792005027275, 18.387134371056334], [100.516618939335, 18.384244904767957], [100.50141783711794, 18.352389092463742], [100.4874118317568, 18.341308270836745], [100.49601792017819, 18.334026530142616], [100.48561924891607, 18.311668606541023], [100.49591976622143, 18.274898797043804], [100.47311598673102, 18.242271573780048], [100.45991699441795, 18.210406867649382], [100.45981450527182, 18.188213923092842], [100.44411393051645, 18.151457560291572], [100.41961567612454, 18.149049607451683], [100.4014136306115, 18.13216750002191], [100.40001794311598, 18.097600482829385], [100.41151346419356, 18.067412387731707], [100.42331675799895, 18.014433849009613], [100.46232050516048, 18.01975350555554], [100.51171841787269, 18.017385747103077], [100.54671339375358, 18.013854141857], [100.55131522065984, 18.027316163343393], [100.57641547069551, 18.031980412710634], [100.58501264477124, 18.03869130708889], [100.61721624343144, 18.043181675521495], [100.67851103514217, 18.031146515514248], [100.69591497728582, 18.020886143107802], [100.73271143313299, 18.02611667857503], [100.7743148985602, 18.022745606002868], [100.82211194298993, 18.078832171255357], [100.85321867156954, 18.079759661131064], [100.87321322491555, 18.111080423038608], [100.88482032114256, 18.14229857513869], [100.90801212901965, 18.15165822695163], [100.90541690509684, 18.185244135138795], [100.92801560168641, 18.20832448872389], [100.9187183997657, 18.228002497491747], [100.93401307216334, 18.2467619006102], [100.99081313219898, 18.304221866868648], [101.00311131883194, 18.301269953293613], [101.0200113550846, 18.31775075789186], [101.06621653430628, 18.35249606997066], [101.08331269317662, 18.363389673560317], [101.09164233068783, 18.37820286444591], [101.0805882494509, 18.40345914406068], [101.05416803647574, 18.427172653375614], [101.05281247132342, 18.444790579554716], [101.07484486773365, 18.472209618395276], [101.08972493821287, 18.479651867622625], [101.10622807916556, 18.523203912905835], [101.13208187678173, 18.52812670620888], [101.14563309159945, 18.54100013040907], [101.14625743723587, 18.553293903280892], [101.18154223610804, 18.567424782743014], [101.18425342017842, 18.580298209804244], [101.18018671533204, 18.600622758760142], [101.1795089187466, 18.612818453896338], [101.21203364162807, 18.61959623504779], [101.24116488994211, 18.64195416599726], [101.24387607093448, 18.654149800343486], [101.25810502197685, 18.671763271315736], [101.2479427222906, 18.683281113667743], [101.23478389409392, 18.691659840112624], [101.22287371198807, 18.72935706553806], [101.23980932731428, 18.746970446766028], [101.24048710630561, 18.76932843679188], [101.24929830987793, 18.78762410833998], [101.25263369649097, 18.837458995134796], [101.24888363215065, 18.87308279235788], [101.24650690070636, 18.892140966184936], [101.25451544134408, 18.906378870707666], [101.27551785463591, 18.920206545460047], [101.27961573609485, 18.93659821086312], [101.29395623481892, 18.93762381890142], [101.29549457921537, 18.982700894941555], [101.30778834526427, 19.001652073074588], [101.34561935369776, 19.006325212302738], [101.35187102877605, 19.053306239320822], [101.31209584873488, 19.085679348055383], [101.25400266708432, 19.133298060026487], [101.25014107528317, 19.17049587504955], [101.24427291340143, 19.178370695808052], [101.25680743376313, 19.232517573312702], [101.22599948996402, 19.307764869841726], [101.23556427782015, 19.323336086220117], [101.24776881061115, 19.326533218001707], [101.2166131160997, 19.345872387545025], [101.20460476733608, 19.350179829598037], [101.19561076747354, 19.401704760401856], [101.22112121692544, 19.418493298754825], [101.20790449910285, 19.43807316330388], [101.21700993551613, 19.46947417142467], [101.24273449833183, 19.472394864896458], [101.2463195873264, 19.45958832567188], [101.26428538334824, 19.46259823264246], [101.26751375820872, 19.504134720979028], [101.28484181616545, 19.533948303635523], [101.27413552497364, 19.551530512174725], [101.28572026753524, 19.565384987016692], [101.27856337299441, 19.579524804357963], [101.24940087694142, 19.594204133727036], [101.24152159728106, 19.603260579892023], [101.20711966605677, 19.60504419199354], [101.19794288250053, 19.577522610192727], [101.1543685041146, 19.58211103724354], [101.11894986416486, 19.574468168292928], [101.1014256178597, 19.585981585998752], [101.09054984319219, 19.582441067647846], [101.07206239182625, 19.59205041721951], [101.06671149485369, 19.60453586372911], [101.06186894869592, 19.61778831099414], [101.02247723709151, 19.628833477653544], [101.0142145370953, 19.62008035017276], [100.90667878782656, 19.630527992977537], [100.89291807547485, 19.634349472280295], [100.87661108830142, 19.604790069843677], [100.85800771944642, 19.58261939867463], [100.85393207813443, 19.57064226958257], [100.81679229295126, 19.52730422239916], [100.76764401239349, 19.48587024687692], [100.75678168675147, 19.512192377991187], [100.68201596253476, 19.54546171121446], [100.63131153397691, 19.55797390968042], [100.60795916584247, 19.55278797396732], [100.608605763533, 19.534621676041652], [100.59757840000903, 19.50413027836035], [100.57552367216455, 19.500888543573335], [100.53465156120886, 19.521645683068915], [100.51388995886384, 19.52489187148754], [100.48341200536802, 19.547013482638942], [100.47421291528421, 19.523005638205806], [100.49651289571426, 19.486579281437834], [100.54121535232376, 19.491096333987397], [100.59281158749968, 19.479966447866527], [100.59641454601012, 19.470357094251302], [100.57541667409527, 19.4544113499731], [100.55461941674591, 19.420080664387335], [100.52291967616962, 19.395381720773806], [100.53961004844282, 19.362544939278347], [100.54001589985121, 19.349087367367055], [100.56097359052502, 19.33262436175479], [100.56931215049524, 19.304059353839506], [100.6171181319041, 19.306213121475942], [100.60841402584282, 19.243620676228506], [100.62541210173436, 19.201433151591395], [100.6310127727531, 19.163842886116047], [100.6362165283633, 19.14525738768887], [100.65221578013198, 19.115158424591606], [100.63672042139329, 19.096550650447774], [100.5911171771136, 19.09848583467895], [100.57401205686556, 19.10246789036246], [100.57431973636582, 19.093366841949553], [100.58691220540302, 19.08428811275292], [100.58181548001869, 19.060949196105135], [100.61651623456453, 19.04154318789628], [100.61661425954246, 19.029802376567847], [100.60531492298509, 19.01918964491485], [100.57591164854897, 19.02736324282218], [100.56321653172499, 19.03191593562072], [100.54771230817227, 19.043607698726944], [100.54251740219448, 19.039871004597774], [100.54851489861763, 19.003043275894388], [100.51511181120104, 19.000742396162117], [100.5084142216321, 18.99304148466533], [100.50510997303634, 19.01102059940673], [100.51021566098896, 19.027523743256236], [100.49811366957657, 19.04499003652886], [100.49011402705877, 19.053319615190734], [100.46371620690984, 19.049150386041447], [100.42710698276284, 18.974866239023374], [100.43011681343924, 18.954042257361024], [100.41690897196416, 18.9447539274182], [100.40920815736393, 18.936598197116812], [100.39390447865281, 18.917999296757035], [100.3874075917004, 18.884680929374163], [100.36760915030109, 18.85686945924745], [100.35610918859535, 18.834823666841526], [100.34260696828491, 18.817281595088634]]]}, "id": "0000000000000000014d", "properties": {"ADM1_NAME": "Nan"}}, {"type": "Feature", "geometry": {"type": "Polygon", "coordinates": [[[101.37421999510327, 6.205307302768171], [101.3958199232092, 6.15866067970579], [101.41432068859481, 6.1520121833710775], [101.43682130228942, 6.124169523049377], [101.44441964048383, 6.089210139479197], [101.46272426307284, 6.078138235866367], [101.47212405545298, 6.07841912831027], [101.484422280326, 6.009160407514869], [101.48162188958173, 5.9729479880585785], [101.4949278575057, 5.931433782828993], [101.49072296497789, 5.89749553777539], [101.49790209345427, 5.882762679686547], [101.51647424271378, 5.901722798584234], [101.52722065632594, 5.900188892727166], [101.5341278662859, 5.913490345881187], [101.57582932596434, 5.926283546946359], [101.58171535208841, 5.9329364976597], [101.59860196906982, 5.912469230453891], [101.61395022713992, 5.909909725809357], [101.62264096154712, 5.893691958761194], [101.62213716607845, 5.874348366825506], [101.6413291360169, 5.869229306284466], [101.65949100991033, 5.872555857328276], [101.66102491896893, 5.8103869987496735], [101.6684448788206, 5.807314735811458], [101.66691094676038, 5.793754583488722], [101.68507730572784, 5.77917335294102], [101.68942496118984, 5.7569134657927945], [101.71398564464826, 5.756146526428073], [101.71705804885002, 5.779686116013081], [101.74161872818016, 5.78377956563687], [101.75927227579744, 5.79478020662659], [101.77515117351061, 5.777964874899139], [101.77743421426938, 5.765055831078312], [101.81956831633417, 5.730248085602849], [101.8286737569693, 5.735081752386065], [101.81977338164955, 5.755486558494334], [101.83908130934176, 5.790856187251017], [101.86676783765651, 5.791311027910512], [101.86360187724623, 5.803082998907859], [101.87379542603031, 5.803274743591213], [101.88092554974315, 5.812295559197435], [101.8801362293167, 5.83241499602031], [101.9002735211048, 5.843950674427574], [101.91674098226076, 5.842746733137278], [101.94390583231113, 5.8729571792072655], [101.92613185623689, 5.908612106841148], [101.92754099388388, 5.923144358008854], [101.92969021053646, 5.949332608150828], [101.9353355053885, 5.94948426634931], [101.94468622178731, 5.957742507318429], [101.94290699781236, 5.982089154666361], [101.96806528109988, 6.004032391449907], [101.97071398421292, 6.01852894232787], [101.99128829096519, 6.040971590528839], [102.00406802886589, 6.0450249376805], [102.00325645567487, 6.0502688686127994], [102.01980866992504, 6.052315600396716], [102.04339735622193, 6.076479396932391], [102.06124266774597, 6.091435278595094], [102.06365944902386, 6.105806909839835], [102.09319651915409, 6.148489452115785], [102.07845034350804, 6.1714047519773745], [102.08261509719432, 6.229315098230766], [102.09090009512795, 6.241145137671814], [101.94375424777925, 6.347677533966785], [101.8678157253419, 6.427584616544457], [101.83842581673193, 6.440279676477566], [101.80225808528101, 6.468643954815838], [101.72231081522779, 6.581535056647655], [101.67263195845844, 6.575756042942823], [101.66062808891658, 6.610862554985269], [101.65502747682645, 6.62572027542931], [101.64182851061399, 6.622260012611052], [101.6401295876685, 6.637175713486101], [101.62923601348172, 6.628449296687251], [101.62593183768746, 6.632373292692596], [101.61163145618892, 6.633724396461884], [101.59072720733239, 6.62709814935928], [101.57823283912795, 6.608285236933009], [101.5785315686338, 6.593556772897814], [101.60233424364412, 6.584393372905007], [101.60122844110938, 6.566779927758213], [101.5987312734096, 6.557919642141921], [101.61153338086172, 6.539539221299473], [101.53862709214692, 6.459516231676571], [101.52832210497486, 6.441216083634998], [101.490424232117, 6.439909549512287], [101.44962338411827, 6.431789507269365], [101.43542565399818, 6.428351544047606], [101.40912586708639, 6.322474683471782], [101.40502345453974, 6.293931973318915], [101.39442423621675, 6.221422487614985], [101.37421999510327, 6.205307302768171]]]}, "id": "0000000000000000014e", "properties": {"ADM1_NAME": "Narathiwat"}}, {"type": "Feature", "geometry": {"type": "Polygon", "coordinates": [[[102.05932519709727, 18.080111964333287], [102.09409281686114, 18.053624878698322], [102.11344976443212, 18.054534480554107], [102.11204517312834, 18.034201001840188], [102.10899519596771, 18.0254121087459], [102.14578276936443, 18.030174484976552], [102.14584513893664, 18.00098516116167], [102.15935627201637, 17.986421765967595], [102.18086248825462, 18.01407262996707], [102.19718723546215, 18.01188766358356], [102.20655137364741, 18.01800999510897], [102.20984661886443, 18.004325031309698], [102.24918479954405, 17.993855061367693], [102.28249428646244, 17.978899268537965], [102.28717641429093, 17.987514255323195], [102.30594471933617, 17.962538810806304], [102.32980541519721, 17.94135805474561], [102.36933083410214, 17.906501239391638], [102.40023689040186, 17.87606348693316], [102.4034875877837, 17.84163470772305], [102.43166459558584, 17.816026148761658], [102.44153705264192, 17.81655232939616], [102.43602113256689, 17.788772061977596], [102.4533983088664, 17.767350590716834], [102.46785025016663, 17.751801653154054], [102.49871616833298, 17.752198522304855], [102.53174026754579, 17.755435864667806], [102.56880872884551, 17.71702960679073], [102.59205846736717, 17.69254914151654], [102.59205846736717, 17.671823280080403], [102.6040133657461, 17.639949557303208], [102.59889432829434, 17.61796626078921], [102.647873100959, 17.60840144110562], [102.65776776046401, 17.592000878850687], [102.70152495947144, 17.614086825395955], [102.73113338003961, 17.600076320434976], [102.74260666397795, 17.614189333456167], [102.76735469211226, 17.625123089279615], [102.76571814545605, 17.629796248502036], [102.76628000140367, 17.63937436368071], [102.77875659397462, 17.653420501362223], [102.78910619070646, 17.677646807476613], [102.83450428590947, 17.6924555489357], [102.84295871354577, 17.715018567152264], [102.85086921159898, 17.730848415304873], [102.84784590521974, 17.74226363438492], [102.85225599451786, 17.74949185030244], [102.85251456987667, 17.76437637861877], [102.85178325771828, 17.77287096599987], [102.84569665364002, 17.779488220927576], [102.85189033867096, 17.78022845940673], [102.84273579133135, 17.791443089348054], [102.8399889675258, 17.80048614328442], [102.8299247844996, 17.804726740953356], [102.8415852911512, 17.806764614823088], [102.84376580076959, 17.820284576983234], [102.85180555161362, 17.82427992838336], [102.85074431415704, 17.83286365860916], [102.86939225641889, 17.844056012607528], [102.87605859764247, 17.86069297799418], [102.87459604052961, 17.882662931175656], [102.8915540221531, 17.89282967627624], [102.90030725581957, 17.8842548510355], [102.93209165937782, 17.88345665228847], [102.95968461567608, 17.838062994813917], [102.97208539089506, 17.817667049850986], [103.01376908337893, 17.863876771994846], [103.02486333563066, 17.871385825113922], [103.04178554452119, 17.87400331881489], [103.04317680921326, 17.887799838630432], [103.06453593175273, 17.872478302539648], [103.08876666547229, 17.869298962398656], [103.10952822403465, 17.85048603738216], [103.11413450190261, 17.857223792243747], [103.11944528741111, 17.841946883920336], [103.13002223844572, 17.833617281619375], [103.12973245653056, 17.822857433771702], [103.14879062736287, 17.799915419383847], [103.16733605593294, 17.803157120659417], [103.1852437919637, 17.85447692114478], [103.23279560498705, 17.870043679736], [103.26929340804362, 17.853932911806098], [103.27773442926424, 17.831410054750048], [103.30376221157788, 17.82587631833344], [103.34574020985366, 17.862958165646447], [103.35884102354333, 17.874681139458986], [103.41785275140869, 17.876116952254513], [103.41030799046699, 17.898555154514565], [103.39999412412769, 17.906452188828176], [103.39718037793415, 17.923231840206135], [103.41315288513685, 17.930910407616114], [103.40646422956313, 17.948242885276226], [103.39076821963478, 17.956563640808266], [103.39052737876814, 17.981258099419176], [103.40177774119663, 17.980981620081504], [103.40853774419867, 17.988151909181873], [103.42708757384227, 17.97848898067909], [103.44675670527455, 17.963488614256583], [103.45303513184754, 17.971399054813677], [103.44047382273648, 17.9797642718588], [103.45017233173793, 17.98899021479154], [103.468124733145, 17.98865574873858], [103.47959793426266, 17.99907218593133], [103.4973541472597, 17.98571278332612], [103.50667363517037, 17.99955827122821], [103.50176415572504, 18.055123127347173], [103.5148025399698, 18.06945465195571], [103.53771789115906, 18.066016734166787], [103.54515120705463, 18.08432127398353], [103.54997150055077, 18.073766582917052], [103.5435949963158, 18.065602018641055], [103.57864353497129, 18.04414038448111], [103.58458746092997, 18.034071678387807], [103.59561930214535, 18.046013153084736], [103.61053496914306, 18.020953028593997], [103.61974305041267, 18.010246690486998], [103.64259144684156, 18.009970302667583], [103.62390337649668, 17.996655394717443], [103.62702920494766, 17.966712494486185], [103.64144991789719, 17.969432551650634], [103.64449110217876, 17.960162119305814], [103.66445887507786, 17.969753675515232], [103.66514564188414, 17.94701669913192], [103.69069626455766, 17.950521521955647], [103.70769438933279, 17.936948022660083], [103.71848984222714, 17.94007387250469], [103.72531671106788, 17.923352237625117], [103.74967232518976, 17.910318284586793], [103.76419120740498, 17.951801253473523], [103.75762738825547, 17.924105817819985], [103.76225147602234, 17.917345801307743], [103.78305759611979, 17.928123471469018], [103.77784049044094, 17.903009779821765], [103.78676756266863, 17.88975734583903], [103.76502055919762, 17.882903726654156], [103.79505262144657, 17.84068937242546], [103.81043203158677, 17.852532797039455], [103.79501247531773, 17.871831741279866], [103.84184193025591, 17.86986976045499], [103.8613193426996, 17.879122427593447], [103.86781175493044, 17.869468484828648], [103.86790536159965, 17.86127259522974], [103.8853851002973, 17.874288762614874], [103.90545105926849, 17.87565322750603], [103.90300743389079, 17.843088426770755], [103.9181684026825, 17.854766748944236], [103.92034889505385, 17.821943324680785], [103.9277108351524, 17.81055483494098], [103.94518165314597, 17.780277550086527], [103.96059225024709, 17.773463961212993], [103.97331858654577, 17.778516181167777], [103.97744767946314, 17.769954698093294], [103.99097662774302, 17.786333004868236], [104.00135736458311, 17.787585969414007], [104.00140199935473, 17.804784729818522], [104.01322301393381, 17.810996284929693], [104.00436280458477, 17.83256942544521], [104.00109876658559, 17.846254408218854], [103.98429686367813, 17.85727284040794], [103.98729786057297, 17.87039150288719], [104.00319005885295, 17.892049342046494], [104.02674304827, 17.88146785730187], [104.06005701547338, 17.882894804562284], [104.07943180015941, 17.878480248533155], [104.12921317447244, 17.94116190811679], [104.11654486320785, 17.98999791156833], [104.1202236636976, 18.005502284188463], [104.13690962923705, 18.012083863830558], [104.15621749486212, 18.025831301682093], [104.17512409266061, 18.00109666153851], [104.19226488724803, 18.019900722282284], [104.1100256315048, 18.109100551169128], [104.06930964601067, 18.189823625966994], [104.06075703272477, 18.221162180583676], [103.97817003767996, 18.33305890692337], [103.95895135299972, 18.340264769654564], [103.9137003425606, 18.32144291946214], [103.8686634187342, 18.286189322782], [103.85679776039159, 18.28340682401613], [103.8318490880408, 18.329304357249764], [103.80237887094619, 18.342266899865184], [103.76130615334476, 18.340701802279913], [103.69452216434783, 18.344389464052053], [103.61096757699653, 18.40273236171977], [103.57052353658611, 18.405537133359545], [103.53087760653912, 18.42515720627098], [103.46080282285249, 18.42555845289245], [103.40313775379926, 18.448384589032333], [103.33028051199406, 18.435225786901064], [103.30583123316116, 18.432768848591852], [103.27039474246324, 18.398224221587], [103.26314874677784, 18.383727634958802], [103.24264582054141, 18.3622035614944], [103.25457388388395, 18.336260482615074], [103.29061679689144, 18.32384636215428], [103.29462107640889, 18.304627680120653], [103.24856748723334, 18.28551153274626], [103.16607855263705, 18.255773714733337], [103.14925880234023, 18.22493909616845], [103.15446709338808, 18.192503606126884], [103.14365375291523, 18.168076629923092], [103.08228761428677, 18.13112403299341], [103.07190680758961, 18.074328467848797], [103.07940255688271, 18.039801628286913], [103.04086258549233, 17.980656151471386], [103.0181122136591, 17.972362182998207], [102.98260443641514, 17.994577438658588], [102.95281317080685, 18.00501177901988], [102.85352236961727, 17.970221876231854], [102.80769612282063, 17.93964132459185], [102.78019244627126, 17.92713354082182], [102.75717898378925, 17.894211990047815], [102.6881298418019, 17.86905822415145], [102.67822611889403, 17.844970123333393], [102.69642818779732, 17.825167310858777], [102.69348070996605, 17.810715296549628], [102.67742349461699, 17.803754662029636], [102.64988853846609, 17.810131192201414], [102.59686988060193, 17.835333991966788], [102.58348813611816, 17.865138615892143], [102.61265949806658, 17.903848111635252], [102.60623396005637, 17.952019763911313], [102.59339174947108, 17.960853269320804], [102.5500314657657, 17.968487254325186], [102.52288892526141, 17.96496459993596], [102.50078964126747, 17.970221870856662], [102.46894273411856, 17.967809439400966], [102.40861999826062, 17.998702120464632], [102.33801908200664, 18.04837650665858], [102.29490399783073, 18.05187687716112], [102.261126327786, 18.079688301048943], [102.24529205952648, 18.10211762136141], [102.21976367065332, 18.11660522643121], [102.18272642304767, 18.1531698379601], [102.15957472357701, 18.204204229376714], [102.13670850619404, 18.210215092470133], [102.10970858788828, 18.206937673202038], [102.10115604050286, 18.156714849855337], [102.08175001695525, 18.148238050390486], [102.07240378858455, 18.131957913819214], [102.05932519709727, 18.080111964333287]]]}, "id": "0000000000000000014f", "properties": {"ADM1_NAME": "Nong Khai"}}, {"type": "Feature", "geometry": {"type": "Polygon", "coordinates": [[[100.26801519234381, 13.918299133139236], [100.3037191400915, 13.855586338082059], [100.32961317062413, 13.80341042209287], [100.46681079056243, 13.793529008191813], [100.48461148879139, 13.791540280311505], [100.51281538075116, 13.80712039460509], [100.51841599161851, 13.812257220286185], [100.51621319143327, 13.819766367562753], [100.54941562136574, 13.848126264845854], [100.57121173116471, 13.948277661131508], [100.5422142069712, 13.9494682946957], [100.49872011253153, 13.934311751115333], [100.46581198676606, 13.96918636359181], [100.4450147401326, 13.972588655761829], [100.35791951797846, 13.999717844552734], [100.33391616468124, 14.059041710855624], [100.34721321437091, 14.112171930514535], [100.33331424869932, 14.128639351690648], [100.29931802563009, 14.134240032571844], [100.28151731901247, 14.1110927962287], [100.27931009048724, 14.083642594295899], [100.27102056674386, 14.003637447229183], [100.28042033152433, 13.977128055493624], [100.29941613783674, 13.959608283085835], [100.26801519234381, 13.918299133139236]]]}, "id": "00000000000000000150", "properties": {"ADM1_NAME": "Nonthaburi"}}, {"type": "Feature", "geometry": {"type": "Polygon", "coordinates": [[[100.55421367255234, 13.95093973832701], [100.60321913376947, 13.945321304631719], [100.61411272207575, 13.944179741150025], [100.61351969286878, 13.95284827034695], [100.66581603002794, 13.92987054020386], [100.69511231231927, 13.928051234031548], [100.69141575737879, 13.914272556141805], [100.91741188551907, 13.948509503436046], [100.9159181080248, 14.215462582109762], [100.9506143802098, 14.23790519756917], [100.95671888801144, 14.26696072651877], [100.89931687723961, 14.24604303556037], [100.89721658218285, 14.273542353363393], [100.62621476675865, 14.141000048584626], [100.61941458747475, 14.12583912061186], [100.59681592367012, 14.127047531829373], [100.54951374676551, 14.109242264601786], [100.51311410224667, 14.121339802022492], [100.48501726811199, 14.109251194563678], [100.34921096078199, 14.111828601029876], [100.33491505605599, 14.048255161996206], [100.3635157319435, 13.994536415243545], [100.4450147401326, 13.972588655761829], [100.47361538437875, 13.963117535498565], [100.49872011253153, 13.934311751115333], [100.55421367255234, 13.95093973832701]]]}, "id": "00000000000000000151", "properties": {"ADM1_NAME": "Pathum Thani"}}, {"type": "Feature", "geometry": {"type": "MultiPolygon", "coordinates": [[[[101.66342842169863, 6.594399586180438], [101.65502747682645, 6.62572027542931], [101.64182851061399, 6.622260012611052], [101.6401295876685, 6.637175713486101], [101.63243317161049, 6.6329797398984764], [101.62593183768746, 6.632373292692596], [101.61772706436905, 6.633287398042251], [101.60443002458803, 6.62955954732404], [101.58592919712153, 6.626643288664075], [101.57673009453552, 6.598452898798892], [101.5840296308815, 6.593249141963485], [101.60503197610261, 6.580036793201351], [101.5980312095068, 6.56327058388564], [101.54772814238122, 6.549478571806199], [101.51083353564977, 6.602327838562674], [101.48782453042878, 6.595367200691984], [101.4551259367828, 6.574520865062966], [101.4395235844821, 6.5793456635362], [101.39311768635014, 6.567992752295311], [101.35412734422837, 6.56436751723417], [101.3364246466788, 6.547846522146461], [101.31522167008714, 6.552711388228567], [101.29492379702548, 6.604530640124548], [101.30372607752832, 6.622478481631919], [101.28912254471774, 6.676999976529364], [101.29782221391793, 6.678707784680838], [101.28692419281911, 6.681409993352887], [101.26092322449928, 6.636903679432168], [101.21491865463759, 6.600343530642585], [101.14142821408547, 6.605877277893538], [101.11632348356042, 6.6307813603060675], [101.07682023919375, 6.64579071488888], [101.0510243557411, 6.664532323278131], [101.05551913243681, 6.69369039083232], [101.02592414174313, 6.743792844277927], [101.0318234838817, 6.7485729679497775], [101.0285282329428, 6.770520649017258], [101.04542374043066, 6.841241998456694], [101.06377293018939, 6.854449881159928], [101.06974812528173, 6.858052825845729], [101.13915851575065, 6.859662556788185], [101.19717584816962, 6.868277532671351], [101.23935447951155, 6.890087019427045], [101.23444061367488, 6.90025818457486], [101.24206120064606, 6.90449885133242], [101.24526731819805, 6.899023061889954], [101.25649529900211, 6.902911389343175], [101.28414175983028, 6.8886912740285915], [101.29245347354878, 6.8787341073399855], [101.30488098521194, 6.8850437424524795], [101.32750644541893, 6.874252724363537], [101.34439757978433, 6.886171954603104], [101.34233295948822, 6.911111672850363], [101.38963955425925, 6.895308641568098], [101.49669815332315, 6.869017746183267], [101.52456755026611, 6.865111581084394], [101.54023682533234, 6.849990788566085], [101.55696732157966, 6.846142565975032], [101.62977109435639, 6.722696780483922], [101.63867143068839, 6.7184384011577825], [101.72231081522779, 6.581535056647655], [101.67783575746908, 6.573999138934492], [101.66342842169863, 6.594399586180438]]], [[[101.32835818289594, 6.920324165437806], [101.33992508315451, 6.915548467538233], [101.33198790712248, 6.910496286739527], [101.32835818289594, 6.920324165437806]]], [[[101.28597885589106, 6.939453681235698], [101.28642474719565, 6.951578015766831], [101.32448764374516, 6.929295918564578], [101.31462412101207, 6.923258248203043], [101.28597885589106, 6.939453681235698]]], [[[101.24341679413722, 6.931240071788159], [101.24228413379305, 6.93570808735117], [101.2449239149075, 6.942111307643948], [101.2809980555436, 6.952019461216713], [101.27771612715577, 6.94467981945818], [101.24341679413722, 6.931240071788159]]]]}, "id": "00000000000000000152", "properties": {"ADM1_NAME": "Pattani"}}, {"type": "Feature", "geometry": {"type": "MultiPolygon", "coordinates": [[[[97.64962651940415, 8.481459876078535], [97.64988073118336, 8.475275099634015], [97.64491329758346, 8.483033953445155], [97.64962651940415, 8.481459876078535]]], [[[97.64310730901899, 8.501989653920464], [97.64569359775165, 8.493825011728775], [97.63841190764354, 8.50214568331915], [97.64310730901899, 8.501989653920464]]], [[[97.63914322068656, 8.571359855444964], [97.63861261241838, 8.56576371278472], [97.63352920724323, 8.56854166686039], [97.63914322068656, 8.571359855444964]]], [[[97.651294268186, 8.634326832968727], [97.64629561104003, 8.631254498897485], [97.6491450012877, 8.63993191182932], [97.651294268186, 8.634326832968727]]], [[[97.64951510027042, 8.667988542349676], [97.6491450012877, 8.63993191182932], [97.63703852311257, 8.661397992965982], [97.64951510027042, 8.667988542349676]]], [[[97.81108612445352, 9.077467860732204], [97.81646830617863, 9.070003280231376], [97.81389987889092, 9.061593458497036], [97.8090394129116, 9.065031423808696], [97.81108612445352, 9.077467860732204]]], [[[98.29707911482723, 9.1350481756327], [98.30167640286496, 9.132363775216795], [98.30443660009894, 9.139043528251369], [98.31672144749862, 9.122446745373594], [98.33203403149888, 9.088834072530187], [98.32815900359277, 9.068866247683376], [98.30844538855015, 9.055181271842773], [98.30370091056494, 9.040417149044732], [98.28892342760751, 9.039467323150847], [98.28764812568593, 9.030223648136998], [98.2469365591335, 9.031672847842033], [98.25024071216788, 9.117265329250147], [98.25689370764383, 9.132029374925073], [98.25970741629169, 9.16789842940975], [98.29286080001928, 9.165530595444608], [98.28880299540532, 9.162458274438217], [98.29352071020573, 9.159653513315519], [98.29707911482723, 9.1350481756327]]], [[[98.3061979575731, 9.264121352966443], [98.31516077051454, 9.255185259431517], [98.28821887695139, 9.205805208387737], [98.29523753993695, 9.199874616200896], [98.28382669447693, 9.183478527253765], [98.25970741629169, 9.16789842940975], [98.26466147061042, 9.206879826286798], [98.26938365621012, 9.205140824713235], [98.28746530915748, 9.22875170979066], [98.3061979575731, 9.264121352966443]]], [[[98.59553122801103, 8.07643081228566], [98.59261498050705, 8.069947345258289], [98.60732549327206, 8.046804541406498], [98.6009980677242, 8.027563577723074], [98.61408550982289, 7.962478479356836], [98.59503176153673, 7.893192977157718], [98.58773226059904, 7.913780705194118], [98.58062889890282, 7.912416183074616], [98.58311262711602, 7.896746942985553], [98.57852865536182, 7.898802542694991], [98.57553660033216, 7.914266727536037], [98.568500101814, 7.948668704450728], [98.56953465270556, 7.969412441606658], [98.5658157507297, 7.987592203455608], [98.57344530033812, 7.987904307448046], [98.58382607572274, 7.987761629734493], [98.5888737335863, 8.007105235446112], [98.56647127957827, 8.033806303842626], [98.55773141666988, 8.02877200010355], [98.5491431649622, 8.047999585679351], [98.54074225600048, 8.059495219926276], [98.53738005858307, 8.067780227902885], [98.52460476966019, 8.089009979928605], [98.53140484481446, 8.091783500124922], [98.53363441326721, 8.103435193661356], [98.56689930441274, 8.080818603879795], [98.59553122801103, 8.07643081228566]]], [[[98.67581282857061, 8.082883127072934], [98.68068221273279, 8.081068321859645], [98.67617405719298, 8.075347284490809], [98.67581282857061, 8.082883127072934]]], [[[98.62703031469032, 8.176711566207796], [98.62958091311636, 8.185549489109173], [98.63564079294305, 8.186240690513825], [98.63033448101146, 8.148886792874414], [98.63489615027284, 8.14777196542869], [98.62725322228292, 8.13469348082898], [98.6252377653459, 8.12174425996942], [98.61599850335558, 8.080591192580059], [98.60962640654984, 8.081144111582452], [98.60574702628631, 8.099533482613722], [98.59271753700345, 8.094820196468461], [98.56612339591611, 8.114524967466512], [98.58688947831446, 8.117227136200219], [98.59682879954377, 8.14082474788049], [98.62122009777299, 8.176207696227053], [98.62703031469032, 8.176711566207796]]], [[[98.555586546459, 8.131897566110549], [98.54186592674827, 8.13612925202938], [98.53813363434227, 8.150500965210524], [98.555586546459, 8.131897566110549]]], [[[98.53856175050137, 8.183123767054914], [98.53842348606301, 8.166995185491505], [98.53490084479209, 8.171744142662925], [98.53856175050137, 8.183123767054914]]], [[[98.48732219409645, 8.195653795526477], [98.4933464283388, 8.19991676852822], [98.49505872961996, 8.172288134471186], [98.48734003068591, 8.178290107331431], [98.48732219409645, 8.195653795526477]]], [[[98.48695658681294, 8.284251672146388], [98.49158953008579, 8.30064780101593], [98.49914777467515, 8.295426201185558], [98.49822473862893, 8.278410297729554], [98.48695658681294, 8.284251672146388]]], [[[98.23997139510873, 8.590654389942813], [98.23815210917266, 8.6145239370125], [98.23208773011409, 8.617315309075593], [98.24620077420309, 8.637617657269194], [98.23790239694908, 8.70390216963967], [98.2265317070244, 8.726215532904847], [98.22550164530709, 8.733961009193973], [98.23942296722353, 8.736426850943475], [98.26174070982725, 8.763324129730327], [98.25416024539985, 8.80749156476589], [98.26170506096284, 8.816592556567409], [98.26708272398442, 8.871091668832422], [98.24888068601028, 8.912476604346661], [98.26297148282225, 8.953558302080687], [98.24970113946729, 9.00436977263966], [98.26080432757237, 9.014228831927538], [98.29488966049328, 9.002630756304358], [98.33368389611958, 8.97732978725411], [98.35871279695954, 8.983563602372657], [98.35451680742709, 8.995482791651177], [98.33596249605233, 9.008052953431665], [98.31976252262399, 9.0364975678097], [98.32973758592868, 9.055823373239184], [98.35824014593373, 9.069673329647689], [98.37406998643438, 9.060674828426906], [98.38568144265649, 9.06232913134834], [98.37316027854615, 9.07886353730038], [98.36496003075202, 9.079532389547454], [98.36450966196936, 9.093734638411265], [98.35740185397256, 9.093935311563612], [98.34728859068944, 9.119454733159863], [98.3429275929515, 9.117488210026602], [98.3448851082755, 9.124555949637559], [98.33723779374044, 9.138245395223521], [98.33144096497463, 9.126299431497932], [98.31133482799892, 9.154052878731687], [98.3143402586008, 9.177445347306588], [98.31724312865042, 9.173900358758583], [98.33736707972824, 9.155399511439544], [98.32813226382856, 9.167202745338155], [98.31679722638751, 9.19894707043779], [98.33231489782514, 9.220876969454391], [98.33410750349988, 9.203317054334498], [98.34597759824881, 9.221670675248602], [98.36494665424996, 9.205332555128273], [98.3666723264547, 9.223944826675497], [98.34506346947745, 9.239368847593946], [98.35469067778038, 9.250579050631863], [98.36787624915229, 9.28020081124495], [98.36212844604758, 9.27877837722031], [98.36399241423267, 9.285788108570856], [98.37415468682386, 9.288374358606488], [98.39212036675629, 9.34498714717006], [98.42323151565203, 9.352821761806927], [98.4509894666136, 9.347872203570684], [98.46855826596155, 9.328457199702404], [98.46229768736602, 9.313006481676995], [98.47309764542617, 9.314692031664798], [98.48380394662249, 9.305680140470448], [98.50708043751028, 9.304449415409835], [98.5276949363354, 9.29424704030149], [98.53253750999414, 9.248023946649752], [98.51372454834728, 9.22101070888123], [98.49802406919018, 9.188923040702365], [98.50363355070924, 9.156063963437843], [98.48803122271637, 9.145602872732363], [98.48801338596321, 9.107276945351945], [98.49402419216304, 9.075501361642715], [98.47636621852746, 9.058828759294148], [98.49168315659644, 9.020186184870802], [98.50894885132851, 9.000164871161124], [98.51186506314471, 8.987777455141401], [98.4627302284899, 8.967336912468548], [98.45393247860947, 8.951828223561847], [98.46120525377059, 8.931784531842894], [98.4524520440309, 8.897123934340726], [98.48844146920497, 8.885985091211738], [98.5360245125878, 8.856483650360142], [98.56301095597841, 8.811067713106157], [98.59955777212267, 8.798430665560671], [98.59959341437145, 8.720137770892366], [98.57741391496026, 8.684781567470317], [98.54367184614871, 8.664572888654236], [98.56730067419544, 8.641095742620191], [98.60581387143503, 8.626032897108391], [98.62213867636514, 8.635686860196374], [98.65335678716113, 8.655449544966885], [98.66752787169867, 8.646321786670661], [98.69822876434333, 8.640707823165735], [98.70538119691786, 8.633854148470453], [98.70556847309616, 8.588326759741836], [98.68157850258976, 8.572523703709106], [98.65395432314904, 8.552662819484969], [98.65641576745993, 8.500054372761086], [98.65379377685535, 8.47889149875472], [98.66549892966137, 8.46769915440982], [98.66863813839173, 8.442072654250797], [98.64994563426636, 8.411781981125197], [98.66000086108814, 8.3958853144548], [98.6618692620065, 8.381625140476462], [98.63438778374773, 8.369228829719205], [98.6305619287621, 8.37873557998958], [98.60822629090373, 8.368047113933832], [98.50737033765303, 8.325939841001246], [98.47817659976539, 8.305615289450975], [98.4685226016896, 8.304304307799756], [98.46068800665334, 8.28954467984196], [98.45967578971243, 8.262687466473428], [98.45565367639738, 8.240213586826291], [98.46136581121448, 8.23894278787627], [98.46823720440442, 8.218952638650286], [98.45814627308506, 8.20847820094461], [98.46749705181165, 8.20918724372078], [98.46436230466462, 8.198717243739216], [98.4510563424573, 8.201093951811394], [98.43824530776054, 8.171579105728641], [98.44244131611548, 8.149346097594405], [98.42734727770383, 8.134742511126433], [98.42603186593412, 8.145703020145426], [98.41174932586105, 8.16720478984363], [98.39983905971447, 8.1383410199475], [98.38710837332792, 8.125864438747733], [98.3782927483156, 8.133971094863167], [98.36814379017171, 8.166839096128664], [98.35492699164745, 8.188510330083725], [98.33931575686634, 8.180943263543547], [98.3281902557044, 8.185255181342606], [98.32629961019246, 8.204839541660348], [98.31924082375072, 8.200478568900884], [98.28591351652173, 8.207260871583122], [98.28131620568496, 8.249831914261675], [98.20836079654582, 8.545113600991835], [98.21348435139251, 8.579011626659984], [98.21417550634925, 8.583916658274813], [98.21896905010662, 8.579033945973494], [98.22804328028332, 8.580608000437381], [98.23997139510873, 8.590654389942813]]]]}, "id": "00000000000000000153", "properties": {"ADM1_NAME": "Phangnga"}}, {"type": "Feature", "geometry": {"type": "Polygon", "coordinates": [[[99.74897136031619, 7.8501269722609415], [99.77095916008605, 7.780623008362586], [99.77700126676845, 7.760240485819448], [99.78585700771283, 7.754947527396698], [99.79231826706975, 7.697090628379779], [99.82129794775496, 7.67233820564454], [99.81015908854492, 7.645097568784677], [99.79493574727815, 7.639991837499167], [99.81351679556352, 7.607288784901857], [99.79767809750798, 7.59335416737205], [99.82721070095715, 7.555152984918454], [99.83958469859816, 7.543140184838677], [99.82409828021913, 7.516604108926025], [99.83781449051375, 7.498638389644312], [99.85355952196697, 7.479491018329058], [99.85704210576164, 7.458305790326798], [99.88660593491758, 7.403748662271063], [99.88718562766333, 7.371652121115566], [99.9059584334772, 7.344442690506063], [99.91740492954888, 7.315592253350691], [99.94379394488462, 7.291914440532196], [99.94445835245078, 7.259505662839367], [99.93871947881378, 7.240055111745978], [99.95066090126957, 7.202536245060214], [99.96043525834972, 7.194001474386839], [99.96103728006442, 7.172428337794552], [99.98424691635394, 7.135150276010985], [100.00180683105197, 7.112796814984366], [100.03310526867507, 7.093158893907594], [100.05240427302226, 7.105586463019842], [100.06200469861696, 7.102924351282149], [100.06951826060669, 7.138062084417924], [100.11901871375659, 7.162778845660966], [100.13582062248763, 7.142365114044433], [100.1712169990417, 7.158119114651374], [100.18701115926574, 7.174421564869037], [100.27221560687289, 7.198558674333279], [100.30211837515043, 7.203312138066453], [100.34381983676292, 7.249004538657812], [100.345215597937, 7.268704811478602], [100.36261941651738, 7.270140621739641], [100.36181683538315, 7.296962144798365], [100.3821190710305, 7.306388673790272], [100.39071622368235, 7.272031290559536], [100.4115848684387, 7.263269211804852], [100.43094177789841, 7.2845435767308135], [100.43213233948589, 7.306910366844096], [100.41059490031355, 7.342123894150574], [100.39180872955703, 7.410651364330656], [100.38283699736695, 7.434092877738947], [100.3849818127004, 7.506428395678235], [100.35571229510039, 7.528081816214233], [100.29931802563009, 7.498816751466585], [100.25696551696181, 7.500479947550001], [100.23673898096368, 7.539742394228636], [100.2161157171119, 7.7835437266490315], [100.20292119318673, 7.777648762409288], [100.13166032737517, 7.794428391289891], [100.14531855524154, 7.866331411146727], [100.08040738375364, 7.851058971332124], [100.0533049751592, 7.835991638400943], [99.98145996826787, 7.864454131122116], [99.95668071246655, 7.892203070851286], [99.92416493321232, 7.884680590886965], [99.8359683556147, 7.884167787412483], [99.803506129428, 7.881501215093893], [99.7905346541448, 7.85929049793206], [99.75253858152226, 7.855571559438573], [99.74897136031619, 7.8501269722609415]], [[100.30481615618001, 7.457596822265928], [100.30201580799104, 7.464972147453019], [100.29551887143835, 7.452740834436254], [100.30481615618001, 7.457596822265928]]]}, "id": "00000000000000000154", "properties": {"ADM1_NAME": "Phatthalung"}}, {"type": "Feature", "geometry": {"type": "Polygon", "coordinates": [[[100.48341200536802, 19.547013482638942], [100.47302231780996, 19.558624946176874], [100.48924005369709, 19.570949913523815], [100.48145445000824, 19.609226901908425], [100.48924005369709, 19.61571485794555], [100.49053767593534, 19.652043184569518], [100.47885931051721, 19.665665690517727], [100.46133058451309, 19.6740933536031], [100.43729602152213, 19.717181693280466], [100.40926610218784, 19.734625659083704], [100.38520924546218, 19.70723791953323], [100.35231003095812, 19.696808033996597], [100.32870349011672, 19.69843562761814], [100.30060676285343, 19.636106297983822], [100.28150841706235, 19.648239513696506], [100.27011096730865, 19.641706917083326], [100.2540046838525, 19.635950236705455], [100.23150852551002, 19.598275336486633], [100.19210790837008, 19.587051742877787], [100.17200624258763, 19.58304305034173], [100.16211154265446, 19.559267084217932], [100.07701846207723, 19.5396916424571], [100.0634092691707, 19.45186069835558], [100.04150173254546, 19.437948337675596], [100.01471143360563, 19.434679829509957], [100.01650848490645, 19.425021400161476], [100.00251135947678, 19.431732310019505], [99.99520739106079, 19.427152881779275], [99.94090887904852, 19.4196080155499], [99.92905209581444, 19.404442629480982], [99.91381088044352, 19.436561573679082], [99.90430413089732, 19.430198363972004], [99.88697157632225, 19.449377033578905], [99.85215042964076, 19.437640660227736], [99.79444077680598, 19.445970236456652], [99.71747666655632, 19.418742958221948], [99.68968756997337, 19.419719527394232], [99.6982044711607, 19.351495274923856], [99.71165309117563, 19.33241475532231], [99.70430006214957, 19.30998551795169], [99.7123174828485, 19.234430519349942], [99.74813304681494, 19.13923761458598], [99.76341880895824, 19.12415688526479], [99.77774591181426, 19.067450573974874], [99.78962494507476, 19.051580570103336], [99.82428552294407, 19.054577114363624], [99.82746045225838, 19.0380293869845], [99.83749342811902, 19.03347221181061], [99.83941530685327, 19.001041140837923], [99.88864821246979, 18.992105107152504], [99.93235631103443, 18.973822791706777], [99.95954344835056, 18.933784515210156], [100.02400865998993, 18.89310861890931], [100.0408105468852, 18.895079549832687], [100.0739060097316, 18.859509277090105], [100.06760535517508, 18.828968899496267], [100.07590368126901, 18.81635408827567], [100.09501097276072, 18.82090241266068], [100.11660637552642, 18.806544119441327], [100.12310775033184, 18.816403137127853], [100.14180919439576, 18.8195825093907], [100.15960545207629, 18.831929699863952], [100.17040989537149, 18.824202146987883], [100.1893075929813, 18.824830809914044], [100.20410728078038, 18.812483606627364], [100.23610580737022, 18.820594673638638], [100.30890510586781, 18.812523748577654], [100.33830844048794, 18.81001321241404], [100.34330710661136, 18.804122747635212], [100.34670937331207, 18.825343653131533], [100.36870608911626, 18.852071534478423], [100.37730325072941, 18.875075983251595], [100.39231256535192, 18.90092990975499], [100.40210925395543, 18.930377771380474], [100.41690897196416, 18.9447539274182], [100.43011681343924, 18.954042257361024], [100.42981810647666, 18.983436614811925], [100.46831351985628, 19.05234308069195], [100.49571024562786, 19.05210229717934], [100.50131083956057, 19.03435061558339], [100.51171841787269, 19.022912991571616], [100.50591261980108, 18.998214087640505], [100.5134128247165, 18.993491860572867], [100.52221514823056, 19.004073289521205], [100.54851489861763, 19.003043275894388], [100.54271810218773, 19.04449064089575], [100.56111182480312, 19.035969260356136], [100.57121173116471, 19.026230589383687], [100.59991499927816, 19.022119352368758], [100.61001485876054, 19.020010201752555], [100.6206141279902, 19.03340977079746], [100.60441416932701, 19.04715270660469], [100.5798177806461, 19.066420493616583], [100.58691220540302, 19.08428811275292], [100.57211250433421, 19.097808125355737], [100.57831511190628, 19.104496782211733], [100.60761134334024, 19.09599769599806], [100.64251719259018, 19.09963636608057], [100.65221578013198, 19.115158424591606], [100.6362165283633, 19.14525738768887], [100.62411446606087, 19.19243025846641], [100.61351969286878, 19.23535794728232], [100.61011296275736, 19.256159727567624], [100.6171181319041, 19.306213121475942], [100.56571368512522, 19.307158418868458], [100.55381677301314, 19.341217031881882], [100.53581094391454, 19.3516022550309], [100.53511979315158, 19.37422334016324], [100.52441345809082, 19.40036253232789], [100.57061863394405, 19.43917014687959], [100.58641725779304, 19.468346029399108], [100.5955137932061, 19.475168473557435], [100.58161031493489, 19.483025399602337], [100.52421726104197, 19.48997713551083], [100.49181300989565, 19.48888017475966], [100.47311598673102, 19.531544836080418], [100.48341200536802, 19.547013482638942]]]}, "id": "00000000000000000155", "properties": {"ADM1_NAME": "Phayao"}}, {"type": "Feature", "geometry": {"type": "Polygon", "coordinates": [[[100.77421679386615, 15.459962002586652], [100.79401518714741, 15.47400370554128], [100.81131651557813, 15.485704339546672], [100.87361010412123, 15.473464127877639], [100.92523762032252, 15.461678723312286], [100.95361528499268, 15.442103256752082], [100.9624577485973, 15.421199021767052], [100.9802629273978, 15.40786630061633], [100.98641201302839, 15.379350356397978], [101.02151408611294, 15.344792349127376], [101.03841406372949, 15.314684459683338], [101.06838811261659, 15.321087742087824], [101.08681313308422, 15.344480202991019], [101.09990506912703, 15.345635127458939], [101.11012978903585, 15.329774023212458], [101.1819212840263, 15.321912692424599], [101.21298786857953, 15.31936207221908], [101.2223207259726, 15.332574403994602], [101.29022390182526, 15.368661920856239], [101.30628113512948, 15.393204808628512], [101.30462684726278, 15.455672314666769], [101.3090190168165, 15.474075044205279], [101.30312409791667, 15.52150203132013], [101.29357718972051, 15.528386915657155], [101.31136903424543, 15.550396994409441], [101.32062608213698, 15.571087263002996], [101.37372504831393, 15.575818356239742], [101.40742691687645, 15.734250209056292], [101.38862734091916, 15.735458604943213], [101.37491566097019, 15.733193368609765], [101.34412550902233, 15.744140467414072], [101.33182735068344, 15.779848957535364], [101.32303401252645, 15.780352887826735], [101.33572457409538, 15.798434527799227], [101.33741902131042, 15.824671844161287], [101.33012399691688, 15.832635831706034], [101.33441809666239, 15.849544682087455], [101.34710871922364, 15.885190785788382], [101.36732628851126, 15.893600675021428], [101.37552655898368, 15.908971149218317], [101.38142592093686, 15.922201330813783], [101.37081776146265, 15.928368291034095], [101.37836254259668, 15.961490423392558], [101.36521712508579, 15.960843911637442], [101.34452240537045, 15.99271311120485], [101.32802375325086, 16.045022749491675], [101.34732271183755, 16.15079708690384], [101.38081948999564, 16.186296074178415], [101.3729268694991, 16.233040820432443], [101.37122350891124, 16.241521955268738], [101.35219653483021, 16.25493047905681], [101.37282434840179, 16.274867183621897], [101.37714963478844, 16.303066515591006], [101.38845794686927, 16.356241274591294], [101.41332191353544, 16.38090462156315], [101.40552739039052, 16.393693283795987], [101.45318625672915, 16.44346133878207], [101.47682397499908, 16.482719198786477], [101.46977409066228, 16.511462604899602], [101.47642707716902, 16.524367212407224], [101.49021903799951, 16.525615777502388], [101.50962059854957, 16.540767786832767], [101.52180290920901, 16.54411656377514], [101.50236564787427, 16.560263045716898], [101.50642345262716, 16.60847037915595], [101.52952607192942, 16.618070794179058], [101.51373193200276, 16.656164903141608], [101.51842293577488, 16.67713599563868], [101.55521940091121, 16.670425134797444], [101.57382279739535, 16.6445890831714], [101.58802056542511, 16.6580867596115], [101.57822390241782, 16.686437760104123], [101.5497213223891, 16.711957129981656], [101.5517189650572, 16.724897479891208], [101.58222372192253, 16.71497593954663], [101.61562242006895, 16.691766388606897], [101.63082346867846, 16.678393497929523], [101.6823216381546, 16.68388715621575], [101.70541529390084, 16.67437585435746], [101.73002510609714, 16.64974825225285], [101.75532602431868, 16.667776362954708], [101.75482210660533, 16.67230683917496], [101.77502634356293, 16.683806812567337], [101.78712388986924, 16.7180081327076], [101.78732454503621, 16.72861632197719], [101.78092124347947, 16.745534160410337], [101.79062871609014, 16.760262570144135], [101.72552587369627, 16.750992116930483], [101.68511743228972, 16.80178127011662], [101.71072611430532, 16.805892547751952], [101.72362626376007, 16.80151376963655], [101.70062177551446, 16.831300580032458], [101.68791781821271, 16.84758963953474], [101.68691897455061, 16.85563833535886], [101.68382435729035, 16.86970680946654], [101.68952302352064, 16.92023281064113], [101.69462430317928, 16.920023247807467], [101.67792495035782, 16.970272925787143], [101.6481247268825, 17.026961445096322], [101.6521245686977, 17.036878471922762], [101.63052467418555, 17.03666885698732], [101.60992365695463, 16.995038741024548], [101.58892126740393, 16.989580796343525], [101.57622617679537, 16.98033263989019], [101.55002456602531, 16.998788822681345], [101.53322712559849, 17.037988781203307], [101.53002100073358, 17.050603593642922], [101.50972768048447, 17.057555285821316], [101.49371944457717, 17.071436540606065], [101.484422280326, 17.07363485017481], [101.46581889171178, 17.091145704410067], [101.43962166790601, 17.068185852115196], [101.40662431275973, 17.08885377100473], [101.39771952632654, 17.07344306654132], [101.36521712508579, 17.07908386759773], [101.34432174961529, 17.08028783517432], [101.33151965429374, 17.066968527151467], [101.30921968815879, 17.08691402734402], [101.2853233456671, 17.079721532978482], [101.28602790902745, 17.095372964385223], [101.22932596315513, 17.123710590682702], [101.20231718415428, 17.112161499064854], [101.20691902849852, 17.096233575429764], [101.16841914410713, 17.031206465855853], [101.12231650207546, 17.016830377246762], [101.1164171027525, 16.994129042778205], [101.11971240007206, 16.92594495869804], [101.10041781668055, 16.887547612400816], [101.07601314808215, 16.898195999188655], [101.05141230445608, 16.900675263017533], [101.0338122168535, 16.88029711915313], [101.01821875533082, 16.857707377088182], [100.9859170323223, 16.840107271218393], [100.98242998739849, 16.823211705500686], [100.96521792500293, 16.825089012843335], [100.96161496640683, 16.807497825278165], [100.95681692266876, 16.789211088484], [100.92100594160878, 16.789982515700682], [100.90911797524741, 16.7962207499737], [100.90869880010705, 16.775022199378363], [100.90250954531369, 16.76365150418539], [100.92581279349336, 16.747634430982128], [100.92391326126683, 16.720897675565126], [100.93628727348253, 16.708447826566516], [100.92848382132979, 16.703502719348737], [100.93831610113357, 16.686170194191465], [100.93642545825455, 16.681505960096352], [100.94504494438911, 16.6771003601161], [100.93321045112984, 16.666269230598147], [100.91301516841757, 16.661413244290557], [100.89092924376433, 16.662358592955893], [100.87911265563756, 16.64599809422197], [100.86601179624012, 16.631300967531768], [100.85461439714568, 16.580021248224266], [100.86141003506177, 16.544794392263938], [100.83141365488991, 16.49857578949855], [100.8086187338198, 16.4759859565998], [100.80611274207011, 16.458778352500214], [100.80762433524941, 16.448883613602376], [100.78006711044178, 16.433200897153956], [100.76341239275642, 16.42331958107304], [100.70852086075769, 16.409273365288048], [100.71042036941435, 16.37371205815556], [100.69861717576654, 16.363554255006747], [100.67691916471517, 16.35480550268785], [100.65913181896377, 16.330873471738066], [100.6540128109225, 16.30994688082982], [100.66021540813216, 16.287027129643796], [100.67679434025318, 16.2497579290117], [100.69831837029979, 16.249637544840155], [100.71111153939962, 16.261868890116624], [100.72011450155532, 16.251679797095164], [100.64701645567199, 16.137054188496325], [100.65591232631863, 16.098188652763394], [100.64581244852047, 16.05662092572167], [100.63967234086297, 16.043466585715052], [100.67271425424762, 16.04012223901406], [100.76595407804625, 16.00531006591481], [100.79081799316364, 15.9914867913632], [100.77121578627431, 15.913688865000475], [100.7832197022746, 15.893368785199126], [100.81411682514275, 15.878622501461411], [100.80721413059618, 15.85762014477737], [100.77771712935035, 15.836840763251663], [100.76341239275642, 15.830214515954397], [100.78451731222258, 15.805426334480863], [100.80780718465536, 15.8013953216417], [100.82261580390724, 15.73293035403429], [100.82201387467849, 15.712039465289042], [100.85061452044286, 15.701070018822746], [100.84621339539736, 15.68146340339871], [100.8332151557041, 15.664594571257593], [100.83091870239761, 15.636363994887907], [100.82261580390724, 15.602305380422626], [100.81351486393346, 15.590158853855224], [100.81952121726468, 15.579247407323505], [100.79381454701804, 15.534790196833049], [100.76641779803276, 15.524222114884688], [100.75481524606907, 15.510742199364381], [100.75701804098026, 15.50258206472345], [100.77231719734945, 15.493592510446554], [100.77421679386615, 15.459962002586652]]]}, "id": "00000000000000000156", "properties": {"ADM1_NAME": "Phetchabun"}}, {"type": "Feature", "geometry": {"type": "Polygon", "coordinates": [[[99.10050206620382, 13.082614575126033], [99.10404261248556, 13.064350110650645], [99.12100060275505, 13.057269036682053], [99.12584762272898, 13.039191806329484], [99.15058222416503, 13.027232498652419], [99.17113871406839, 13.014029094439923], [99.17747512928028, 12.997628536496313], [99.18753929872928, 12.998185917807241], [99.19254684342445, 12.990498408422093], [99.18865855646857, 12.973023261735705], [99.19648424771967, 12.957929193518197], [99.18455618035748, 12.944881868346247], [99.1748665628553, 12.944320029085926], [99.16498965425488, 12.924566149696789], [99.18027092460802, 12.912450818424126], [99.18045823817849, 12.887105221059635], [99.18791387570144, 12.880764422648594], [99.18791387570145, 12.846099375094537], [99.204314419031, 12.83827362955037], [99.21009341221364, 12.823545270749758], [99.21717446117422, 12.827273046491518], [99.22780054040355, 12.797642344855987], [99.23264310600995, 12.772292309001077], [99.23450699632154, 12.732405671985342], [99.2456903961338, 12.719545585500029], [99.2734528241999, 12.722680340465386], [99.28949214525883, 12.714328462462097], [99.29004960253323, 12.69997910187318], [99.29973917511477, 12.691774368372345], [99.29340280277897, 12.678356895711845], [99.33712872978546, 12.661844829809235], [99.3433536242042, 12.64331732152207], [99.36646517207436, 12.631014657892823], [99.36777168618855, 12.623001639291811], [99.39815156411434, 12.61275015309691], [99.41156899252408, 12.61517592672108], [99.43151453107792, 12.584791582451206], [99.42849125956296, 12.57887881808555], [99.46057005624307, 12.579757279277885], [99.49757169771907, 12.588956375907507], [99.52981546539934, 12.584969929263297], [99.55079547670059, 12.576747366630356], [99.58727984766718, 12.570000722474997], [99.6000686117538, 12.543442329014004], [99.6307606021026, 12.542390008411502], [99.64770516685462, 12.559967813718261], [99.69617559600425, 12.583110496502364], [99.72813397776142, 12.587426917586537], [99.74057039418443, 12.578370524175662], [99.75109831811352, 12.583467223226865], [99.76391827887744, 12.580448391845358], [99.83178127377384, 12.630394809918885], [99.85659618062836, 12.62249772999569], [99.89320987461849, 12.623336042242201], [99.91545189765809, 12.630136225838134], [99.92142705981396, 12.623055124333876], [99.95580224472049, 12.638220562974567], [99.97372787156154, 12.765478847320459], [100.02588152155525, 12.900883917547649], [100.0379166238102, 12.955053036318905], [100.08542392519708, 13.028311638697524], [100.103518874572, 13.05625679044858], [100.07607763533024, 13.068537133749203], [100.06443491876162, 13.095340839785646], [100.06475597038781, 13.157772676596275], [100.00726923017723, 13.197217927780754], [99.98673059157503, 13.233764679231761], [99.97675110800002, 13.243521174934793], [99.95925365685146, 13.2542899761251], [99.94526985408889, 13.26626711631079], [99.95088389399004, 13.294470879725923], [99.92190418023861, 13.278467199363178], [99.90141910663023, 13.281209572977446], [99.89039620606869, 13.258650920167407], [99.88505417043909, 13.251190838289437], [99.88573644573172, 13.243770952658599], [99.87160549738134, 13.241857980020724], [99.86254911028422, 13.243159997073732], [99.85466982774209, 13.325595401774352], [99.81276766613568, 13.334553729190388], [99.78186608681786, 13.333296268989915], [99.75969100119086, 13.339052988947012], [99.70203483607013, 13.312325116346708], [99.68323523619055, 13.286386576584583], [99.66529626449673, 13.276478457631802], [99.66658947658985, 13.22163144955496], [99.65874585908446, 13.207884059530429], [99.63890288497726, 13.20189101215133], [99.63965650961254, 13.197204499131326], [99.60023353346604, 13.198622529841519], [99.57394273771123, 13.195403050859156], [99.55140639772117, 13.200972436115896], [99.52037995138376, 13.20165471434255], [99.50878188071023, 13.176554454867956], [99.47779113392907, 13.195782048234356], [99.46279957307975, 13.17888210307373], [99.43653991807868, 13.186953046423142], [99.41028033548609, 13.204521937843298], [99.3983611535226, 13.21220943258141], [99.37319841452681, 13.217381943463282], [99.36627344788128, 13.230242018689868], [99.35101884363631, 13.2393697502356], [99.32269912463397, 13.208481580336716], [99.32723849916889, 13.17413313894842], [99.26973834672393, 13.146566977354722], [99.22740810918219, 13.19911300441669], [99.21819117423279, 13.19866267490705], [99.18548807081538, 13.19351241592924], [99.16051716198004, 13.208981056053414], [99.14951653655852, 13.203389329408132], [99.1306946834296, 13.203389331398247], [99.12342631336594, 13.186801430133494], [99.11969849486798, 13.171894666617396], [99.13346376821623, 13.160028997255433], [99.13349053577203, 13.148408549955382], [99.1306946834296, 13.137225202201174], [99.13591181224898, 13.132752653769487], [99.13013283960659, 13.099202440936875], [99.11951123892796, 13.087274318026576], [99.10050206620382, 13.082614575126033]]]}, "id": "00000000000000000157", "properties": {"ADM1_NAME": "Phetchaburi"}}, {"type": "Feature", "geometry": {"type": "Polygon", "coordinates": [[[100.76595407804625, 16.00531006591481], [100.6527196740634, 16.043319432505623], [100.63967234086297, 16.043466585715052], [100.6550606723587, 16.083232837547293], [100.65034289660854, 16.13243898478017], [100.65592126490192, 16.153463662428386], [100.71921375351538, 16.256250389271784], [100.71111153939962, 16.261868890116624], [100.68741593557489, 16.24731883844515], [100.67197402603803, 16.255273853042528], [100.66021540813216, 16.287027129643796], [100.6540128109225, 16.30994688082982], [100.65091819923119, 16.32640547412497], [100.61941458747475, 16.308907969184105], [100.62171101408396, 16.368205106028064], [100.60351342444476, 16.39021518717872], [100.59481824317484, 16.463429125966368], [100.58591338100794, 16.47720780302476], [100.58661788173426, 16.512537288986593], [100.5972127507192, 16.537784660858964], [100.59781469422404, 16.578919868378474], [100.59151397967732, 16.589800088070664], [100.52801640057577, 16.56778546613259], [100.49511720714044, 16.544736392504632], [100.48671624195282, 16.545396352804854], [100.4746186483771, 16.522052969231694], [100.42081517634857, 16.510115958360146], [100.40691165210943, 16.524585725749176], [100.39871141261607, 16.519016276513863], [100.38091065741308, 16.538654166573668], [100.37701345794974, 16.543447701745183], [100.33881232017158, 16.52587437032658], [100.26261071962739, 16.532915338986626], [100.24050697454592, 16.529035899285223], [100.23610580737022, 16.5884623366294], [100.2311116705422, 16.627929819228978], [100.22690669069321, 16.63045815743536], [100.2154066521242, 16.64521781411849], [100.19810533928685, 16.63402988850741], [100.20280522786994, 16.624986849934036], [100.20201151947145, 16.61679103375561], [100.19641095018741, 16.605411413481452], [100.15410739756696, 16.59210100326395], [100.11790399766028, 16.60966090389832], [100.0895084092723, 16.592720822610104], [100.08480848903257, 16.57774268292767], [100.03930783236254, 16.574674811144646], [100.02490941057096, 16.57610177318013], [100.01513504896886, 16.572017188071626], [100.03540613662055, 16.501924617429587], [99.99840449217314, 16.41993063717958], [99.98857219465988, 16.37573202710952], [100.0137081288068, 16.334583456278114], [100.03141081161128, 16.327404262784373], [100.02620704033379, 16.310085127333412], [100.02880671070494, 16.29059889857818], [100.03310526867507, 16.23929244806522], [100.05936493544613, 16.224327738739333], [100.04710235637302, 16.207360869348783], [100.0403958551879, 16.194224339089548], [100.06230789610309, 16.17306137677355], [100.08371162954121, 16.16747865536559], [100.09280368785781, 16.14698457434122], [100.08200824923804, 16.121416083105668], [100.09751249274328, 16.106179406872727], [100.12140437497206, 16.05782041024435], [100.12570739228131, 16.037830258770214], [100.1334082512075, 16.029103821673818], [100.15760784500247, 15.982635542025152], [100.16600878375452, 15.970274855087773], [100.16970983016172, 15.956607698028222], [100.18010845007608, 15.925590200241938], [100.21010483867215, 15.928319155788039], [100.223611453071, 15.918856949026955], [100.23390748688044, 15.925759675568198], [100.25000928517773, 15.955176384287771], [100.2664188315741, 15.95338826001962], [100.2662047931984, 15.936827165384374], [100.2779143270981, 15.934116003096083], [100.32661216766267, 15.968214762192243], [100.32841368233142, 15.98288518422616], [100.34741391213005, 15.972615944450423], [100.33791153979705, 15.937839355698474], [100.36811747778407, 15.936568524500332], [100.43221259106605, 15.928207743199378], [100.51831789945986, 15.931034770739796], [100.53961004844282, 15.9404256944166], [100.52631305516272, 15.914130373868247], [100.56601687196083, 15.938949705554618], [100.60051696038718, 15.965285137492227], [100.66931196956091, 15.993805542682262], [100.72541638749762, 15.993903632182953], [100.76231538826728, 15.996324952499355], [100.76595407804625, 16.00531006591481]]]}, "id": "00000000000000000158", "properties": {"ADM1_NAME": "Phichit"}}, {"type": "Feature", "geometry": {"type": "Polygon", "coordinates": [[[101.06269827832126, 16.90023377704295], [101.07441685573482, 16.90314114807788], [101.0721115109164, 16.923982980556456], [101.03551562025402, 16.930662686771328], [101.03181459607067, 16.939331176160977], [101.05511338738232, 16.955522135416714], [101.04723410516249, 16.99294292824669], [101.05971521070256, 17.026426303064927], [101.05601412471454, 17.0760115272085], [101.06392010231563, 17.082116074884667], [101.06591778100139, 17.094275998445557], [101.08241196154856, 17.149279026223443], [101.08531042535074, 17.185018701198373], [101.10941188895086, 17.217909041759597], [101.10101536354671, 17.24391896923185], [101.08121692725197, 17.277143720712708], [101.05181812032455, 17.281906079539542], [101.02011834096112, 17.309704116736935], [101.00271450628422, 17.334202421007838], [100.94651641649807, 17.33525923567239], [100.92221881521452, 17.33603955687347], [100.92141612077668, 17.38984754205591], [100.92751169923355, 17.399795780657794], [100.9205154354847, 17.447815806878122], [100.89321680878722, 17.457295912356383], [100.87431470447363, 17.446924025830693], [100.85032022726692, 17.453661749309475], [100.83661744302125, 17.466673427623082], [100.85631771832269, 17.503309389174678], [100.87651744341375, 17.531392823285657], [100.86921790572546, 17.55355900672118], [100.892614776387, 17.58735900500892], [100.91461154589366, 17.578735090752033], [100.92701676376066, 17.56704773772833], [100.96461595661583, 17.570909345973504], [100.96928909288938, 17.593285066184563], [101.0026877646278, 17.630050375559396], [101.00955026196517, 17.633483940406325], [101.01500377217369, 17.655899764387197], [101.02893843978832, 17.66740874864944], [101.03135976558973, 17.682556293578], [100.99977150211966, 17.720547809573706], [100.99762665154866, 17.7355482910361], [100.97031467291869, 17.697962522705136], [100.91811198325267, 17.694573594056855], [100.90211271799956, 17.712971875979864], [100.87111746829407, 17.693931453940174], [100.84531264630621, 17.64648218949504], [100.80571588723022, 17.627464133199354], [100.78841455278773, 17.601186630948785], [100.73381729572424, 17.530023828823374], [100.6888116106664, 17.511919913429864], [100.64981675651653, 17.482641394181314], [100.647515852512, 17.474681980488114], [100.62241561581817, 17.467083643450824], [100.60521682407773, 17.432164398654127], [100.59681592367012, 17.418755890522675], [100.53531592768154, 17.411465277013875], [100.51451873278522, 17.404348534578507], [100.50671527360534, 17.427593805947787], [100.47951477958227, 17.415786119333394], [100.43181579227787, 17.415576565088834], [100.35711689301154, 17.382539057343557], [100.33821028577346, 17.384808729879826], [100.33160196193732, 17.379698629553996], [100.32020447718914, 17.329689804754747], [100.33010809481242, 17.30085281733975], [100.31381008788756, 17.30573109416035], [100.30320638192647, 17.303314266362193], [100.29351230295637, 17.313810959587773], [100.2769110206063, 17.278900642385384], [100.281312232002, 17.25521390321113], [100.26580786933155, 17.248146203767853], [100.2488098362829, 17.23132647609638], [100.18170924722847, 17.186146907053075], [100.15931115051637, 17.206466991426964], [100.10100394316234, 17.189861318352563], [100.0458047573496, 17.17494561156455], [100.03090688513294, 17.161010917769957], [100.0026094836656, 17.180100338026875], [99.98754658404738, 17.16806965219797], [99.9726398290693, 17.16345006650835], [99.95848219191936, 17.16203208067522], [99.96398024484195, 17.12198488184944], [99.95315359178201, 17.104942153175156], [99.9584955812035, 17.075431883036856], [99.97346481582262, 17.06735198510229], [99.99106034459443, 17.075150973496456], [99.9995950737997, 17.068016399707517], [100.00800947107439, 17.05425560230509], [100.05590912371672, 17.005196526315093], [100.06920615752355, 17.00359131497594], [100.08390780436895, 16.997589366273797], [100.09291071111042, 16.98866218627852], [100.11280725849605, 16.971579410921443], [100.10360805725281, 16.967989858277083], [100.11451063829648, 16.91247404644716], [100.10370620956074, 16.905892378138006], [100.09221066353273, 16.88997786935253], [100.07861482487885, 16.893536226495108], [100.07010686186983, 16.8833962441842], [100.04130556740408, 16.895261914869796], [100.0137081288068, 16.88616535987527], [100.0167091172581, 16.86585410511923], [100.02650576078568, 16.855638337276556], [100.00510213115685, 16.852169088479563], [99.99739233143627, 16.864128449829888], [99.95573538568223, 16.858456427818535], [99.94372700985716, 16.82306009613954], [99.91458680527042, 16.8021202232768], [99.92754492050366, 16.76438725362359], [99.89397240503936, 16.761252547361916], [99.88079124411415, 16.764302514148426], [99.84861889958185, 16.7136070147034], [99.86422569571279, 16.68478787342691], [99.90166430138392, 16.691084067964535], [99.91411415771114, 16.60538912537746], [99.9577107338597, 16.576913248171394], [99.97401327599911, 16.57054126523975], [100.00840625985343, 16.581969877776537], [100.02190395778138, 16.572351582389455], [100.0350093102447, 16.576743855750138], [100.0795066589019, 16.575579984453725], [100.09060534125314, 16.588230484431513], [100.09370446385593, 16.5960116131183], [100.12430720747243, 16.608800308350055], [100.15931115051637, 16.591980578776468], [100.20190453486124, 16.60727086334317], [100.20280522786994, 16.624986849934036], [100.19810533928685, 16.63402988850741], [100.2154066521242, 16.64521781411849], [100.23590963654355, 16.617517876174276], [100.2390042752828, 16.5333969572004], [100.25241276646521, 16.527305751888917], [100.27160469057114, 16.533165072272812], [100.32730781386987, 16.525932399338114], [100.3554134910496, 16.530302259585795], [100.38221718786461, 16.543296117069662], [100.38011245518236, 16.53414605998393], [100.39871141261607, 16.519016276513863], [100.41141540131234, 16.521664980734776], [100.42551508623079, 16.507467245113663], [100.47911794615847, 16.524795344253523], [100.49101477658635, 16.548103038515634], [100.50441888213581, 16.547465402260876], [100.53631480399714, 16.572043928766117], [100.59151397967732, 16.589800088070664], [100.59951807472746, 16.55778371594646], [100.59101909327956, 16.514976392892322], [100.58591338100794, 16.50539379884735], [100.58851747540841, 16.467790151256608], [100.59661965810811, 16.45847954452642], [100.60502062657525, 16.384155297113836], [100.62411446606087, 16.3638663154548], [100.61941458747475, 16.308907969184105], [100.66951707105056, 16.338324662769768], [100.68761652013261, 16.362345794943053], [100.70511408791278, 16.367866136841926], [100.71261429491045, 16.387352446399344], [100.71161540786146, 16.4128897519342], [100.7778107625734, 16.4291164162414], [100.7966148538812, 16.44538322179213], [100.80974683920388, 16.454408393618507], [100.80421310518216, 16.472088732686366], [100.82436383981204, 16.487441428906518], [100.8409115090064, 16.512287525565842], [100.8618603557421, 16.549784112554004], [100.85506468559274, 16.596247936793215], [100.87051548952532, 16.642341667883564], [100.88721483563481, 16.654729039160493], [100.89711852243816, 16.664449861436403], [100.93031207203954, 16.661649548914834], [100.93791033216374, 16.676556360927524], [100.94504494438911, 16.6771003601161], [100.93642545825455, 16.681505960096352], [100.93611331439625, 16.692056170463417], [100.92981712207542, 16.707952863411993], [100.9357165199033, 16.71314769904198], [100.92031918202638, 16.727064553586214], [100.92441714475642, 16.75304781333963], [100.90250954531369, 16.76365150418539], [100.91046014092763, 16.79000037831159], [100.90911797524741, 16.7962207499737], [100.93521705943648, 16.789523200131075], [100.96061612302312, 16.79243945292182], [100.96031286781336, 16.82149056033387], [100.97451955338697, 16.82594515282551], [100.98242998739849, 16.823211705500686], [100.99201265685775, 16.844539594867122], [101.03005767308298, 16.86760210462584], [101.04531672655614, 16.89540458364883], [101.06269827832126, 16.90023377704295]]]}, "id": "00000000000000000159", "properties": {"ADM1_NAME": "Phitsanulok"}}, {"type": "Feature", "geometry": {"type": "Polygon", "coordinates": [[[100.34921096078199, 14.111828601029876], [100.47321403040253, 14.109130821372993], [100.50251931002606, 14.113808389041592], [100.5200123425476, 14.122949551643128], [100.55831154792413, 14.109220029171125], [100.60591691925951, 14.129798748224736], [100.61941458747475, 14.12583912061186], [100.6344150300534, 14.14553046289162], [100.82231712047968, 14.236692325355737], [100.82731573635296, 14.316536961104122], [100.80341493680628, 14.322637041770818], [100.77691453809906, 14.323060627305699], [100.7950140043367, 14.359094636880041], [100.79091611515143, 14.370014951697087], [100.79411331246266, 14.390914764597142], [100.77541178484955, 14.405562936102005], [100.76461628150534, 14.409651923550145], [100.77201841497852, 14.441672725224144], [100.77001181303166, 14.458162541005755], [100.7714164643219, 14.496849663540521], [100.75242064067443, 14.506766683702383], [100.76071013126435, 14.518748311723755], [100.78251517735958, 14.530257279797432], [100.7832197022746, 14.563655904964047], [100.69291845395527, 14.572712377373778], [100.66441141621883, 14.548557439942515], [100.60661255282636, 14.54995753629238], [100.60401284456478, 14.580542500938083], [100.58201609395338, 14.599453555767465], [100.59941998197205, 14.645739046981564], [100.60661255282636, 14.654911446107363], [100.54101465561381, 14.66820844117629], [100.51921858337359, 14.665269896700236], [100.51541946516922, 14.669416866206157], [100.50411117932425, 14.65125053313377], [100.49921510269502, 14.611849897247716], [100.49041730729212, 14.569314511849642], [100.48391592031535, 14.561096348289524], [100.49431456930775, 14.536486644236208], [100.49841242888851, 14.506855880832067], [100.50191284188105, 14.454809251927095], [100.46141978156595, 14.43838192358178], [100.44541159654818, 14.436763261544064], [100.43341663049674, 14.443211110765604], [100.42241599205447, 14.443862167188827], [100.41581650615882, 14.50357841035628], [100.38321601472882, 14.505317498263414], [100.35811578481457, 14.495748301198482], [100.31651233077747, 14.489269217340185], [100.28821491796344, 14.493679250090413], [100.27611733628609, 14.484190277379719], [100.25570804296078, 14.487739715563787], [100.25041058820347, 14.450978858657447], [100.2648179636139, 14.427091508001547], [100.27281317572414, 14.420902278340694], [100.27852083569735, 14.392814341365725], [100.26822024884808, 14.3545775952753], [100.26731949287861, 14.32486655306696], [100.2528140803071, 14.290861476906027], [100.24570630080507, 14.266122394714907], [100.25031252977072, 14.171268393180124], [100.28671218596439, 14.163148397425218], [100.28281487331311, 14.121219412576927], [100.30831209086429, 14.136487430910195], [100.3436147786138, 14.119199510264743], [100.34921096078199, 14.111828601029876]]]}, "id": "0000000000000000015a", "properties": {"ADM1_NAME": "Phra Nakhon Si Ayudhya"}}, {"type": "Feature", "geometry": {"type": "Polygon", "coordinates": [[[100.34110872140019, 18.784092489930128], [100.33830844048794, 18.81001321241404], [100.30890510586781, 18.812523748577654], [100.22620215893694, 18.820032824659155], [100.19530509100203, 18.813932793334786], [100.1893075929813, 18.824830809914044], [100.17040989537149, 18.824202146987883], [100.15561011215124, 18.828531920896392], [100.13250749571066, 18.815475621025723], [100.12310775033184, 18.816403137127853], [100.11921052461082, 18.798031638399863], [100.1290071042293, 18.784792626833234], [100.10591342679474, 18.740576117495674], [100.10610965124403, 18.711716791913265], [100.11161214427439, 18.66462868882883], [100.10791114371939, 18.619640871868143], [100.12250580638684, 18.598464571130656], [100.10930679612034, 18.5596258520513], [100.09620603202711, 18.5704570060703], [100.07040564705122, 18.559969200441373], [100.05820555498474, 18.54481714338214], [100.05890558705211, 18.5260889030317], [100.04670547683627, 18.485841054804823], [100.03160695451342, 18.461931371211545], [100.0220109796508, 18.44539260152966], [100.01480957155032, 18.439519928318767], [100.00770620620365, 18.40483254347679], [99.98211545177524, 18.389894628715965], [99.97139571066243, 18.39105400341514], [99.9689164830951, 18.381275128395448], [99.95375112844654, 18.358854754784463], [99.94091783184655, 18.333750050524483], [99.9070910652432, 18.277030284126436], [99.86454234326276, 18.279170694162737], [99.84273728577546, 18.24167411174078], [99.80934307305603, 18.21662287741752], [99.75908009604835, 18.13285418099318], [99.76134531694282, 18.118509211688426], [99.73697637156377, 18.091518334272045], [99.72342515344339, 18.067711169731762], [99.69342878948672, 18.058489774669415], [99.68425193479972, 18.043431361392027], [99.66149272473517, 18.036421628665067], [99.63406922781854, 18.057232286647825], [99.5910344223505, 18.03459345419359], [99.59370544682038, 18.003036332646374], [99.54786145477856, 17.966324570863367], [99.50423356497399, 17.9314098058236], [99.48162149584532, 17.89682060935935], [99.42096877662993, 17.83547228970053], [99.40863940080632, 17.817354889864788], [99.37573121987874, 17.766757517125328], [99.38812307458566, 17.757197225026275], [99.38748091830277, 17.73732746980331], [99.40640092970958, 17.723209923097723], [99.42144586568308, 17.70265344058819], [99.45481777926658, 17.706229649984813], [99.47338104007817, 17.73380923321288], [99.49165442702858, 17.754958756065385], [99.5337349560821, 17.79678512712508], [99.56385622683646, 17.808218217768363], [99.60915176442238, 17.814737472383726], [99.63932200819231, 17.804405726448657], [99.65600800608603, 17.791496572211365], [99.67493242998947, 17.792116376844383], [99.7014149938705, 17.753527379974578], [99.7118136399712, 17.74715980257683], [99.72236835116959, 17.725649102375435], [99.73684707771575, 17.7180819297388], [99.75656964537626, 17.738959520508253], [99.76303089218331, 17.7527157680516], [99.79016006187366, 17.78677442860298], [99.8241963718547, 17.797409345723935], [99.86937594235646, 17.79628568177916], [99.9104309198289, 17.799456133932942], [99.94987612495744, 17.77557757543349], [99.96266930104278, 17.77865439721814], [99.97298323141081, 17.795304672787946], [99.99214844736943, 17.805694346075427], [99.99377601997561, 17.829586250574454], [100.0526049025527, 17.840912394517463], [100.06040829707985, 17.83099530802989], [100.14120276418895, 17.859890302813596], [100.17200624258763, 17.887768584136523], [100.21891148975745, 17.925929591075242], [100.2351069918107, 17.94848814855001], [100.27601034821288, 17.959016078566258], [100.28780907939527, 17.934147695212754], [100.30500785497615, 17.930540292400842], [100.32901119780999, 17.888250149902262], [100.34401161880467, 17.894671303558308], [100.35881133187893, 17.93073204556093], [100.35420954692206, 17.98008541176049], [100.41041652033348, 18.0204045339396], [100.4209132493953, 18.023566059500393], [100.40901195097948, 18.07765945719056], [100.39611623478321, 18.108070517306736], [100.40371899623297, 18.13659088635767], [100.42361544356962, 18.152197747608405], [100.44801118609035, 18.154159715637004], [100.4627173512612, 18.201733860797788], [100.46771156744249, 18.230156208062112], [100.49011402705877, 18.269819908521015], [100.4968205729657, 18.27964327678373], [100.48561924891607, 18.311668606541023], [100.49601792017819, 18.334026530142616], [100.4874118317568, 18.341308270836745], [100.50971177269932, 18.36747418901177], [100.52131434904655, 18.38742426803429], [100.54071592907326, 18.391254613368925], [100.55431171721887, 18.423195157588825], [100.54321307247979, 18.486028351519824], [100.51220893019781, 18.470684603116347], [100.48521346692064, 18.48274202585497], [100.47611249940803, 18.492222045899457], [100.44581737287591, 18.490648021649687], [100.42991618925154, 18.49549053274746], [100.4139169808613, 18.480748813710147], [100.40231435929564, 18.485091969820587], [100.39180872955703, 18.514927768393118], [100.39431028175919, 18.535337067009852], [100.38611444038041, 18.55858683875423], [100.37530556741072, 18.568945309058424], [100.38920457999733, 18.623471228734672], [100.39830558977395, 18.62706076719005], [100.38360394574337, 18.636924359982363], [100.36200857006455, 18.64630180197345], [100.35850369363753, 18.68429785366545], [100.3840097883219, 18.722860148382438], [100.39310633310174, 18.740437868738052], [100.36370747023666, 18.74758587210362], [100.36310544078107, 18.776895514906556], [100.34110872140019, 18.784092489930128]]]}, "id": "0000000000000000015b", "properties": {"ADM1_NAME": "Phrae"}}, {"type": "Feature", "geometry": {"type": "MultiPolygon", "coordinates": [[[[98.33338062848088, 7.515516029735079], [98.32072129173218, 7.485403764571153], [98.31610611242056, 7.497452251677107], [98.33136960009571, 7.519622876434294], [98.33338062848088, 7.515516029735079]]], [[[98.37819458072674, 7.608706806275359], [98.37717796009318, 7.603587760155707], [98.35665268240903, 7.588221734742553], [98.35500280952044, 7.5957888374064275], [98.36871457542665, 7.610173842008476], [98.37388712422374, 7.6131971705037325], [98.37819458072674, 7.608706806275359]]], [[[98.38049996443807, 7.73784242217287], [98.37027077545498, 7.740397486936938], [98.36529001309793, 7.739911395726118], [98.37175125659078, 7.745021547448726], [98.38590882314719, 7.744691598848639], [98.38049996443807, 7.73784242217287]]], [[[98.37906412930973, 7.778487109221779], [98.35483788275765, 7.787458813293688], [98.37139892165382, 7.795101722788898], [98.38927545677276, 7.784440023365287], [98.37906412930973, 7.778487109221779]]], [[[98.41939667242505, 7.928089927636456], [98.41927627985125, 7.942452724409218], [98.43454877368588, 7.944463789564095], [98.43579730532016, 7.928981771206406], [98.41939667242505, 7.928089927636456]]], [[[98.2856236394876, 7.984524298829593], [98.29260664303985, 7.9942674232715145], [98.28991779418428, 8.028232450193624], [98.2779629797166, 8.03357891793974], [98.2789439213995, 8.04712559930013], [98.27262092991513, 8.07334512166417], [98.29657971006957, 8.084934381769193], [98.30228284721186, 8.11064106563423], [98.28363044203198, 8.195698407656323], [98.30292496525462, 8.194721910870452], [98.33573058811105, 8.171971561405181], [98.34742683758951, 8.143290623669438], [98.34500103465002, 8.129137408337574], [98.35080677841691, 8.125159897917182], [98.35162727538741, 8.112754691700959], [98.369566288463, 8.120254906321632], [98.38331368272418, 8.089883966577307], [98.40717434262851, 8.079654749104279], [98.42604525338109, 8.100358347388063], [98.43843703074025, 8.093148041979255], [98.43479395955748, 8.079944580558456], [98.4439306755963, 8.069657493844204], [98.4324484924913, 8.06125653438879], [98.43272940242349, 8.040031204559257], [98.42107775449254, 8.042354397828008], [98.40993452392472, 8.018226240725921], [98.4181392112442, 7.9885598313898845], [98.41370245797235, 7.99012495004201], [98.39527300187889, 7.9797842562291486], [98.39370340032752, 7.961247820690826], [98.41341258441244, 7.918578684975696], [98.42598283443003, 7.896345602863769], [98.42876086279794, 7.901223857750645], [98.44196872098198, 7.914016976131218], [98.43983274863798, 7.902873702931308], [98.44471545507179, 7.884417484411542], [98.42685235351104, 7.873622013758442], [98.41696652014568, 7.8691138300619015], [98.41070589720411, 7.877077833318526], [98.39928618652799, 7.868476187707845], [98.40168071733595, 7.86348198388272], [98.39668648277524, 7.859834472802043], [98.39743563849555, 7.838881177493063], [98.41050529421283, 7.836446446057628], [98.40220684186897, 7.833062002888575], [98.40424471021159, 7.8095357748016765], [98.38904363362659, 7.808786650930077], [98.37514016160799, 7.838493217746165], [98.3529873509651, 7.829717740276721], [98.33340737013526, 7.785840154227409], [98.33867808745192, 7.779120260617683], [98.32291067386723, 7.7721685459549645], [98.31994541888561, 7.762960472683617], [98.30486914585198, 7.758974098070317], [98.30318358494362, 7.777733541415238], [98.28879405904307, 7.774839585058043], [98.28826347490919, 7.781514832068804], [98.28516882462762, 7.7914051249221785], [98.29692300349484, 7.800202921022017], [98.29351185679637, 7.822230831805254], [98.29250407845934, 7.849988791841162], [98.27327640097107, 7.868146248238403], [98.27229094210206, 7.880587091886372], [98.26556667611065, 7.8829683195407005], [98.26411745095224, 7.890147423544211], [98.27468104910642, 7.886334931304702], [98.28716648987516, 7.8849213931379865], [98.29624969883976, 7.906953804084056], [98.2722151252723, 7.923666542840603], [98.26454550291606, 7.91934561709459], [98.25910098722083, 7.937672517011155], [98.28239974229963, 7.953087646154708], [98.27414597371532, 7.9839178760374985], [98.2856236394876, 7.984524298829593]]], [[[98.46786716905629, 8.042220606653665], [98.45799467919187, 8.06024431719487], [98.46769320284102, 8.0612520634822], [98.47273202351133, 8.045542622868801], [98.46786716905629, 8.042220606653665]]]]}, "id": "0000000000000000015c", "properties": {"ADM1_NAME": "Phuket"}}, {"type": "Feature", "geometry": {"type": "MultiPolygon", "coordinates": [[[[99.56028443999035, 11.081490366782544], [99.56254966068288, 11.071845382849242], [99.55132169348302, 11.070694908647], [99.56028443999035, 11.081490366782544]]], [[[99.81306641465575, 11.776343185892832], [99.81129615975824, 11.784204545733312], [99.81604510269983, 11.788610138019152], [99.81306641465575, 11.776343185892832]]], [[[99.8000325356252, 11.7647004926922], [99.80696190188837, 11.73780761568549], [99.79663909755745, 11.74526770009264], [99.74506519971057, 11.704270727082331], [99.68350284095645, 11.603004535493637], [99.63151857128408, 11.491098998866605], [99.58208059624236, 11.361504119129947], [99.56922497551378, 11.353085359533415], [99.55055469119547, 11.292637706547707], [99.55739048651913, 11.242080432105144], [99.5823748784391, 11.208726365478501], [99.57697488890692, 11.197596437116948], [99.5680477838427, 11.184308369603896], [99.56231783900795, 11.186047421296053], [99.56311151896763, 11.20214031244543], [99.54850350193257, 11.207321753732348], [99.52018820790849, 11.19485413035628], [99.4884751056687, 11.142178798588327], [99.49791945634092, 11.051734852058043], [99.50020698110488, 10.997926816712864], [99.46186764009148, 10.984932987137519], [99.41119439955415, 10.953665765037094], [99.38081900276433, 10.96744445384405], [99.35096093079999, 10.959293224723856], [99.33204536072682, 10.965254967577806], [99.25463985414619, 10.964336464484083], [99.16816896091412, 11.010381120540282], [99.1513491935641, 11.033969764488793], [99.17801018481147, 11.051547490114386], [99.17775604777482, 11.077441517434192], [99.22842030156912, 11.111843509589509], [99.2246701894554, 11.13523595679295], [99.26247448702773, 11.17581818593776], [99.26369627741427, 11.211294866282518], [99.27970888174951, 11.236310352177236], [99.29747398875882, 11.249072322009422], [99.32399224207902, 11.285222230098674], [99.31799031262265, 11.28709954584027], [99.31361148722668, 11.316498359301217], [99.32111614594815, 11.325131250619657], [99.33913089439584, 11.338263245897284], [99.36539943176021, 11.37153711275845], [99.40217816347048, 11.388677838519053], [99.40017597960289, 11.408944512368754], [99.3966711529724, 11.457981233004256], [99.40255271528865, 11.471737563893589], [99.42094199871188, 11.481748199518764], [99.43795349590216, 11.481498518104262], [99.44846362063596, 11.505889790650038], [99.47410789905621, 11.536786878124692], [99.46259897598891, 11.55192554600775], [99.46835120202688, 11.564807904482128], [99.4607216448616, 11.578693525144315], [99.47448243912987, 11.621728319391513], [99.50225375396147, 11.624854159413415], [99.50175431296839, 11.634360922325554], [99.53157234440414, 11.619231214134121], [99.56480153071601, 11.626981161632855], [99.56967982910278, 11.646623477106504], [99.58731551011054, 11.661507963543428], [99.58256218034299, 11.678769150431494], [99.598075309763, 11.700913022432445], [99.635603159303, 11.726931855376534], [99.64273327150308, 11.783098722767447], [99.65761771721903, 11.796984337908109], [99.66087284071142, 11.822378969609103], [99.65699344273456, 11.830637181545267], [99.645609362452, 11.819128260864419], [99.63572796504252, 11.820002208329822], [99.62346993758707, 11.833388458922922], [99.62339858188277, 11.854368557556608], [99.60045204249727, 11.87892032765109], [99.57318019641215, 11.857904576047126], [99.56692850365471, 11.867915307822742], [99.58318640984953, 11.885051647692267], [99.58181297524932, 11.900310690947833], [99.58669124973056, 11.917576267957909], [99.58093905264684, 11.945222734181852], [99.59257283030855, 11.953975941604412], [99.59407110062348, 11.990879465459917], [99.57780869674521, 12.005518664960094], [99.536026948058, 12.015524897580391], [99.54165884704014, 12.030783958657231], [99.53402482465869, 12.065810211385548], [99.5461625361946, 12.077319129602364], [99.55466596377326, 12.113848113854713], [99.56992949876643, 12.144994935795573], [99.54140909241711, 12.14487006377422], [99.53152329893176, 12.148624635462358], [99.51263454640228, 12.144620346685526], [99.47285489381731, 12.130609879912463], [99.47886130063945, 12.146747311925113], [99.47660947228837, 12.158131409988354], [99.49049504234625, 12.16713881572537], [99.49975216841136, 12.192408524955445], [99.48186225090535, 12.226306647220213], [99.47160631679097, 12.232687562941623], [99.48173742114245, 12.252954235525102], [99.48461355691641, 12.273470521018211], [99.46547503889319, 12.284225923534665], [99.45846980255864, 12.305241591491765], [99.44671113365197, 12.315502010472931], [99.4469564490695, 12.345707950276287], [99.4354519085603, 12.362661458959845], [99.44997073500164, 12.40410437040358], [99.42782243094604, 12.43308855342668], [99.42394295937758, 12.45022930068697], [99.40167873546645, 12.460610081814757], [99.40643210860006, 12.481376096437195], [99.42494632649614, 12.493509292724598], [99.41753525773946, 12.524781044461339], [99.43989320014853, 12.558572084779243], [99.42849125956296, 12.57887881808555], [99.4442007190411, 12.579587790905881], [99.46750840343954, 12.584318929705855], [99.51218416168557, 12.587248526754639], [99.53342285632742, 12.579306887264838], [99.58354760244956, 12.573180118417044], [99.59469533123824, 12.5468803165138], [99.62667157765016, 12.53999995907719], [99.63552287252311, 12.553319211660597], [99.66901515276267, 12.572738661287179], [99.71790919236815, 12.586098139939809], [99.73268222012724, 12.58373925756538], [99.74725901129851, 12.580947883150534], [99.75718495672432, 12.577848800188292], [99.82667560720593, 12.629066008794796], [99.83985228543632, 12.62555673143244], [99.88423812278829, 12.621507812146136], [99.90573103956491, 12.631786062093289], [99.92142705981396, 12.623055124333876], [99.9558646692773, 12.636557281704821], [99.9553652740831, 12.628307986483827], [99.96481853944944, 12.549694032458776], [99.98327927988633, 12.516545081638629], [99.97559180297824, 12.504839887745742], [99.98075543991352, 12.456770754086044], [99.97965843778194, 12.431055181102819], [99.9928083626608, 12.410650311016047], [100.00101758169195, 12.335113170717339], [99.99155090202281, 12.327051129577562], [99.97439225291865, 12.263156622833899], [100.00481227284949, 12.217103002847498], [100.01407823317801, 12.20337350640695], [100.01584856048677, 12.19281432132509], [100.0155631893134, 12.183048850867172], [99.97786590131187, 12.147844248152616], [99.9630572687468, 12.115685211511327], [99.96443951909045, 12.091347444369227], [99.9575457999861, 12.087592869542172], [99.94973789659527, 12.079811761851987], [99.94526098610928, 12.083263088461528], [99.85896399721919, 11.98679489784047], [99.81642415088834, 11.900529172416299], [99.81622347310005, 11.865235341809202], [99.82479837767418, 11.866336762854406], [99.82336693910001, 11.856464329223524], [99.83232976914763, 11.847265155706399], [99.83300753750272, 11.830039706325902], [99.82858855723703, 11.834810964896096], [99.81629039402414, 11.838382666161625], [99.79937256454387, 11.813001430550178], [99.81129615975824, 11.784204545733312], [99.79972038305303, 11.778492485652261], [99.8000325356252, 11.7647004926922]]]]}, "id": "0000000000000000015d", "properties": {"ADM1_NAME": "Prachuap Khilikhan"}}, {"type": "Feature", "geometry": {"type": "MultiPolygon", "coordinates": [[[[97.86177277663671, 9.45321396776905], [97.88213299756069, 9.462948159902284], [97.90278755098196, 9.4509174925196], [97.89468536243186, 9.444099591673071], [97.90004521107872, 9.434280590353591], [97.90120008629702, 9.422517524099888], [97.87936387908469, 9.44010417982349], [97.87112351640228, 9.439252562175827], [97.87930151017088, 9.415204620951988], [97.86754283059958, 9.418829810194033], [97.8629276135285, 9.404538405322304], [97.87221149196759, 9.404030083592659], [97.88219985371313, 9.384227251290547], [97.87272426288555, 9.378724647048815], [97.8706017889353, 9.388432174171523], [97.85023257729311, 9.402148376983838], [97.8407034696222, 9.413474460724524], [97.85322022712354, 9.412818986162923], [97.85285453649504, 9.418040585647732], [97.86365004995443, 9.424087154881043], [97.86711919195625, 9.427431463073127], [97.85210539543345, 9.43108348792464], [97.85144102083741, 9.438244765121922], [97.86134917231468, 9.436545840346545], [97.85303734006577, 9.450386891530343], [97.86177277663671, 9.45321396776905]]], [[[98.37054727127955, 9.489082969480975], [98.38427686709252, 9.48215357096455], [98.37475662257141, 9.478082399931168], [98.37054727127955, 9.489082969480975]]], [[[98.33047328311258, 9.467781831145153], [98.34254413627193, 9.496248774202313], [98.35266628361991, 9.502219525639546], [98.34737334419988, 9.480561632470456], [98.33047328311258, 9.467781831145153]]], [[[98.40616652876184, 9.74984675325053], [98.40580984888871, 9.764766912310524], [98.41333679081836, 9.77293594500504], [98.42306652173485, 9.736514075540418], [98.42577767223891, 9.716755777840188], [98.41689959105182, 9.717977554449716], [98.38958764975914, 9.704207830677733], [98.3949964980342, 9.717540551462639], [98.38009415487569, 9.7303605148821], [98.39121077325792, 9.750800980329544], [98.39432322465362, 9.744874817388231], [98.40616652876184, 9.74984675325053]]], [[[98.45217114392536, 9.874046086078858], [98.45593015317186, 9.86209123009928], [98.47356583161356, 9.86190843675031], [98.46453174258885, 9.84279221166281], [98.46729194351485, 9.81628291978473], [98.45931902248655, 9.817460110039809], [98.45234499049963, 9.811288738933998], [98.45508733326723, 9.795971702903708], [98.45188572504962, 9.790090134121865], [98.4495134423548, 9.795476734986423], [98.43811601427754, 9.799793142899507], [98.4323146903648, 9.830146206215124], [98.44014490159668, 9.831069277696443], [98.43749616182183, 9.853944487721936], [98.45217114392536, 9.874046086078858]]], [[[98.4849365673891, 9.899494181498882], [98.47068978110178, 9.898076179277618], [98.4755412544191, 9.908367785612974], [98.49021169293312, 9.91195734795013], [98.4849365673891, 9.899494181498882]]], [[[98.51296652490565, 9.912550441649664], [98.51211477331161, 9.91709868396624], [98.52149227689084, 9.920888944761813], [98.51296652490565, 9.912550441649664]]], [[[98.46229768736602, 9.313006481676995], [98.47028398485506, 9.322196702681143], [98.46054084426275, 9.342030728761769], [98.43685857355995, 9.35345939051638], [98.39212036675629, 9.34498714717006], [98.39759614297036, 9.403249708997555], [98.40913630609678, 9.399950000684825], [98.42447115703436, 9.427293205253745], [98.43388878416626, 9.486706284668573], [98.45901583027259, 9.557490022741007], [98.45707608199012, 9.564187586129982], [98.46719826362586, 9.56754979281662], [98.47154592041208, 9.562774092359534], [98.46335899553536, 9.556058663719428], [98.47399843757127, 9.533103188115561], [98.47114011954545, 9.50607665376179], [98.47884987308781, 9.497225326824541], [98.48110619062828, 9.531488993266144], [98.48792420226076, 9.534400779902013], [98.48992185876278, 9.526427945225798], [98.49793487363867, 9.522998918687412], [98.49469308479023, 9.558979367135102], [98.55069497755332, 9.568459451534316], [98.51500874069256, 9.582750878971604], [98.4873979786959, 9.57381032953963], [98.46200344027916, 9.577355333199343], [98.46495090217809, 9.586318172741985], [98.46345267063933, 9.62744000126794], [98.46982469345751, 9.625000824455515], [98.47862246160157, 9.634614634696163], [98.49464400845476, 9.623721087965619], [98.50570709155605, 9.628987243752974], [98.49836736835861, 9.632612545980203], [98.5037183138242, 9.63877943080581], [98.50679506160132, 9.657115311958671], [98.50086891825265, 9.657663760637652], [98.49321268522756, 9.661966822471637], [98.48750056018125, 9.685559850383214], [98.49674870846518, 9.678719620042857], [98.51381820234089, 9.674826855034953], [98.51909325420182, 9.684627954212036], [98.4977654442573, 9.706704954877146], [98.5013549495111, 9.70971932221532], [98.53396438392166, 9.691013331676539], [98.5368316196967, 9.707110749554657], [98.55323664638938, 9.727702855548626], [98.5501777031571, 9.746310705453308], [98.5241543630524, 9.746484560421868], [98.50963555068351, 9.739118153041007], [98.49975867145506, 9.740362211119137], [98.51271681192111, 9.753463064623157], [98.50830228076309, 9.784030175430559], [98.53325986731605, 9.790643094490935], [98.53940005739045, 9.78356649891715], [98.54679765504818, 9.796118870950018], [98.53169467075193, 9.799668310622954], [98.51632420185122, 9.853195374623365], [98.5272757628124, 9.856334582741896], [98.5284573806433, 9.869417552956142], [98.54177232179887, 9.885947444608815], [98.56033107401883, 9.881644419760653], [98.56873650228152, 9.908028900149533], [98.55727209586279, 9.900591101165535], [98.55820850976906, 9.915502392784353], [98.59117467591904, 9.932888366496217], [98.58403560902835, 9.942042927171233], [98.58810682418614, 9.957301927008189], [98.6527905589825, 10.081331861286309], [98.65228660516337, 10.099038975573627], [98.66001873829865, 10.097612072904347], [98.67111298220922, 10.11102505665254], [98.69731019546228, 10.176720957329024], [98.69133057148794, 10.182834380601406], [98.71176211300364, 10.222168090892348], [98.7561703112478, 10.384412538280582], [98.78126171577543, 10.441390866665738], [98.79603466454017, 10.445234646728572], [98.79677489939124, 10.455949841172908], [98.80892151164707, 10.473077248344163], [98.79970009016266, 10.482922992207921], [98.81052232164565, 10.488773328708156], [98.82208477311865, 10.52949384430853], [98.81341178489268, 10.530162685209284], [98.81532478161218, 10.538523505126465], [98.80971072803975, 10.539647225933464], [98.81785749124643, 10.546554354800849], [98.79959305263583, 10.56192485850519], [98.80791374822657, 10.588790926858437], [98.80202770944986, 10.586570338598193], [98.80125185661636, 10.600108167788651], [98.79125895768661, 10.60414804337611], [98.7813151798215, 10.601655480121307], [98.78168085471192, 10.610328415747503], [98.77444375552365, 10.616343680976483], [98.78326824002177, 10.646870743761442], [98.78008005210114, 10.678084461358099], [98.79042957415292, 10.687537742708939], [98.82427865674539, 10.726568249526254], [98.87604429971104, 10.787996829314563], [98.88551543148225, 10.784277918536931], [98.89482161289708, 10.760916687235284], [98.91161460095734, 10.750495813531286], [98.89359091100803, 10.685843248202225], [98.90641973414286, 10.689009227097428], [98.91181079611354, 10.678182579925654], [98.93065497761476, 10.671953184059207], [98.92859487876501, 10.653104511935732], [98.94972204844937, 10.640891063129395], [98.94978447382196, 10.61369498935635], [98.96079401821336, 10.613115303739484], [98.96572132972885, 10.595087214925957], [98.94432206230574, 10.560667405982525], [98.96251076509563, 10.54062820910604], [98.94680580260555, 10.520548831119285], [98.92220942148485, 10.508821393081503], [98.90754791445855, 10.485495884476975], [98.88777179459733, 10.458513849537502], [98.89943681224838, 10.413026526988382], [98.9042302737937, 10.396327191656239], [98.92017160830363, 10.39471747246129], [98.94132110723697, 10.37922213488599], [98.93560010938894, 10.367102249501789], [98.94483044598051, 10.349511157926388], [98.90602728714101, 10.288095902784235], [98.91166807040396, 10.266745712499265], [98.88580533324604, 10.211479673332203], [98.88662580147218, 10.195681082559194], [98.93240290357647, 10.13008321258713], [98.92780108978455, 10.087989310128279], [98.92437656145509, 10.070219780561404], [98.90962135339743, 10.052579554037576], [98.90688349940955, 10.032451195221054], [98.8914728594046, 10.010222608290462], [98.87156741134481, 9.997581028264806], [98.83894463199948, 9.982170390517439], [98.81967236328789, 9.938538089894342], [98.7863762738415, 9.94627464212397], [98.75643342731185, 9.926190794032026], [98.73034762219852, 9.900047079648685], [98.72385965964908, 9.877635706343627], [98.70068575288389, 9.837303125123638], [98.687049825442, 9.83183182195946], [98.66805400196911, 9.812465883029128], [98.64060378061595, 9.787807105386308], [98.63260865342305, 9.765235135279939], [98.65181840524949, 9.6958336519443], [98.659363243311, 9.68585422125351], [98.65750824811059, 9.669368931846], [98.65508252075051, 9.657008264191775], [98.6703192237725, 9.651782175815395], [98.7155390270359, 9.628131121801658], [98.73710766700725, 9.611231125962082], [98.74040296911201, 9.586492011409424], [98.75579131140319, 9.575295207128386], [98.76923996892187, 9.540001454754671], [98.75557727395393, 9.536148756624149], [98.7207784175898, 9.495477361021035], [98.70111822593607, 9.475620957599604], [98.67101930216863, 9.459920464840184], [98.68240344104977, 9.436617172277078], [98.67188441987524, 9.420782917607097], [98.65505130059745, 9.424385867660583], [98.65157318679357, 9.41056265993368], [98.65310711585265, 9.386724339875803], [98.67479614241934, 9.383121347757124], [98.67542935556841, 9.37229916077283], [98.6605983650493, 9.344848895380357], [98.63732190816226, 9.353923190939575], [98.62014097081433, 9.343680599563708], [98.59815759007311, 9.34714977539866], [98.5939615591577, 9.362328537384064], [98.55323220430326, 9.35811022726733], [98.5306379300214, 9.339319583687768], [98.50708043751028, 9.304449415409835], [98.48659533573421, 9.3020548929471], [98.47875182482593, 9.313978501370581], [98.46229768736602, 9.313006481676995]]]]}, "id": "0000000000000000015e", "properties": {"ADM1_NAME": "Ranong"}}, {"type": "Feature", "geometry": {"type": "Polygon", "coordinates": [[[99.85466982774209, 13.325595401774352], [99.8946145277056, 13.438388411603249], [99.89236264545804, 13.464536583082342], [99.92026321074981, 13.497493728097108], [99.92089640816158, 13.50933269052471], [99.97421833105226, 13.486078468332215], [99.99348611410556, 13.496066873510161], [99.99726298594159, 13.490876472831232], [100.010408406827, 13.510723881172288], [100.02581017045944, 13.50206433403259], [100.03221339564942, 13.505315063343964], [100.03350661024342, 13.521234009873755], [100.04560858254291, 13.546294159419524], [100.04050289974784, 13.587861946698046], [100.04610354489034, 13.594568402083029], [100.0404048182441, 13.604641532118242], [100.05620786042454, 13.62367736814608], [100.06750271764886, 13.63797776245719], [100.0599044594377, 13.647484516959095], [100.06840348986134, 13.691486976915192], [100.03630691955863, 13.69092507787475], [100.02900737136946, 13.726794106761094], [100.02930610141483, 13.749312567320063], [99.9569259789099, 13.7280426827412], [99.94033811877163, 13.738922872558689], [99.94680829177503, 13.764299585703297], [99.96907256819718, 13.80746815805342], [99.9573451337062, 13.829875149742374], [99.93799705200011, 13.829897488450856], [99.93446992583073, 13.838637338145922], [99.9032205415752, 13.838035312633776], [99.91592455255005, 13.872905524767036], [99.90913331746297, 13.886523549623035], [99.9030600583317, 13.896302350186922], [99.91883631724866, 13.905541690743478], [99.92852148253405, 13.932180331341332], [99.86716425031682, 13.944358091344128], [99.84034726367669, 13.869623612341071], [99.82297457704163, 13.857472579517093], [99.82722406982863, 13.848264498364928], [99.81604961516837, 13.830468180937842], [99.80907558172693, 13.812176957895998], [99.73401550686084, 13.819097519113122], [99.66944326551743, 13.827578763663816], [99.6173475844047, 13.796298175023633], [99.58373932214673, 13.788610638939726], [99.54528847825306, 13.75466799006526], [99.50322584034492, 13.767068740343104], [99.47898171646166, 13.801069329283921], [99.44749599297768, 13.777418293315646], [99.34977034004496, 13.74420246967364], [99.30725279290895, 13.74528158799489], [99.2988830489204, 13.741072124970437], [99.28907750240883, 13.757459375362293], [99.26564047267891, 13.74100077755321], [99.22289993673924, 13.741192601714987], [99.20337800019784, 13.72488115387443], [99.17904473700038, 13.734013439037993], [99.17175854584477, 13.731601031754558], [99.1690875671332, 13.701586792071424], [99.1690875671332, 13.661512924440892], [99.17132600633292, 13.5975872339277], [99.17784965932906, 13.581743999098073], [99.16219379996623, 13.574845776238634], [99.19081228001161, 13.5427848367704], [99.18735205314634, 13.501225997153325], [99.20617833059644, 13.466560957614028], [99.19797808481628, 13.443262172704824], [99.20897419433143, 13.411018418575036], [99.20133126995887, 13.375978814783759], [99.20711030256118, 13.33292622747567], [99.19145440296329, 13.313917038957955], [99.18586263822701, 13.29098836208222], [99.20990611413359, 13.262102252722347], [99.19592684409564, 13.255578636472844], [99.20804220079425, 13.226317968724882], [99.20319519696187, 13.218675080137805], [99.22277068386084, 13.200062768878004], [99.26729028842311, 13.150535557740275], [99.27868775718726, 13.147164513596678], [99.32723849916889, 13.17413313894842], [99.32269912463397, 13.208481580336716], [99.32929408594273, 13.217810024995813], [99.35101884363631, 13.2393697502356], [99.37198556509634, 13.222340468188788], [99.39445494909388, 13.209302051021188], [99.40816670721853, 13.208811548483437], [99.42028204442586, 13.193641672044732], [99.43653991807868, 13.186953046423142], [99.46279957307975, 13.17888210307373], [99.48255339736525, 13.195028505656335], [99.50878188071023, 13.176554454867956], [99.52326947739527, 13.205253175396377], [99.55140639772117, 13.200972436115896], [99.59404876733323, 13.194551342898015], [99.63369023084627, 13.199331496794976], [99.63965650961254, 13.197204499131326], [99.644708603234, 13.20799111901395], [99.66331645444282, 13.209520575305747], [99.66772649296706, 13.265638309188768], [99.66755710392033, 13.281347746694374], [99.68951371603625, 13.29353891823432], [99.71136328776583, 13.318237899924187], [99.76708866246048, 13.339195715113235], [99.80334557740807, 13.330353289851892], [99.84024021118908, 13.33043356265145], [99.85466982774209, 13.325595401774352]]]}, "id": "0000000000000000015f", "properties": {"ADM1_NAME": "Ratchaburi"}}, {"type": "Feature", "geometry": {"type": "MultiPolygon", "coordinates": [[[[101.4502833488178, 12.541154808130276], [101.4451108521971, 12.534029194269463], [101.44548535799697, 12.541337666841859], [101.4502833488178, 12.541154808130276]]], [[[101.46749100290202, 12.567561640302888], [101.44608732568585, 12.548008449518528], [101.4496501604384, 12.582530853496904], [101.46749100290202, 12.567561640302888]]], [[[101.16642143966365, 12.63970541573992], [101.15705733743457, 12.639732156842655], [101.15720897044332, 12.65778711097657], [101.16660428076867, 12.661274108655551], [101.16642143966365, 12.63970541573992]]], [[[101.15154591763185, 12.672858824660013], [101.1391139412478, 12.669634888986193], [101.13900691069308, 12.662750072847038], [101.13255013555415, 12.66497070259812], [101.13249658066488, 12.670125366173448], [101.11883395991944, 12.677505250418651], [101.05377567497044, 12.669683981959528], [100.99402817139173, 12.659646499075606], [100.98612213118032, 12.695261332822467], [101.01062044147888, 12.746848722528085], [101.01972145846649, 12.792295830306347], [101.04542374043066, 12.810377479544046], [101.06532467943363, 12.831834690466305], [101.07131775291568, 12.866620178284464], [101.09192769358465, 12.884991656519293], [101.10532281774712, 12.917578780659687], [101.08952428204068, 12.937328108945673], [101.09942790028514, 12.972109067859298], [101.07591956773025, 13.003884644806364], [101.10872516931198, 13.043869424679336], [101.18691990994039, 13.043601844072754], [101.17772081302917, 13.057532100372589], [101.1866212193887, 13.081700426512848], [101.23002606458928, 13.079221184639588], [101.25292359253169, 13.087247553017328], [101.27282008057412, 13.061870770056855], [101.29072777893228, 13.04975098431926], [101.29382247438873, 13.058151942136375], [101.329718156395, 13.079840961867095], [101.35252204194283, 13.05928899858465], [101.39762139704177, 13.023353117943334], [101.4118191785236, 13.021391087867004], [101.4377220549912, 13.045934009949269], [101.4549253203376, 13.039552991220491], [101.47272600813135, 13.033180971694316], [101.5041181259464, 13.06929966711728], [101.52872345462255, 13.070329737904725], [101.5563208043184, 13.069081137723096], [101.58022158016004, 13.091398998563267], [101.58732491304848, 13.133818433117574], [101.60012256367551, 13.13498668375116], [101.64391979817107, 13.157224263254722], [101.69832529795055, 13.140694352090968], [101.68822546399491, 13.116980826194496], [101.69872218527495, 13.10684980498446], [101.6967244736422, 13.095947276136098], [101.72012142086675, 13.032694905678385], [101.74892276473584, 13.032962500087853], [101.7593213832465, 13.008272450856857], [101.74572115153465, 12.992924187085322], [101.73912165329432, 12.966655600786105], [101.75762245272165, 12.943798290822086], [101.78223221281718, 12.950076659698528], [101.79463298375113, 12.928008568996185], [101.81073036291214, 12.889762881719388], [101.81963519297719, 12.90050933816265], [101.82943181813114, 12.841823101210284], [101.8256281732732, 12.806016500090763], [101.82083019616222, 12.755347748203665], [101.8100213064521, 12.755860534062492], [101.79273342418135, 12.715073120481573], [101.78646837262718, 12.69124370624559], [101.74671099922217, 12.707474810202216], [101.68150115330495, 12.68917467632916], [101.64605575417794, 12.642015265529615], [101.62610570705847, 12.647027298437475], [101.57187860087724, 12.650309147594305], [101.56084234689145, 12.63051968780995], [101.51240311798269, 12.630840739638115], [101.4701308331854, 12.63293654498045], [101.42800126443038, 12.618582695892943], [101.41831164303113, 12.582695824907645], [101.41199753401455, 12.594258264184617], [101.28463219670351, 12.654509644194937], [101.16055325072738, 12.67107077336884], [101.15720897044332, 12.65778711097657], [101.15137200334695, 12.657787038957077], [101.15154591763185, 12.672858824660013]]]]}, "id": "00000000000000000160", "properties": {"ADM1_NAME": "Rayong"}}, {"type": "Feature", "geometry": {"type": "MultiPolygon", "coordinates": [[[[104.18913908375293, 15.605453533982187], [104.20863426160946, 15.604722252471449], [104.21434637081236, 15.612329477011528], [104.18913908375293, 15.605453533982187]]], [[[103.27775671275958, 15.606496933149865], [103.28203750702669, 15.593427356022813], [103.29692197823304, 15.587536827586609], [103.30584013092574, 15.559578260544061], [103.35964815289712, 15.531419104495452], [103.3661361323868, 15.5236736550367], [103.39671216091908, 15.53503539899997], [103.4181381717974, 15.532373292572121], [103.42393497956762, 15.497833146977362], [103.40503735218982, 15.431486145386737], [103.45120238209546, 15.451150797544692], [103.48864097728443, 15.441572654689034], [103.52428265479438, 15.42659454103772], [103.54074113838385, 15.428217601278547], [103.5525890069771, 15.442009607402044], [103.5785365351213, 15.462057715826889], [103.61793709525367, 15.462436773239292], [103.68114485203549, 15.445987188615712], [103.70617823360894, 15.44033746865353], [103.72339035773382, 15.439757792410381], [103.75064885893494, 15.443494527296508], [103.77918265677143, 15.43365776189026], [103.84124890784666, 15.457175047158742], [103.8579036139496, 15.461709983233657], [103.86329473449564, 15.447900102544505], [103.88076990043939, 15.465656239474093], [103.8907449200462, 15.452595516139494], [103.8932331031522, 15.457362309532565], [103.9120728376257, 15.435753558215616], [103.94781698109645, 15.435477068311487], [103.948378773069, 15.416409918666663], [103.96384293821743, 15.411964225912586], [103.96644710294999, 15.421029602072318], [103.97794265116133, 15.420258183181497], [103.97624372796817, 15.40556095215248], [103.98783289316839, 15.402582285291352], [103.99990815928068, 15.439008647203032], [104.04846776919042, 15.48940544720397], [104.0634459430772, 15.503629965772468], [104.06124760505786, 15.513934977914078], [104.08077399117737, 15.530607514282368], [104.08064461853913, 15.539449912519217], [104.09854791123021, 15.547101747140779], [104.10714510173042, 15.546214408994299], [104.10248529304522, 15.563051920061058], [104.12210090376153, 15.559894865410927], [104.13354295493536, 15.579082437185926], [104.18026096251945, 15.60161426588048], [104.18913908375293, 15.605453533982187], [104.18714132966765, 15.621439418265057], [104.19334396514132, 15.626839352053596], [104.17584197173737, 15.631467886488071], [104.17590891840209, 15.655743291371854], [104.1892014253398, 15.655587214974526], [104.18619602432726, 15.664291394986744], [104.17674278386897, 15.662975931345626], [104.14639851645059, 15.702260611914042], [104.15051427665749, 15.71013542371098], [104.13854162504124, 15.703883709440241], [104.12664923043712, 15.692700311604256], [104.12298382415584, 15.702978541163155], [104.1311038304454, 15.70652795331247], [104.13346716380063, 15.723222818873683], [104.14325040627247, 15.72679011863855], [104.13792623364738, 15.743025713617433], [104.14250130979278, 15.750445637354995], [104.13292758528189, 15.75728589701023], [104.13454623836782, 15.767697925495401], [104.13974555535368, 15.78942710333408], [104.07374639407641, 15.835048166642077], [104.07034862265233, 15.823887014864805], [104.08034590997846, 15.817287552226011], [104.03240165237763, 15.794488224614847], [104.00694461591875, 15.792004525284504], [104.00274857693994, 15.81094673066287], [104.01461877357599, 15.818785850836115], [104.01127000135394, 15.827405284546256], [104.01894404345971, 15.829625902225956], [104.01434225989249, 15.838214170314135], [104.02184251185388, 15.836336821186991], [104.03036386585845, 15.85765135436523], [104.02464280991627, 15.864536240269912], [104.03604919187588, 15.864032301824281], [104.02794699488727, 15.86955273245888], [104.03414962835299, 15.871612798030856], [104.02025057880942, 15.881944572222794], [104.0190645017679, 15.90613513116162], [104.03654410665357, 15.927650322264862], [104.0327449919994, 15.951760731411461], [104.02854897209701, 15.956937734619991], [104.01714258418713, 15.950681576838766], [104.0273583954951, 15.976615703165274], [104.07134294982558, 15.980316804373627], [104.10054565700882, 15.975117429869993], [104.10827768416569, 15.993208073483807], [104.11304448561918, 16.009613096686817], [104.11554605063901, 16.038677453277], [104.10244966575112, 16.06693479493398], [104.11874317982567, 16.109131332030508], [104.1456315842321, 16.108016516316166], [104.18184840992895, 16.143439604757617], [104.20282846013971, 16.150663316800163], [104.20854947261311, 16.159149000580413], [104.2215477866307, 16.154056702576945], [104.25108934103721, 16.19804130271087], [104.26327603186817, 16.220720305095604], [104.30948574611213, 16.23936383270759], [104.34494898718978, 16.293680073912505], [104.35455389320236, 16.318387958713032], [104.32264902974713, 16.32850124672549], [104.32834772582386, 16.352187929458797], [104.31979963232797, 16.407253426698304], [104.31174649465322, 16.4543638151746], [104.29584531907771, 16.4694311055198], [104.28521039416125, 16.445338568359773], [104.23471999380176, 16.427577986632635], [104.22104840960775, 16.433713684093256], [104.19354465253659, 16.427631507622237], [104.16989803151912, 16.44240006710363], [104.14881981900139, 16.429633639313195], [104.14069985979394, 16.421281725806786], [104.09998378260394, 16.41417394329793], [104.07264501340387, 16.403480970814776], [104.05100052026233, 16.386799528552157], [104.04121279756973, 16.418329859688956], [104.03846159688032, 16.435087102255313], [103.99574332809193, 16.4395729608511], [103.98224570333214, 16.429963638461626], [103.94307689722004, 16.43737015583876], [103.92484363673478, 16.435533049437506], [103.9107796270766, 16.449249243317478], [103.90113907931159, 16.44755472812462], [103.86173842983028, 16.466751234209955], [103.83704395438565, 16.463901816394305], [103.82404124139305, 16.46677794175498], [103.73813664736433, 16.39757272320097], [103.70443923121523, 16.375036437194805], [103.73063642223185, 16.333976976886948], [103.73463626605543, 16.31926645896058], [103.75911672211765, 16.2932074557259], [103.75204458879026, 16.254150185668394], [103.7378913648969, 16.242048188751046], [103.73263411952709, 16.219222064827488], [103.69489231024016, 16.217790697275692], [103.69892775368182, 16.214375021177506], [103.68804314336526, 16.207717553004876], [103.68496632423555, 16.213683832907304], [103.67623988344349, 16.209585940437634], [103.67043856545416, 16.217362581729848], [103.66333968426554, 16.210731872477435], [103.6802351790257, 16.200208431925564], [103.66083366401516, 16.19181641410088], [103.66022280226487, 16.196556412099824], [103.64931583894231, 16.18881990660553], [103.63723613278773, 16.1856360875107], [103.62053679540914, 16.214789664446418], [103.60273599744735, 16.212011644052986], [103.61698290743071, 16.204564940632267], [103.6200418081204, 16.19803687221061], [103.6026378962338, 16.191165344023123], [103.59993568251221, 16.198366797702395], [103.58821719697355, 16.192547702064683], [103.55313749398512, 16.203606291963563], [103.5625907391925, 16.213340511668207], [103.53903776757684, 16.21003632791757], [103.54178011725112, 16.215021574615122], [103.53423976534428, 16.211583598241557], [103.52333726840816, 16.19322551828615], [103.50146540363946, 16.193109516576573], [103.49227068771708, 16.178648701038828], [103.49543668784557, 16.16572622077101], [103.4851004711427, 16.147889834316054], [103.4624393650299, 16.11480770001348], [103.46166792782515, 16.07154999364761], [103.47226716955203, 16.03484715590288], [103.46733985429582, 16.01257390787331], [103.46767434018058, 15.959354566844514], [103.477033945346, 15.928560012013945], [103.46269348341822, 15.917947362932797], [103.4384226326879, 15.827075294743864], [103.43400367678667, 15.783425127143396], [103.41650166438339, 15.767862886998318], [103.40062730489899, 15.759435235060272], [103.42306545492768, 15.733603667335595], [103.41584177689519, 15.710572377117748], [103.38746851006968, 15.707384128485938], [103.35273651352843, 15.720212989319212], [103.32953586530427, 15.702033232683352], [103.30301754477047, 15.694434880624174], [103.2807399182803, 15.661464331161152], [103.30530512090883, 15.661009501006566], [103.297934229764, 15.619660197573559], [103.27775671275958, 15.606496933149865]]]]}, "id": "00000000000000000161", "properties": {"ADM1_NAME": "Roi Et"}}, {"type": "Feature", "geometry": {"type": "Polygon", "coordinates": [[[103.41785275140869, 17.876116952254513], [103.4068388492259, 17.867515375485734], [103.40303072259323, 17.852113669864057], [103.39799638969407, 17.84587976666763], [103.41879366236131, 17.831481394756338], [103.40467173064805, 17.83264521502512], [103.39859835157726, 17.831842516141528], [103.39475467796503, 17.838330578331533], [103.38496242391878, 17.83570860594314], [103.38795450025, 17.818804168510628], [103.37958476132295, 17.81243651278152], [103.37336881281749, 17.787603774793972], [103.37603976749924, 17.77184981124339], [103.38785638526865, 17.7497415611742], [103.40512648747689, 17.75082963337505], [103.40947858675054, 17.718648246714526], [103.40423020016644, 17.601708334981055], [103.41583278326235, 17.59320038431689], [103.40406974018511, 17.58760869619427], [103.38020461868648, 17.58838454455089], [103.38039184582028, 17.577308143973962], [103.35874293097132, 17.58310493781041], [103.34208820941049, 17.56916584095437], [103.33303620979905, 17.546999644496715], [103.32791274277216, 17.546718703676284], [103.31205171634856, 17.511193019217146], [103.29212395832039, 17.487078196932316], [103.28657688274642, 17.45315784248445], [103.27937989544594, 17.43220004980502], [103.30073450281847, 17.39348166805227], [103.30150593663159, 17.383167823076636], [103.2677772725232, 17.324294331834462], [103.25756147080173, 17.308437703582687], [103.28429378603099, 17.262919213450882], [103.31820078786475, 17.26212997209318], [103.3578511116774, 17.248614427724576], [103.3684638052543, 17.231589584390296], [103.42533067548986, 17.212593805764044], [103.46845463419851, 17.216883491178155], [103.47624918877086, 17.22428999251617], [103.57395257414896, 17.15625310417162], [103.59951653222817, 17.16777988902356], [103.63593849635951, 17.129128343137992], [103.64245772033163, 17.1093121229346], [103.66297846035968, 17.109236283426796], [103.66998376486451, 17.093379743891603], [103.66010239702021, 17.06993823225322], [103.6670318395207, 17.044619462903718], [103.6650252321649, 17.019193667364704], [103.67636913826576, 17.018083383974304], [103.70026992427024, 17.029097348658283], [103.70978568214363, 17.014047838649027], [103.73130974240846, 17.006083907165987], [103.72595880555777, 16.984167443251042], [103.74341620729767, 16.981839761789136], [103.76761579767715, 16.96397216590489], [103.78757468270321, 16.95649875985731], [103.79020112790535, 16.93665122308817], [103.78427938563033, 16.920509286014237], [103.79437924687925, 16.886200961162945], [103.81223351916975, 16.87929833544533], [103.84111958259969, 16.863620074552873], [103.84773240041024, 16.840655726043284], [103.875954094526, 16.827385421692014], [103.87997620584534, 16.81753972510461], [103.92474999109433, 16.79408040592255], [103.94690728310064, 16.77223529867766], [103.95673961658125, 16.77986926101341], [103.96354864138493, 16.82203452774256], [103.97205216011176, 16.81174742297753], [103.98757874800033, 16.8308233895453], [104.01000801076573, 16.840967849619215], [104.02763936392412, 16.855107714387596], [104.0385195312555, 16.848713309101754], [104.04514130529817, 16.83966584426149], [104.07354578797417, 16.831956052212], [104.07479878335167, 16.821682255755498], [104.10807702878486, 16.833177830820176], [104.1259937369134, 16.868930897480677], [104.12617651248947, 16.885277930312046], [104.17444629612515, 16.886526525542667], [104.20741245348283, 16.873907236970773], [104.22837913746704, 16.890276624647043], [104.24591674837228, 16.892635468816792], [104.28578116257616, 16.923982964936194], [104.30641783390458, 16.928700708654755], [104.32756739398707, 16.975837842976517], [104.35560621879996, 16.983989080826362], [104.36336505678598, 17.002405177759382], [104.40048256403944, 17.02087030104629], [104.39411057615938, 17.031117316789565], [104.36179984963786, 17.058077050178316], [104.35711782369836, 17.05620870819458], [104.35941429273475, 17.067351950475622], [104.36354786810709, 17.074388416276253], [104.36305288412095, 17.092443343239324], [104.40276123994927, 17.13206686733407], [104.39953728535374, 17.17629674412235], [104.41783737536878, 17.219964721746855], [104.4346527245351, 17.235000789709158], [104.40698396181448, 17.28317249617189], [104.4088121847643, 17.308433292372165], [104.42289847756007, 17.338442996729224], [104.40777768399526, 17.376733289099263], [104.41209407287619, 17.397414604131193], [104.41348085067311, 17.420004455564577], [104.30627521000447, 17.42578346184548], [104.25179828594946, 17.410961388547502], [104.22070505565229, 17.407130984517103], [104.19690680698469, 17.423986429940435], [104.17877160498166, 17.422657576813375], [104.17045539559315, 17.421217342840414], [104.17486544072366, 17.4104129030444], [104.1554416437022, 17.41094799108149], [104.15243615817747, 17.402248322105645], [104.14807069307699, 17.404446658315255], [104.14840066261168, 17.39786502024221], [104.15109399451833, 17.389049320605803], [104.14115019798282, 17.390511975665376], [104.13672675114054, 17.379337482178162], [104.12796013796527, 17.378913796723385], [104.1268543442482, 17.39468118273202], [104.1098383567267, 17.390168608623217], [104.10897776451812, 17.39873897588841], [104.0948959081557, 17.395925325475865], [104.09471760414043, 17.385129837304756], [104.10218210683304, 17.383716307314128], [104.0901871451082, 17.372256351204104], [104.08536688567617, 17.385566829366145], [104.07874506976984, 17.387996983907726], [104.0736394454694, 17.37271567626052], [104.06359301996233, 17.3842692270228], [104.05360463558071, 17.38673509409223], [104.0503985347994, 17.405962704924814], [104.01565769761382, 17.465794925191016], [104.01329882867988, 17.485089461838548], [104.03352530441286, 17.507233350597097], [104.03954959783144, 17.53336818563155], [104.04583690700659, 17.565384475017545], [104.05384995329136, 17.58796984425471], [104.03429233389123, 17.623789835282263], [104.03394447278852, 17.638714457283708], [104.06217949344733, 17.640935040443175], [104.07285456746727, 17.65477164927098], [104.07833037485216, 17.669344003070865], [104.08306151405544, 17.66845659070561], [104.08360994024396, 17.67735256521623], [104.06916247451997, 17.680977770790854], [104.06934978371676, 17.690399887899495], [104.07726909816202, 17.694622675174287], [104.07101298340541, 17.69906838485237], [104.07737613814554, 17.704713549960935], [104.06278152960368, 17.71999937319396], [104.06835095189935, 17.723232254628524], [104.06144819355413, 17.743539000319796], [104.05176755715104, 17.735352046811883], [104.05786307192332, 17.753594261614555], [104.03517966266539, 17.765491135562982], [104.0242905441157, 17.75643020687376], [104.01007045020187, 17.79079204283899], [104.01999646287894, 17.798818480604407], [104.0063872799856, 17.807651914128225], [104.00105864851473, 17.793538903711738], [103.99684923803132, 17.785311811777785], [103.98691434212061, 17.783443495726285], [103.97744767946314, 17.769954698093294], [103.97331858654577, 17.778516181167777], [103.95195947610064, 17.77640704562223], [103.93913950722396, 17.792330459824225], [103.92034889505385, 17.821943324680785], [103.9181684026825, 17.854766748944236], [103.90300743389079, 17.843088426770755], [103.90545105926849, 17.87565322750603], [103.87101786420305, 17.86605726365226], [103.86490440627466, 17.86513416991232], [103.86588097689128, 17.876946381610846], [103.85080029811644, 17.87911348401269], [103.83107770318225, 17.867675889691572], [103.79501247531773, 17.871831741279866], [103.81043203158677, 17.852532797039455], [103.79505262144657, 17.84068937242546], [103.76502055919762, 17.882903726654156], [103.78676756266863, 17.88975734583903], [103.77639126645192, 17.908240370297943], [103.78305759611979, 17.928123471469018], [103.76225147602234, 17.917345801307743], [103.76144433111565, 17.934834394914105], [103.76419120740498, 17.951801253473523], [103.7522496754071, 17.918946628428955], [103.74967232518976, 17.910318284586793], [103.72063468494002, 17.927303003161395], [103.71848984222714, 17.94007387250469], [103.7043054423479, 17.940582169020217], [103.68503762667818, 17.95290265266299], [103.66514564188414, 17.94701669913192], [103.66445887507786, 17.969753675515232], [103.64449110217876, 17.960162119305814], [103.63496192119058, 17.9725227051499], [103.62702920494766, 17.966712494486185], [103.62754647426539, 18.001025347462765], [103.64259144684156, 18.009970302667583], [103.61336650563885, 18.01093792554436], [103.60318641629057, 18.036020358107905], [103.59561930214535, 18.046013153084736], [103.58458746092997, 18.034071678387807], [103.56105232798137, 18.058966884993936], [103.5435949963158, 18.065602018641055], [103.54671635084665, 18.07918446761545], [103.54118260630608, 18.080829830419276], [103.53771789115906, 18.066016734166787], [103.5148025399698, 18.06945465195571], [103.50197820592975, 18.04922370071327], [103.50637037179901, 17.994363374124998], [103.49176242331774, 17.984985877136932], [103.47411327418358, 17.997854885639683], [103.4627157992881, 17.985529967907787], [103.44544120878778, 17.98671607494428], [103.44232882023489, 17.975488050912798], [103.45303513184754, 17.971399054813677], [103.44675670527455, 17.963488614256583], [103.40853774419867, 17.988151909181873], [103.39664533588522, 17.980914762233503], [103.39052737876814, 17.981258099419176], [103.39380036740747, 17.952804625018473], [103.41107938394676, 17.941665735087096], [103.41070484004703, 17.92600090280945], [103.39718037793415, 17.923231840206135], [103.40505075333684, 17.899273097032694], [103.41444600789929, 17.894764960907555], [103.41785275140869, 17.876116952254513]]]}, "id": "00000000000000000162", "properties": {"ADM1_NAME": "Sakon Nakhon"}}, {"type": "Feature", "geometry": {"type": "Polygon", "coordinates": [[[100.44811374770242, 13.562529765100994], [100.45952908004003, 13.499054420278464], [100.57280805494185, 13.514946727497282], [100.59460866874156, 13.535413990649971], [100.61914258381508, 13.529545795623788], [100.68557432641164, 13.505921495588838], [100.82261141276325, 13.486216733932185], [100.85411940961374, 13.479728700895166], [100.87541163090305, 13.491487334073854], [100.88501650157416, 13.54836321157209], [100.89531701571158, 13.563310107480921], [100.90951483169745, 13.557981499302635], [100.91831262774448, 13.574408775409207], [100.91311772601289, 13.592419132277353], [100.93591271875613, 13.602527917503988], [100.96591354336584, 13.643975202652056], [100.95691504364862, 13.65486882314906], [100.94751528546973, 13.666886139595467], [100.86661383262405, 13.69603521014812], [100.85901548123753, 13.691585040203424], [100.78331781635046, 13.71562410601364], [100.71681033906938, 13.715994186793942], [100.70421778400288, 13.661174000882292], [100.66141487449802, 13.67006545382126], [100.65001743194328, 13.649607056897182], [100.59761851243407, 13.663474879817247], [100.58851747540841, 13.672335135331725], [100.5917147005847, 13.693382044682451], [100.56029581626792, 13.705256678713722], [100.55731269007654, 13.692904913959255], [100.54961187227002, 13.670252697611822], [100.53211430921722, 13.674056372012101], [100.52331652801014, 13.671875810046775], [100.52361082084975, 13.610429419443195], [100.52301777325324, 13.602670576837069], [100.47701319660358, 13.599959448050601], [100.46941493666388, 13.596949527787526], [100.46111205210269, 13.602817759862349], [100.44811374770242, 13.562529765100994]]]}, "id": "00000000000000000163", "properties": {"ADM1_NAME": "Samut Prakarn"}}, {"type": "Feature", "geometry": {"type": "Polygon", "coordinates": [[[100.03221339564942, 13.505315063343964], [100.04720940915306, 13.491986805256968], [100.07890911287723, 13.433750918426853], [100.07980991698929, 13.428208259657543], [100.2644746185727, 13.483505607013148], [100.27283097789386, 13.511107415138806], [100.26437209456162, 13.522482537023759], [100.27898902959721, 13.512204306543557], [100.31904510442799, 13.489124075201172], [100.40919032819481, 13.49301682375724], [100.4152145583235, 13.53128485330244], [100.41851871996484, 13.54891165968744], [100.41181228233377, 13.553152284888307], [100.397217633565, 13.55510091717696], [100.3817133226337, 13.603210138778977], [100.37021773257703, 13.625296073764174], [100.34151454409948, 13.657423847429193], [100.33931620267725, 13.68779483736458], [100.33791153979705, 13.730722597674452], [100.28421952979839, 13.703892186037507], [100.28261423435748, 13.6996024984746], [100.27171175895708, 13.681244440214305], [100.22781191440633, 13.66828626454204], [100.21960270562812, 13.682452803106903], [100.19001208855985, 13.67637509159757], [100.18100917812887, 13.68061565381894], [100.17040989537149, 13.682136228962406], [100.13750615976086, 13.679344826728594], [100.10680528197899, 13.647685200947043], [100.06650392930312, 13.645696431421143], [100.06501008016949, 13.62915760590757], [100.0404048182441, 13.604641532118242], [100.04690617865242, 13.589730275641507], [100.03891098824688, 13.583572264903976], [100.04480596070319, 13.535275731058544], [100.03350661024342, 13.521234009873755], [100.03221339564942, 13.505315063343964]]]}, "id": "00000000000000000164", "properties": {"ADM1_NAME": "Samut Sakhon"}}, {"type": "Feature", "geometry": {"type": "Polygon", "coordinates": [[[99.95411227898, 13.297204353115262], [99.96649523828306, 13.310947286367787], [99.9987300788786, 13.337126679373654], [99.99842232432749, 13.360376412144548], [99.99293770152637, 13.367729508619023], [100.02485589784034, 13.362802158316542], [100.05805836027331, 13.41591007206886], [100.07980991698929, 13.428208259657543], [100.0557084012262, 13.480317350538465], [100.04720940915306, 13.491986805256968], [100.03780958242153, 13.502086673866339], [100.010408406827, 13.510723881172288], [99.99726298594159, 13.490876472831232], [99.99348611410556, 13.496066873510161], [99.97421833105226, 13.486078468332215], [99.93058606735835, 13.505034136567453], [99.92089640816158, 13.50933269052471], [99.92026321074981, 13.497493728097108], [99.89236264545804, 13.464536583082342], [99.89077072596602, 13.42066793911272], [99.85574897185533, 13.309275127281248], [99.86254911028422, 13.243159997073732], [99.87160549738134, 13.241857980020724], [99.88573644573172, 13.243770952658599], [99.88545993910638, 13.256158346233978], [99.89566681818232, 13.27004842540234], [99.90141910663023, 13.281209572977446], [99.9314867864054, 13.279136076190516], [99.95411227898, 13.297204353115262]]]}, "id": "00000000000000000165", "properties": {"ADM1_NAME": "Samut Songkham"}}, {"type": "Feature", "geometry": {"type": "Polygon", "coordinates": [[[100.95641116158042, 14.27156253804087], [100.95211706253001, 14.299579034309232], [100.97271814143863, 14.299338235122418], [100.98881545266212, 14.286299839250844], [101.00341902220796, 14.29663153269089], [101.02721280434788, 14.303449506677874], [101.06681853234623, 14.364467828743903], [101.05831943241589, 14.406914052057754], [101.0669255699568, 14.410044321267094], [101.08922545707105, 14.380016713383434], [101.13392797473671, 14.37411293246869], [101.15862249513287, 14.359397887801261], [101.17422489292099, 14.343398625681223], [101.1891271886451, 14.356477158423568], [101.20232617394794, 14.366296126623922], [101.21442372177036, 14.373934512839096], [101.20692343716085, 14.400796195407125], [101.21932422852744, 14.431813661946517], [101.22991902146501, 14.428241922846986], [101.23232250475166, 14.448651230095194], [101.23402591176648, 14.46984978257161], [101.24342570119849, 14.473470598356384], [101.19842442130569, 14.526466991365881], [101.18872140656894, 14.540196590221713], [101.22032305089941, 14.593781607193748], [101.2115252372907, 14.620629881323646], [101.20962572495044, 14.648570603990382], [101.19932518438564, 14.698860334766975], [101.19492404831067, 14.746086666771285], [101.20772607632597, 14.752235747618503], [101.22962028702656, 14.738742482144211], [101.24622152035195, 14.73156332277342], [101.28452518107771, 14.728205657302885], [101.28662096076678, 14.743424563213562], [101.29801844997678, 14.737266510473752], [101.32031842027321, 14.756944553508783], [101.33752609375101, 14.76374469617861], [101.34281900835279, 14.795631736133481], [101.39912409340079, 14.828080626492278], [101.45862634609097, 14.861376719388211], [101.44782193463665, 14.921645918412095], [101.41522150036566, 15.038461005204999], [101.38842226676837, 15.03036776148853], [101.36832512621154, 15.036935975980551], [101.35002051234426, 14.992599176742129], [101.32591905326042, 14.974499651266678], [101.28632222835424, 14.970611271485273], [101.27812192880931, 14.926724832448988], [101.25881847353992, 14.913405530782807], [101.19342132124373, 14.91896599182235], [101.15232175362291, 14.897638088204571], [101.0995170994223, 14.905187376196068], [101.08392360341759, 14.866246076841788], [101.0912231379952, 14.847428663166086], [101.07702535829415, 14.84366073806199], [101.07311029991291, 14.830640092206458], [101.08591236903382, 14.832178503415337], [101.07541566843646, 14.793442289625265], [101.06591778100139, 14.78282072805495], [101.03031187743939, 14.805892111411778], [101.00281707354492, 14.785531850647192], [100.98381682102541, 14.773131128876374], [100.96031286781336, 14.743812554697938], [100.94041635156515, 14.741574040577646], [100.89702037662597, 14.768703233236458], [100.87061360801422, 14.766134759126174], [100.85941238727906, 14.786700126298202], [100.8332151557041, 14.802592382549413], [100.80811486143229, 14.794133451673568], [100.76661846584295, 14.796670740835125], [100.74921462192187, 14.80182987540701], [100.73501684795964, 14.764244083125261], [100.69071114830592, 14.737097075935287], [100.65571619338996, 14.711635631216696], [100.63931107972219, 14.673091162770035], [100.62351252324649, 14.669876136843765], [100.61951270143562, 14.665269867352134], [100.58671604677535, 14.623381145043247], [100.58501264477125, 14.591810652497529], [100.60631378538535, 14.576172637241804], [100.60661255282636, 14.54995753629238], [100.66441141621883, 14.548557439942515], [100.70181432513218, 14.573715630147111], [100.7832197022746, 14.563655904964047], [100.7770171206869, 14.52434897660797], [100.75211297375614, 14.511479982535416], [100.76671656261271, 14.498758192290616], [100.77481876243823, 14.4775595501729], [100.76891490364572, 14.446912172838585], [100.76881232989106, 14.41949321149561], [100.76461628150534, 14.409651923550145], [100.78251517735958, 14.40445258644203], [100.79541976608212, 14.383004394914762], [100.78871330111893, 14.364913776162497], [100.7950140043367, 14.359094636880041], [100.77691453809906, 14.323060627305699], [100.82151888525378, 14.322008296273939], [100.82721766264687, 14.306718055523486], [100.82581304134442, 14.23850275585677], [100.89721658218285, 14.273542353363393], [100.89931687723961, 14.24604303556037], [100.95641116158042, 14.27156253804087]]]}, "id": "00000000000000000166", "properties": {"ADM1_NAME": "Saraburi"}}, {"type": "Feature", "geometry": {"type": "MultiPolygon", "coordinates": [[[[99.28916667455482, 6.486230717400546], [99.29400927530406, 6.4837647872445405], [99.28733401205496, 6.480986760993425], [99.28916667455482, 6.486230717400546]]], [[[99.30673109722724, 6.496076381155874], [99.31044997626134, 6.481597667428085], [99.29655535866516, 6.488611852626634], [99.30673109722724, 6.496076381155874]]], [[[99.15315072638839, 6.52930110497541], [99.15673136147608, 6.5390308970331725], [99.18589390154581, 6.522077386991392], [99.1720439218226, 6.519424217610565], [99.15315072638839, 6.52930110497541]]], [[[99.32295769569662, 6.552854099687665], [99.31526574827801, 6.50837455496472], [99.28447122598496, 6.508182807992449], [99.28989799137318, 6.530629918490855], [99.28286598145459, 6.534402358187179], [99.27548167376692, 6.573499778251768], [99.28408774096465, 6.573076150579037], [99.3154040350913, 6.564425485592318], [99.31375417194651, 6.558040015906592], [99.32295769569662, 6.552854099687665]]], [[[99.19300611563955, 6.577071492894199], [99.2145213299044, 6.575448364383741], [99.23950122715358, 6.583635311322227], [99.25291418706784, 6.578070353380409], [99.25861293535532, 6.55723296051539], [99.2174464737705, 6.537996386843791], [99.19782647729758, 6.544038503126306], [99.18228205475586, 6.540783348669557], [99.1649093200218, 6.5473025605938355], [99.17251211634434, 6.550076123813316], [99.18320952521898, 6.549170862228041], [99.18617037120796, 6.558240735194106], [99.19300611563955, 6.577071492894199]]], [[[99.45470189176537, 6.575858578803366], [99.45487576546584, 6.571042797369304], [99.44735773716347, 6.560786834980238], [99.45470189176537, 6.575858578803366]]], [[[99.64083810810497, 6.674828398896472], [99.6459705695274, 6.739150886292023], [99.65027806874238, 6.736270292387511], [99.67224802312364, 6.696512968605448], [99.67911501212639, 6.699879573183517], [99.68356081643384, 6.684990643702577], [99.67886085181703, 6.630451355057206], [99.69031183183174, 6.603629906184057], [99.69409762880844, 6.572509864800175], [99.6988599146205, 6.55622965354121], [99.69387471011825, 6.531200737522515], [99.67634147609468, 6.539030893633839], [99.66914451278976, 6.5270716207086625], [99.67343415967484, 6.512708790946642], [99.65332360812091, 6.504597719892327], [99.62468282395903, 6.565901438653103], [99.61654497983982, 6.563515859080875], [99.59898949506655, 6.593324939325957], [99.60112982326874, 6.612338500792473], [99.61308917086397, 6.614871329513133], [99.61602319331678, 6.658276154456402], [99.627331476106, 6.661410913668137], [99.64083810810497, 6.674828398896472]]], [[[99.53364135997494, 6.832939174609701], [99.5441291074822, 6.831400810370115], [99.53414523581964, 6.825804597830329], [99.52911985171113, 6.827485727454278], [99.53364135997494, 6.832939174609701]]], [[[99.679627840262, 6.817341244056502], [99.68081841600691, 6.83276971729427], [99.6893397774436, 6.850222628312596], [99.6970673836323, 6.8516540029316815], [99.6933396056432, 6.81537478349364], [99.68225425266915, 6.8218582957529375], [99.679627840262, 6.817341244056502]]], [[[100.06899208363068, 6.466396642617081], [100.0752838713244, 6.464305248706409], [100.06650392930312, 6.460287612973474], [100.06899208363068, 6.466396642617081]]], [[[99.86515766682344, 6.673504031992905], [99.86641064722733, 6.668429582288564], [99.84341062265247, 6.6536298407839976], [99.8463269155026, 6.661749784859148], [99.86515766682344, 6.673504031992905]]], [[[99.86194709453966, 6.6776420397812535], [99.86804266715362, 6.688067463918837], [99.86515766682344, 6.673504031992905], [99.86194709453966, 6.6776420397812535]]], [[[99.88867940046141, 6.706189212180537], [99.87803557884244, 6.698996660802791], [99.87317516611007, 6.703357667541953], [99.88867940046141, 6.706189212180537]]], [[[99.80665423592477, 6.716873252352314], [99.81622347310005, 6.714942435557539], [99.80999860913914, 6.712561252577127], [99.80665423592477, 6.716873252352314]]], [[[99.86632596739324, 6.70727725371985], [99.84844046160767, 6.703897218898943], [99.84288888405388, 6.710055256501481], [99.84463688269508, 6.71970031515287], [99.84678173020815, 6.727673196989565], [99.8617331060923, 6.7301792007769805], [99.86632596739324, 6.70727725371985]]], [[[100.06130908165825, 7.020653959867401], [100.06871114979876, 7.004119577931022], [100.0822088612231, 6.9754832628244126], [100.09691499489395, 6.9700030005479094], [100.12051254261384, 6.936136170994841], [100.19391825430364, 6.911570986147905], [100.22031616647843, 6.8803305279330225], [100.20521761133428, 6.836229988997015], [100.19491712001043, 6.806518979470848], [100.20101265938595, 6.777459061911125], [100.2145148976048, 6.76012649338094], [100.20397797260249, 6.721024630682517], [100.19233527915368, 6.720391453645545], [100.17338410155959, 6.691202195096206], [100.18069257566265, 6.6575181087117725], [100.17137754866393, 6.648207554051019], [100.17032073057294, 6.609043243291578], [100.1821729990298, 6.59846183128387], [100.18465672879672, 6.572108549290801], [100.16227652075371, 6.575809578756477], [100.15952518791727, 6.559087917551076], [100.15401824921446, 6.559297546601046], [100.16248603483555, 6.492830152556022], [100.1459739852786, 6.468697491112737], [100.14766843422196, 6.454727153318789], [100.12949313796915, 6.427883373472021], [100.1211278871775, 6.422773182537477], [100.10235062398326, 6.493583736409676], [100.08871469448087, 6.49843972928136], [100.09957263158527, 6.526924456672791], [100.09110927006462, 6.548452957309198], [100.0775268389438, 6.55209158865074], [100.06086765336474, 6.516142341432216], [100.02643440917899, 6.54172865401226], [99.98994111619791, 6.593271379205502], [100.00462054196518, 6.600682401316999], [99.98992780737164, 6.6088425851182135], [99.95380459739152, 6.584937312012626], [99.94920280739248, 6.616842221516732], [99.96218325646325, 6.616686160752892], [99.97185058885181, 6.630781386611153], [99.94840013715718, 6.652983238999325], [99.95335424834661, 6.669285673496464], [99.93573627792185, 6.656942940500406], [99.92688942382267, 6.668817510662393], [99.92266227605892, 6.681958486517731], [99.91688325294444, 6.695161891387218], [99.90914226696572, 6.686716322684092], [99.90547688411093, 6.7026174440842325], [99.91543851504152, 6.7239408711858735], [99.87930638437095, 6.72061885394212], [99.87186415336701, 6.7306875219316264], [99.84121671879218, 6.784388495315589], [99.83656593076338, 6.776883848771785], [99.81236641335651, 6.770404714214911], [99.80042045084515, 6.8063539993358555], [99.7776879569202, 6.837389387965459], [99.75335907212043, 6.833059578292547], [99.73498756479593, 6.849674167178568], [99.70052766664631, 6.856104165021408], [99.67965903677009, 6.901818914758475], [99.6870389079735, 6.905288059266596], [99.68286069295443, 6.9457098143439655], [99.69347784489172, 6.955328140073996], [99.70818835580793, 6.946409882264333], [99.71598733535853, 6.94990140715255], [99.70183859472787, 6.9696061801072045], [99.68320403835858, 6.960041415381764], [99.68687832127499, 6.973984983829551], [99.67053127836762, 6.997983878504865], [99.68442586289711, 7.01305562770653], [99.66997838827419, 7.040702087009754], [99.69922560139838, 7.075768454001837], [99.70260111563698, 7.065998574536652], [99.71796276925461, 7.0892884637702815], [99.7125092415596, 7.101185342451921], [99.73521501503402, 7.110290770683623], [99.73612022880157, 7.126129547277191], [99.80245829033313, 7.1167386419172], [99.82952056642709, 7.092289381968836], [99.836837936567, 7.079036973138501], [99.86845295589826, 7.070065281944576], [99.90515130712656, 7.093453252345635], [99.96960317435331, 7.10043621666061], [99.98545086806445, 7.113938325790433], [99.99630877024438, 7.114700886550578], [100.02820473148167, 7.094648243287967], [100.0419075516476, 7.10149747927261], [100.05890558705211, 7.104369126582549], [100.06070704915521, 7.090715348680066], [100.07531060043104, 7.033554132095013], [100.06130908165825, 7.020653959867401]]], [[[99.77851286047408, 6.784406354147815], [99.76797600644088, 6.782029591574024], [99.76894811312711, 6.793039163071764], [99.77851286047408, 6.784406354147815]]]]}, "id": "00000000000000000167", "properties": {"ADM1_NAME": "Satun"}}, {"type": "Feature", "geometry": {"type": "Polygon", "coordinates": [[[103.99214935880006, 15.401315867070066], [103.99902973427089, 15.390605150202475], [104.01002590121122, 15.405159618124827], [104.01771333752869, 15.403688103892744], [104.02433066889036, 15.407117134099957], [104.0545366502618, 15.396468864819795], [104.06121189962687, 15.40385313235176], [104.07730028861238, 15.380063808046142], [104.08687404637033, 15.378850958562321], [104.0884302280183, 15.363868396743632], [104.0879353070387, 15.34821246122206], [104.06572007023169, 15.3479583113023], [104.04827154026135, 15.336542977525069], [104.03806473819856, 15.326746374913029], [104.03054217652588, 15.33178955410335], [104.02676979858948, 15.313382450479688], [104.01444039473068, 15.311335708378104], [104.01902880712599, 15.287011313134162], [103.99992153185882, 15.293490387517249], [103.99855709272879, 15.267779216836582], [103.98967010208573, 15.264582023916784], [103.97858478881882, 15.280220067547779], [103.9785758456236, 15.264376914786713], [104.00115225736472, 15.255579111949721], [103.99512351583078, 15.247231646379918], [103.9891038031074, 15.245046668917677], [103.99098105546376, 15.222479186732341], [103.97535633290508, 15.221025530863576], [103.98594673979028, 15.200995220006947], [103.97821014912563, 15.18786319334896], [103.96941238494215, 15.185241213407636], [103.97607425295735, 15.159467588389191], [103.9861964543964, 15.15653802413136], [104.00148223570646, 15.14736562517684], [103.99887812039492, 15.133319421366807], [103.98995993825167, 15.126198237947673], [104.00093820581102, 15.119576537302963], [103.99373680773125, 15.113320381305074], [103.99973422732201, 15.09307606550196], [103.99532870269499, 15.08546886584818], [104.00818426020713, 15.078262911237982], [104.01891286603224, 15.079828037532753], [104.0191358025068, 15.067998104531158], [104.01322753093271, 15.06622783643008], [104.00968252905285, 15.056003099604132], [104.02114685267723, 15.049492850916128], [104.0113145507433, 15.01856892267375], [104.00182558759413, 15.01607183175112], [104.00361816923416, 14.992634831858451], [103.97843762463025, 14.97135150053005], [103.96999206157857, 14.969175518485649], [103.96873460817973, 14.945368350927046], [103.92114264677814, 14.881010158980272], [103.91469027221643, 14.859383498670773], [103.9084341431568, 14.834813885663229], [103.95471967405665, 14.815216080799575], [103.99327746760503, 14.805383799069704], [104.00129492906356, 14.80043420818871], [104.0065477584964, 14.748570356712476], [104.00738611116971, 14.718413453782595], [104.0275590239025, 14.68995994562775], [104.04971185815259, 14.67008569949774], [104.05597694409887, 14.584239112035778], [104.0414580935249, 14.543661286600985], [104.03345399630867, 14.528812518931149], [104.04155172954488, 14.489501046178859], [104.05157575323784, 14.489349478163609], [104.05854978859276, 14.447219855395385], [104.05259687954737, 14.353230908690769], [104.06448487623771, 14.34125379540591], [104.09291162407266, 14.347558930922174], [104.11233995350672, 14.370171035138696], [104.14613105158166, 14.365649540241531], [104.14845864229224, 14.353271060134059], [104.17512852619123, 14.35161231349299], [104.17528015302139, 14.370937992161151], [104.20568228602932, 14.400608879802085], [104.21785119613217, 14.39182892253791], [104.21518915305947, 14.381211801913777], [104.23801081724982, 14.367887965912288], [104.2647297130738, 14.394620335857889], [104.30973097243275, 14.382660998962722], [104.33619130951644, 14.364891469299108], [104.3990289474686, 14.37157121752415], [104.46444841637388, 14.349998045386817], [104.47671536419467, 14.344620427948044], [104.49761962735789, 14.367031823234484], [104.51744036005924, 14.36915883717393], [104.5486406473558, 14.348678220003057], [104.58430011553429, 14.35976798700797], [104.59879220688327, 14.384810295216218], [104.65293010405088, 14.422587812190404], [104.67257245396767, 14.394125390705929], [104.6903197161097, 14.398267844295688], [104.72123913595719, 14.42813045229367], [104.73560189227709, 14.397741661237356], [104.74160825637483, 14.405638733832062], [104.76127741076755, 14.40764983088077], [104.79803818015793, 14.433771199654425], [104.82147968899591, 14.426948776106197], [104.85296097235037, 14.402758148928468], [104.88156166331991, 14.415328404314929], [104.9123606083016, 14.395851015815786], [104.90728168618, 14.409830348720966], [104.88330961059788, 14.427113765964481], [104.8398957761913, 14.42653856764132], [104.83373332791876, 14.44212309417854], [104.86391248757853, 14.47796533966695], [104.8543075904559, 14.5077298643303], [104.82167142582443, 14.547710126935735], [104.82966660608596, 14.587895621038847], [104.8328325517964, 14.609727305721877], [104.84109532233555, 14.627987352497657], [104.85769654417369, 14.657247996016546], [104.88363069332814, 14.655147781296197], [104.90274234591693, 14.644017866411728], [104.90896727617479, 14.651602764146913], [104.87997418399895, 14.69161874335106], [104.87049863857112, 14.705535557166154], [104.84262033028246, 14.722761062154827], [104.81447001218024, 14.791123618054781], [104.80610027444416, 14.81520268752239], [104.81574087297135, 14.831879737087752], [104.82138163880867, 14.83138475953544], [104.80784827396575, 14.883025659603975], [104.75840125000222, 14.91617464943754], [104.71121060800385, 14.92873141623349], [104.68493756677118, 14.970303677211593], [104.68473247438142, 15.008121277889586], [104.67457020071836, 15.029730033868411], [104.67791893608316, 15.04017773543542], [104.68757736608, 15.038331642095903], [104.68914251053619, 15.051000011223165], [104.69053816303438, 15.083216990986548], [104.68106710586025, 15.081928302962323], [104.6924645135376, 15.09642034952479], [104.68235128727399, 15.097414787114923], [104.67589009445179, 15.091537643318164], [104.67690224311023, 15.10374669573481], [104.69564830803522, 15.126666507165071], [104.712998654429, 15.135112047706224], [104.738816929412, 15.15987783550815], [104.72424899626391, 15.168800503945103], [104.70352309914078, 15.1561322030184], [104.70101259029563, 15.171137079153539], [104.72057912653393, 15.185450778788187], [104.71305667818228, 15.192250953721032], [104.7009680080438, 15.188228820238518], [104.70200256877699, 15.19972434607], [104.68259205580286, 15.200491387228434], [104.68918708935837, 15.208535530047701], [104.68486620704526, 15.21684731628608], [104.69748547110775, 15.222554967852256], [104.68217289102824, 15.227705202846808], [104.66480476402822, 15.25612310002587], [104.6609341889907, 15.25133845713792], [104.65472272002934, 15.243557373751344], [104.65932449561014, 15.240239816681363], [104.64730722121348, 15.241332253800808], [104.64549236477744, 15.254972630846847], [104.62330833230048, 15.257648103305264], [104.61261537966598, 15.256769692340274], [104.60948961045676, 15.272456738388877], [104.58068820193618, 15.256979214421612], [104.58198585249556, 15.24649587154289], [104.56681148961182, 15.24239797753467], [104.55075873237392, 15.250852440420472], [104.51563443986602, 15.258718258421029], [104.4948728580516, 15.266276433494975], [104.45987782425041, 15.269344306835574], [104.39005277515426, 15.294047738199735], [104.38947307307775, 15.32589022382153], [104.37673343723183, 15.328819838458726], [104.37336683195038, 15.319825828904102], [104.35099106427722, 15.341697676781868], [104.29650079274099, 15.345363120733573], [104.24286677580523, 15.387546195126792], [104.15694432168019, 15.500000263908271], [104.14109665376094, 15.511036551137405], [104.13823836138816, 15.543851048293277], [104.12743396522256, 15.563752053499163], [104.11336551022474, 15.562414271472], [104.10248529304522, 15.563051920061058], [104.10714510173042, 15.546214408994299], [104.08395331691672, 15.542945820014365], [104.07816981381566, 15.534834778147237], [104.0769213073885, 15.521600116302194], [104.05985182186345, 15.509573899071865], [104.0591428607647, 15.495514389949623], [104.02788454742979, 15.470949220522405], [103.99457508303078, 15.42720097405879], [103.99214935880006, 15.401315867070066]], [[104.6672527595698, 15.231834359961255], [104.66424730693323, 15.238741494967154], [104.65932449561014, 15.240239816681363], [104.6672527595698, 15.231834359961255]]]}, "id": "00000000000000000168", "properties": {"ADM1_NAME": "Si Saket"}}, {"type": "Feature", "geometry": {"type": "Polygon", "coordinates": [[[100.35001360098872, 15.10819244271455], [100.29891222235615, 15.073946562463789], [100.29401618806271, 15.062165554006034], [100.24711533632741, 15.045368134471799], [100.24871169404645, 15.015229121597084], [100.25701899957662, 15.011519090558416], [100.25860646375264, 15.005860480805968], [100.275154191468, 15.003492692392305], [100.25981040870431, 14.987841292490032], [100.275412843576, 14.964729764976829], [100.24830594934711, 14.94442300854508], [100.20537368987675, 14.952266607789205], [100.19250476012468, 14.934523823099031], [100.18500455399547, 14.92776381684872], [100.1922059881364, 14.903096093471202], [100.22320565165863, 14.905116041847753], [100.21970971156016, 14.896576828347353], [100.21041248026175, 14.893027390060103], [100.2154066521242, 14.881246455407652], [100.2272099421774, 14.878664616359059], [100.22150222976141, 14.854469602205674], [100.21310577949002, 14.830657977659214], [100.20761218569643, 14.80635137557343], [100.2328105712655, 14.7878505566736], [100.27551092958103, 14.795881448146512], [100.29741847120175, 14.78098357157293], [100.31581668255409, 14.78972346254693], [100.3166104617953, 14.796291634441609], [100.334616321024, 14.796171249235037], [100.34371285356836, 14.76832423398541], [100.36161610554359, 14.760315605678867], [100.37721405066478, 14.755642469846885], [100.38821468517858, 14.742626386575418], [100.41631147451876, 14.752753015632432], [100.41811297985095, 14.72464286753403], [100.47691514884905, 14.723893687488484], [100.49031915934971, 14.749493418334103], [100.47441801185045, 14.766674345004564], [100.47481491061379, 14.808518486729557], [100.45541332706482, 14.852957971173478], [100.4377151377086, 14.873019429695296], [100.43131190832901, 14.890213690308604], [100.42312052108537, 14.927826256556127], [100.44851507686099, 14.95008162032093], [100.45201992189997, 14.985509141421032], [100.47871210727554, 15.022140727078565], [100.4662177682507, 15.036717472674754], [100.43531613524628, 15.05259638457372], [100.39121122627803, 15.08362276609338], [100.3612148185482, 15.093464043054572], [100.35001360098872, 15.10819244271455]]]}, "id": "00000000000000000169", "properties": {"ADM1_NAME": "Singburi"}}, {"type": "Feature", "geometry": {"type": "MultiPolygon", "coordinates": [[[[100.22901142272734, 7.889581098964606], [100.2491129912318, 7.909959189091438], [100.30401794358058, 7.912911119894705], [100.31521471656919, 7.938889896896785], [100.3357400084081, 7.9334586773387645], [100.43811204800672, 7.501099777560324], [100.50259953779116, 7.3286217381420995], [100.55403080493343, 7.251938567560117], [100.56743484822584, 7.227092489583808], [100.57682131272932, 7.226923056143634], [100.582172222737, 7.228180546572333], [100.59254850866562, 7.21462482324843], [100.61800552094601, 7.181814783292298], [100.73462889500098, 7.0192894944921935], [100.80007952342916, 6.959978922061988], [100.83022751263337, 6.9521487565962605], [100.84763141003832, 6.960977764901726], [100.91012567499084, 6.907945714319767], [100.99579392685811, 6.858770763299482], [101.06377293018939, 6.854449881159928], [101.0468194193059, 6.846356637468043], [101.02962511303117, 6.7779852081839325], [101.03362496511828, 6.75958697710124], [101.02592414174313, 6.743792844277927], [101.05442221784106, 6.698470485018703], [101.04842475104923, 6.673000096307999], [101.06542282450172, 6.650107107622733], [101.0916200542851, 6.642901235263861], [101.10332519297165, 6.629051262330142], [101.10522471876037, 6.600441649769879], [101.08251901634202, 6.581383435669114], [101.07682023919375, 6.5610900871408155], [101.05831943241589, 6.551436144590617], [101.02102798453573, 6.479091690356794], [100.98712098094184, 6.486132567148368], [100.97272702380256, 6.470119978765421], [100.94642727230219, 6.443240459440457], [100.92712381855179, 6.434630002858845], [100.91962354993572, 6.403585693534765], [100.9305171382661, 6.329453157389755], [100.91272094076805, 6.307964706143479], [100.85152419098698, 6.289664576534793], [100.84502284788752, 6.296955196460153], [100.84923668159655, 6.315420352240631], [100.82160360755981, 6.356867713475678], [100.82416313520062, 6.3804073389419935], [100.81546341729735, 6.440529382098181], [100.79934827388416, 6.4453897888855325], [100.77683424492668, 6.4632975128748225], [100.76013940085991, 6.45630567040601], [100.74764056048186, 6.467845773346256], [100.74459497798327, 6.501164252402457], [100.73640807251762, 6.510372224181055], [100.73257320122678, 6.497324970297953], [100.72336072389545, 6.494765446771876], [100.71209700510636, 6.476050548908085], [100.69777888912519, 6.470204712367523], [100.68651962965308, 6.454597812132595], [100.65377199010663, 6.442063304957435], [100.64839880575941, 6.4540894819973875], [100.61535686726164, 6.461919707154979], [100.61104487000948, 6.47148443146608], [100.56601687196083, 6.489396616888277], [100.55143558345038, 6.490163633053218], [100.52377131340589, 6.488139182367407], [100.49423426301344, 6.508200703444511], [100.49586185200444, 6.520868999931901], [100.47775340479254, 6.524191016187973], [100.46006416731818, 6.531561885921099], [100.41711856848566, 6.5198389147488065], [100.40230544538906, 6.536556127940107], [100.39556326925626, 6.534232890191999], [100.3781950848452, 6.5432803880252814], [100.3688354641741, 6.539231576332698], [100.35315724405366, 6.571774047581193], [100.34187120363485, 6.575256629087529], [100.32536810224624, 6.586065523561413], [100.30561429026707, 6.610938353676839], [100.32234925777712, 6.618376119031998], [100.31769847309552, 6.640225705894954], [100.32378955900904, 6.6437617993081295], [100.32421320156318, 6.660059814505831], [100.29771725368482, 6.677989864545554], [100.29076991987742, 6.710015173497221], [100.26451920542893, 6.699857333805958], [100.25562777744392, 6.710229129850044], [100.24313778596024, 6.692446285897648], [100.22033840608863, 6.699906385870249], [100.21689158951793, 6.7172121445941855], [100.20601579561134, 6.725028922090474], [100.21491167850758, 6.755279431511318], [100.20672033838765, 6.766320199050557], [100.19452025745733, 6.796022266176301], [100.20521761133428, 6.836229988997015], [100.22101620364667, 6.875300663429892], [100.19391825430364, 6.911570986147905], [100.13112078947148, 6.9301520350970005], [100.10391131321443, 6.962083619355393], [100.08510732434378, 6.971207001395979], [100.08011753158719, 6.984267683155061], [100.06100588763337, 7.013590731104055], [100.07531060043104, 7.033554132095013], [100.07061075824599, 7.046788719576686], [100.06070704915521, 7.090715348680066], [100.0657057265484, 7.132684415179609], [100.11391311029857, 7.162934929003721], [100.13582062248763, 7.142365114044433], [100.16241474357449, 7.150413754628022], [100.17521680607544, 7.166930278107541], [100.27221560687289, 7.198558674333279], [100.29751658132844, 7.202594166943867], [100.31181244304815, 7.213394094612544], [100.3383173480764, 7.239609194704748], [100.3416126167655, 7.26453110254019], [100.36261941651738, 7.270140621739641], [100.36041216424391, 7.292427249954], [100.3821190710305, 7.306388673790272], [100.38582016320038, 7.280895983612461], [100.40331323665684, 7.262239132865234], [100.42618388856303, 7.275023349454935], [100.43201196224862, 7.29751062056212], [100.4221350564135, 7.317973456332411], [100.39929550929855, 7.394237429771737], [100.38547678390464, 7.417736887039239], [100.3849818127004, 7.506428395678235], [100.35571229510039, 7.528081816214233], [100.30812475168104, 7.5035746114427715], [100.25696551696181, 7.500479947550001], [100.23673898096368, 7.539742394228636], [100.2161157171119, 7.7835437266490315], [100.21231651205049, 7.778634213236593], [100.13166032737517, 7.794428391289891], [100.14531855524154, 7.866331411146727], [100.22901142272734, 7.889581098964606]]], [[[100.30691638910285, 7.46169022842507], [100.29901932342146, 7.449699716669236], [100.30201580799104, 7.464972147453019], [100.30691638910285, 7.46169022842507]]]]}, "id": "0000000000000000016a", "properties": {"ADM1_NAME": "Songkhla"}}, {"type": "Feature", "geometry": {"type": "Polygon", "coordinates": [[[99.84910490007316, 16.714574684059173], [99.88079124411415, 16.764302514148426], [99.92754492050366, 16.76438725362359], [99.91488556759788, 16.80687804153495], [99.94809691001238, 16.831719735626283], [99.95573538568223, 16.858456427818535], [100.00192278731812, 16.862135220401363], [100.00960576759933, 16.849395587293447], [100.02650576078568, 16.855638337276556], [100.01220545465718, 16.872587382691375], [100.01810485191538, 16.889037011416885], [100.05021035512817, 16.89336235132394], [100.07010686186983, 16.8833962441842], [100.07861482487885, 16.893536226495108], [100.09221066353273, 16.88997786935253], [100.10370620956074, 16.905892378138006], [100.11451063829648, 16.91247404644716], [100.10360805725281, 16.967989858277083], [100.11280725849605, 16.971579410921443], [100.09291071111042, 16.98866218627852], [100.06600893685732, 17.00733688928316], [100.04466322761938, 17.01224636522935], [100.00800947107439, 17.05425560230509], [99.99106034459443, 17.075150973496456], [99.96756094271332, 17.067646303285844], [99.95418365648928, 17.078852013705227], [99.95510662329883, 17.11513128072373], [99.96480523447626, 17.132593040516127], [99.95848219191936, 17.16203208067522], [99.9726398290693, 17.16345006650835], [99.98110766072368, 17.170629169032857], [99.97867746006214, 17.197557712321174], [99.98409976121032, 17.21134082404555], [99.9640738905357, 17.22682725203747], [99.97874433679966, 17.24145754956715], [99.95939633512286, 17.2374354626986], [99.97358073425515, 17.27810689035293], [100.00490587726648, 17.293504200508526], [100.01565680529204, 17.330737738209887], [100.0076080762664, 17.352596193524043], [100.00417462210348, 17.365621225006382], [100.01180856322496, 17.378619538490817], [99.99504238588425, 17.40123610425402], [100.00450901912183, 17.417547467170387], [100.00235529958192, 17.459859863363803], [99.98788552389564, 17.470383389792627], [99.95182925306742, 17.503768669430002], [99.93020702644854, 17.497343054031994], [99.91915291013709, 17.5049191334081], [99.94453415594847, 17.53989186626819], [99.9269429614063, 17.575239124637537], [99.94086428560166, 17.58844696678821], [99.97588164910606, 17.618978439933763], [99.9695987391172, 17.631802820806566], [99.97929283035458, 17.6516948360666], [99.96012763957614, 17.71170099983201], [99.91758777283106, 17.75356750701444], [99.92415606739871, 17.778641039652097], [99.90043807892299, 17.796312434452087], [99.88525483908076, 17.8005352199767], [99.84019558473418, 17.792968136022402], [99.80935643913107, 17.797324664897232], [99.77911930968213, 17.778935306946245], [99.75656964537626, 17.738959520508253], [99.73205347745528, 17.71675316526951], [99.71226399457609, 17.74033735206098], [99.70636016885494, 17.752947703447173], [99.68881804883142, 17.766378497036587], [99.67493242998947, 17.792116376844383], [99.65155779366246, 17.793485402834378], [99.62625243269322, 17.810492356659044], [99.59359845135153, 17.814666116137623], [99.54499865526199, 17.802586395900565], [99.52014366579293, 17.785579383595987], [99.48912610729117, 17.750116107653948], [99.47343454522814, 17.73264981800796], [99.47969064697213, 17.714831270207046], [99.47579787938285, 17.666641738128412], [99.45237866573109, 17.638852704636324], [99.45617783765923, 17.607166257997832], [99.45621352857923, 17.593316357617642], [99.43965239802371, 17.605966761638005], [99.42704657283632, 17.600620364836974], [99.42265876902715, 17.564247470522368], [99.43843949834674, 17.558896493518407], [99.44006263508233, 17.52049027427471], [99.42561962320642, 17.51237916040127], [99.41964887292795, 17.476594885989734], [99.4106504336157, 17.466124912283004], [99.42680572356093, 17.43840719417405], [99.4465996654158, 17.428458936196257], [99.43148783447617, 17.401017566497696], [99.43892558841944, 17.386137537672003], [99.46846710870281, 17.364970222963084], [99.48154568231536, 17.328410047116304], [99.45910742690408, 17.296322381154514], [99.45905393104093, 17.250179616111136], [99.44731764217309, 17.247735989874553], [99.44317507868571, 17.225204127550352], [99.42401880469049, 17.21963475668527], [99.42184279232747, 17.214136644622464], [99.40282467097153, 17.213271569540936], [99.39214960491948, 17.202360214444163], [99.37329648665127, 17.209401093407898], [99.36229594978558, 17.24320552423154], [99.33984437477092, 17.262616024253763], [99.32105816971598, 17.262205736626516], [99.32140154195874, 17.204415820516214], [99.31701821672964, 17.174905453561287], [99.31783864932626, 17.141132277222113], [99.33089491483102, 17.133293174111607], [99.32602116933589, 17.10780491272471], [99.35022517041833, 17.089705439327048], [99.38321804644288, 17.08617381761482], [99.39596657984468, 17.071819975689355], [99.39314402760046, 17.04914547165416], [99.40458605063296, 17.019010825916748], [99.43926445465281, 17.002641514787307], [99.41960879143818, 16.985621067986564], [99.44934199734325, 16.974821130298636], [99.46012860260812, 16.975641643165016], [99.447050031923, 16.958371584638915], [99.4436165262912, 16.925360790250917], [99.44498546968322, 16.912197579393087], [99.46408828960473, 16.89031676764077], [99.49350939149689, 16.907091875038475], [99.52325607183924, 16.86455651684824], [99.58160342996926, 16.851335310846736], [99.58211625646484, 16.8323885975598], [99.58193787059963, 16.823349952815814], [99.6257173335737, 16.758064254753638], [99.68213830355167, 16.72581163150487], [99.69832486355888, 16.726533958411824], [99.69882871100924, 16.71746413485795], [99.70720742229918, 16.715314888214493], [99.74302737415708, 16.734172382783257], [99.73756491625045, 16.711203613258476], [99.77111080106549, 16.681175944909416], [99.79902474745376, 16.686517994912457], [99.81229498323778, 16.698285519868726], [99.81240208586966, 16.71219352070637], [99.82923070153933, 16.720451703786757], [99.84910490007316, 16.714574684059173]]]}, "id": "0000000000000000016b", "properties": {"ADM1_NAME": "Sukhothai"}}, {"type": "Feature", "geometry": {"type": "Polygon", "coordinates": [[[100.2462146222613, 14.20937589658146], [100.24921558327551, 14.28697761650644], [100.26161186381023, 14.309598637937283], [100.27051672556641, 14.344486623848033], [100.2707128869373, 14.376284472610134], [100.27801695224086, 14.404064696588732], [100.27091358477163, 14.425860779247223], [100.25301473790522, 14.441489891372445], [100.25140948976109, 14.470331426124462], [100.25460666603641, 14.480667582197997], [100.23301563237584, 14.490098614273535], [100.20810711863513, 14.521325694992044], [100.20710827547164, 14.545716985449964], [100.19720460847842, 14.563223347158942], [100.21210696563143, 14.582214688329783], [100.19101091025331, 14.618823954264773], [100.22310753764069, 14.630743124592955], [100.2287126134438, 14.650880386669401], [100.21131325959605, 14.67988683655661], [100.21891148975745, 14.71548382003881], [100.21051058026435, 14.748293886158049], [100.21611118386784, 14.776292594799305], [100.23170468663805, 14.786419214097396], [100.20761218569643, 14.80635137557343], [100.22251004528256, 14.858955421964902], [100.2242045047136, 14.882258653635036], [100.21041248026177, 14.8857367859534], [100.21521044141303, 14.894717385711175], [100.22440963153042, 14.899056087923576], [100.22320565165863, 14.905116041847753], [100.1922059881364, 14.903096093471202], [100.18750606276296, 14.932873937652868], [100.20291229908628, 14.942924737946083], [100.20537368987675, 14.952266607789205], [100.13840688088513, 14.910533825759197], [100.10200278284915, 14.950741563532688], [100.04130556740408, 14.955954236086379], [100.04700426745765, 14.922372734029343], [100.03100504131557, 14.911563886104403], [99.96498800745951, 14.902654592150155], [99.94345057300598, 14.907546213664213], [99.89189889712124, 14.916883562097368], [99.88230288444096, 14.914613957243882], [99.85511131350542, 14.937105620998015], [99.8288650508176, 14.936833622666146], [99.74595699241804, 14.955031168837156], [99.72549414617913, 14.959650804390996], [99.7153854193036, 14.976060364013975], [99.67921319131405, 14.97870009861758], [99.64027181898311, 14.987489019086464], [99.63093450453609, 14.975400395182982], [99.63602226603737, 14.936392184647758], [99.58348069594497, 14.947811907611255], [99.54481585088456, 14.9631913634209], [99.51085083705952, 14.982748970946707], [99.44471795177407, 14.98283817859181], [99.42834413714002, 15.013597054708276], [99.4248793784777, 15.045158577065969], [99.4045503821079, 15.042456362719285], [99.3562627502897, 15.061313875189647], [99.34040175391138, 15.080603986764093], [99.32288194402364, 15.07909681692558], [99.3205319843991, 15.066303653054861], [99.30368992769337, 15.049448263356334], [99.31040986365629, 15.038608168864597], [99.30626728592183, 15.029730101298988], [99.30914344949616, 15.018707199922975], [99.29247981917761, 15.004438040266411], [99.27868775718724, 15.002498358597675], [99.2740191375323, 14.995738343491876], [99.30666416133266, 14.976430478232256], [99.31738383039911, 14.937645181256892], [99.31639836990104, 14.925855298382514], [99.32282396653386, 14.911162603577685], [99.31749089119431, 14.885656503613145], [99.2817378033091, 14.855557560156784], [99.31729911282623, 14.808933233374049], [99.3432377247925, 14.790022203145707], [99.36826218482169, 14.768654128373717], [99.39391990422536, 14.761965552254601], [99.4300475020919, 14.774861199911342], [99.45407311801651, 14.761051381516392], [99.46149307246573, 14.715247520331399], [99.46299135317206, 14.69526631681562], [99.51638015551482, 14.699105584018437], [99.54519486913557, 14.733275646608485], [99.54621150543733, 14.75801470965763], [99.54960046772194, 14.774691745731982], [99.55110764167421, 14.797321694694471], [99.57442427484197, 14.782432787607704], [99.62216787543969, 14.780131912969717], [99.64683565446798, 14.799350655174683], [99.6844481352405, 14.792550486823751], [99.70350632056063, 14.759793917109606], [99.75673461848736, 14.7496316079536], [99.7731530450716, 14.741025557122873], [99.79269278371389, 14.734863071035582], [99.80651155557226, 14.6745894560129], [99.82554744232108, 14.641890870499736], [99.83488486210977, 14.61949274789907], [99.81115798385387, 14.604621655198486], [99.80307810488381, 14.588073945277937], [99.82359888314326, 14.573572957817438], [99.81847531437438, 14.527697764333547], [99.83411340402199, 14.50697625711576], [99.83189274382661, 14.494838616342278], [99.84166716286688, 14.48029745458822], [99.81813201713192, 14.436179162190443], [99.82354089707343, 14.404024557646643], [99.82009841721745, 14.367424281599554], [99.8203793960287, 14.314329699979094], [99.8237326514515, 14.289541636374166], [99.82101253833747, 14.220742159794934], [99.80810344254802, 14.220202567112501], [99.80418392447858, 14.200823333324717], [99.76133638288756, 14.1682183357115], [99.80446485090887, 14.148647412393231], [99.82349185161776, 14.124960666890399], [99.80150401798221, 14.109750664820176], [99.77468695158042, 14.110080627830808], [99.77864221778697, 14.091151751056616], [99.79421784951349, 14.091851819404079], [99.81314227259688, 14.071660982432434], [99.81298170244425, 14.061440718443478], [99.85366207665008, 14.055541319708375], [99.8929378604845, 14.08724107209645], [99.92519942646625, 14.115939886264197], [99.95788470788273, 14.131247938737944], [100.08010864986241, 14.143358887564943], [100.13730550701042, 14.14785808598556], [100.16990602567765, 14.16919493558592], [100.21851469099506, 14.183535345886135], [100.2462146222613, 14.20937589658146]]]}, "id": "0000000000000000016c", "properties": {"ADM1_NAME": "Suphanburi"}}, {"type": "Feature", "geometry": {"type": "MultiPolygon", "coordinates": [[[[99.35853693897884, 9.211963225905267], [99.35949115518179, 9.203767360603425], [99.36815963039248, 9.190532744779597], [99.4065613994516, 9.20369162644388], [99.46082863878574, 9.198189026974791], [99.49618042338749, 9.219539230690424], [99.50409979476159, 9.246704114936687], [99.53110853491862, 9.285092446102519], [99.55891995564566, 9.276865454580747], [99.61098888062243, 9.26856702759752], [99.64002210920977, 9.300231165191912], [99.65435362703668, 9.303040344786172], [99.68154079409625, 9.3124312156115], [99.68552274029501, 9.330160608188505], [99.72732682933339, 9.312529354053531], [99.73977222915865, 9.325041553930648], [99.7435356562635, 9.327948913694943], [99.75061670438429, 9.318054146386453], [99.7694296606393, 9.319445402438353], [99.75442485394801, 9.293408725965289], [99.75414834664016, 9.22141649055292], [99.74895349481116, 9.207521943139739], [99.74290249460125, 9.177168829998605], [99.730506222178, 9.154422991481816], [99.74166289634272, 9.144987498230428], [99.75185192444916, 9.109858737392333], [99.75759079919962, 9.116409171632988], [99.77336264187123, 9.120333133308435], [99.78508114142606, 9.107985911640302], [99.78678003906774, 9.070966415959688], [99.7800156301235, 9.047810334611185], [99.76153710155586, 9.05266626657531], [99.7471029891646, 9.059247962281308], [99.7464073585301, 9.027673020225238], [99.72867797802937, 8.982970560407988], [99.71452923979118, 8.970132825242516], [99.69865483823675, 8.972384682332862], [99.69432054808755, 8.962949225723026], [99.7000282303382, 8.936395231976373], [99.67451329920964, 8.924774839671706], [99.63834994800436, 8.921925419151375], [99.63850602403656, 8.91458128926765], [99.62971711012139, 8.909105580559888], [99.61638444286184, 8.925345604488676], [99.5952438190401, 8.919816326336436], [99.5798643433147, 8.900307725500975], [99.56121196257743, 8.875983323638359], [99.56076156915354, 8.85057987065007], [99.54766964786566, 8.848064930726567], [99.52600289853017, 8.841180030766214], [99.52504861752121, 8.781227405543941], [99.53260239086869, 8.758343346978426], [99.5272737629841, 8.727539840348559], [99.51213953903464, 8.713658715889633], [99.50177662149468, 8.697440957694091], [99.49675565816219, 8.672478878453338], [99.47927156315313, 8.64402539711747], [99.4659210148195, 8.645965048030158], [99.45351572855213, 8.633836286104287], [99.45800606344389, 8.60578859122648], [99.44243493029137, 8.59818579645238], [99.44102585260703, 8.571284040841858], [99.42514691664486, 8.573357521443018], [99.40869735446454, 8.553385202619248], [99.4181729040302, 8.54289291366219], [99.41391894361892, 8.534295763798259], [99.40521919071413, 8.527598195947618], [99.39785725879216, 8.517672244986617], [99.3674551332117, 8.505351757708834], [99.33805179682005, 8.514640065621267], [99.33598278335478, 8.500370941065329], [99.31220234096003, 8.48573175253049], [99.29367930224663, 8.483528898995248], [99.29772367991711, 8.474106866677927], [99.28521586719857, 8.46142515571485], [99.26883762385926, 8.451008725870897], [99.24025923683739, 8.397191842087967], [99.23905978385481, 8.375333338534523], [99.25626297547704, 8.355405621869394], [99.27427772284507, 8.34853857944784], [99.28421709187519, 8.31511763380036], [99.29950733139202, 8.31093052070543], [99.27192781578933, 8.298346945308], [99.22318092932305, 8.321837488238744], [99.12611966367535, 8.363895687850292], [99.05319999299627, 8.353403472502336], [98.99609221227094, 8.385651661448103], [98.9806994592347, 8.333020927668546], [98.93504267995407, 8.331576157594597], [98.914749319451, 8.31837271439104], [98.89669889361525, 8.334644003553178], [98.8913212474983, 8.391292426264561], [98.88189023511408, 8.423210673640563], [98.89047842198457, 8.4439142972642], [98.90186255300873, 8.475431178674393], [98.87979892990414, 8.511112972966888], [98.88102512186849, 8.521761310491698], [98.9243676343965, 8.564381370519124], [98.89998523255, 8.603652685375751], [98.86885622160348, 8.622394276725911], [98.84693973782822, 8.651931380973503], [98.81374178544537, 8.652123117964198], [98.78202862574548, 8.662374582607244], [98.75176024640314, 8.677593462442728], [98.73023169192406, 8.637113759656161], [98.71161496753614, 8.629377178887438], [98.70300887555699, 8.641033339051905], [98.67571477749777, 8.644003090449534], [98.65335678716113, 8.655449544966885], [98.62213867636514, 8.635686860196374], [98.61062083727306, 8.62662149782708], [98.589836951226, 8.628195564937384], [98.54367184614871, 8.664572888654236], [98.56671203277202, 8.673647205002217], [98.59892904559875, 8.715406616515063], [98.59955777212267, 8.798430665560671], [98.57081442701535, 8.805694557008911], [98.5422271071815, 8.846499781132326], [98.51160647452016, 8.87548392999545], [98.45545747309133, 8.893133076503588], [98.46128101206293, 8.917577810460056], [98.45454334320054, 8.938263593759523], [98.45685760918639, 8.96355559810274], [98.50062368430049, 8.983728631399378], [98.51413032731224, 8.992298967744148], [98.4927132233841, 9.01266812489962], [98.47636621852746, 9.058828759294148], [98.4919150460133, 9.071238432288492], [98.48801338596321, 9.107276945351945], [98.48543597767, 9.141594183264473], [98.50324122939027, 9.151239158779607], [98.4985367990928, 9.167929586726851], [98.50356227270902, 9.206072728632087], [98.52859562686338, 9.23599332605316], [98.53018304672932, 9.290238247967755], [98.50822647514568, 9.309679936984983], [98.54449680111405, 9.35431554975943], [98.58960056892364, 9.364625035508574], [98.59508526366507, 9.350667991724258], [98.61125846744777, 9.34147778322126], [98.63254623149459, 9.353120536294693], [98.65576030334447, 9.345798711059064], [98.66681884385129, 9.350761683758446], [98.67479614241934, 9.383121347757124], [98.65310711585265, 9.386724339875803], [98.65081068158943, 9.421233311508011], [98.66323821504422, 9.41902601443185], [98.68211354460749, 9.432068930055793], [98.67135817934542, 9.44974926480324], [98.67714610055947, 9.463206791042877], [98.71470516548447, 9.48450351317861], [98.74828220401716, 9.52964740227533], [98.76923996892187, 9.540001454754671], [98.7625424091661, 9.565391542601535], [98.74038062020139, 9.587932365938931], [98.7675187308195, 9.625727712399748], [98.7714248761511, 9.682215544360705], [98.7870406699855, 9.691156060219292], [98.79332804138718, 9.683767311220288], [98.8208941604837, 9.699900337836697], [98.85159510123263, 9.704310377226609], [98.86961431849873, 9.725531242117905], [98.88713860901088, 9.725094240935226], [98.89459422749933, 9.730017158665596], [98.95340531450972, 9.718196069890245], [98.98384308746147, 9.731519864277233], [98.99623939033366, 9.730106289408772], [98.99379134737929, 9.70393582629814], [99.00414096221888, 9.703797577064893], [99.01010275361661, 9.697033178006755], [99.02834492097398, 9.696092326656142], [99.05735138905834, 9.664017991002815], [99.0842664906316, 9.650497952658498], [99.09953892234178, 9.665440442177118], [99.07404183331724, 9.691575227804314], [99.09063855864585, 9.703387346460215], [99.10951394600181, 9.69310020345539], [99.12983849378783, 9.700163483392432], [99.15663329793546, 9.692783643653257], [99.16325948723396, 9.675201380779198], [99.20611147784851, 9.60553236693906], [99.2083409750938, 9.576624020203827], [99.24830793737297, 9.473351245741657], [99.30240127923135, 9.40880580143984], [99.30820700116666, 9.394416284479952], [99.30289620785716, 9.398589940851695], [99.28999604788909, 9.40102460988823], [99.2619795512999, 9.366047491082478], [99.22575378148885, 9.342173435185359], [99.21621135123837, 9.328805038901876], [99.22347071451742, 9.281288911503502], [99.22405037256556, 9.255907648075116], [99.25193314576784, 9.228212183466153], [99.264160014534, 9.216185956021885], [99.27914709669206, 9.222910312821979], [99.31486002932672, 9.24382353055595], [99.31448545622155, 9.237540643355079], [99.31859231375147, 9.231271092137622], [99.31163609970312, 9.230263400554252], [99.31658566064182, 9.218000838253495], [99.33158165907308, 9.223570262140953], [99.34126238052231, 9.209385863827578], [99.35853693897884, 9.211963225905267]], [[99.30880012898912, 9.233812796632032], [99.30542454560687, 9.228702715589124], [99.31163609970312, 9.230263400554252], [99.30880012898912, 9.233812796632032]]], [[[99.31364263072662, 9.35456976193379], [99.31003522642065, 9.338962870032312], [99.30140686174062, 9.330990034077013], [99.31364263072662, 9.35456976193379]]], [[[99.66228641071594, 9.383834795147752], [99.67264487339966, 9.40503340973466], [99.6768230918777, 9.394710556748766], [99.66566639513387, 9.378051332174369], [99.66228641071594, 9.383834795147752]]], [[[99.67263594871022, 9.433879333056403], [99.67537833778972, 9.429852767712646], [99.6679093111316, 9.426428116689864], [99.67263594871022, 9.433879333056403]]], [[[99.68158091694877, 9.465793132595795], [99.6706338672901, 9.464446429596986], [99.66908654723399, 9.472619973252177], [99.68158091694877, 9.465793132595795]]], [[[99.66205456762923, 9.549454760882636], [99.66489494443785, 9.544536363388703], [99.65935680414955, 9.544866326125023], [99.66205456762923, 9.549454760882636]]], [[[99.67419217385431, 9.607088624776544], [99.66172006201442, 9.637196521850578], [99.66533646459965, 9.64122750563832], [99.67581974293728, 9.632483241238704], [99.6826154470935, 9.618468233577143], [99.67419217385431, 9.607088624776544]]], [[[99.67227479707144, 9.65143439541851], [99.66167552935507, 9.650618399873899], [99.66434651078184, 9.661485204111374], [99.67227479707144, 9.65143439541851]]], [[[99.67506171410868, 9.780833011617306], [99.67906596507723, 9.784155114620612], [99.68114398691401, 9.779722747911377], [99.67637267138585, 9.774518948585373], [99.67506171410868, 9.780833011617306]]], [[[99.68264222433652, 9.334307566644675], [99.68859956477586, 9.334566227613218], [99.68552274029501, 9.330160608188505], [99.68264222433652, 9.334307566644675]]], [[[99.94859191437868, 9.380900752833439], [99.95885675152775, 9.368731872238602], [99.94407481676214, 9.354516188453513], [99.92925721486836, 9.358939618785042], [99.93843410543258, 9.367050793944532], [99.93463046752113, 9.385243931975198], [99.95152601390532, 9.39572726556483], [99.94859191437868, 9.380900752833439]]], [[[100.01800671025775, 9.574345449410615], [100.0218682838541, 9.56412071117879], [100.04842225630955, 9.558301577117184], [100.06402464040568, 9.565253341255584], [100.06980363736797, 9.590041515888673], [100.07655031048077, 9.5870405446164], [100.08166928520293, 9.579897037615716], [100.0898250260107, 9.566952256755517], [100.08111194884992, 9.556451061097636], [100.07716560327253, 9.539564475873789], [100.06512159497727, 9.530659671503184], [100.05831253598325, 9.5112313551842], [100.07516798835888, 9.471001363775345], [100.05095053373951, 9.468490883241428], [100.0287263953578, 9.449891970457301], [100.01590206768589, 9.424100468267609], [99.9838188448664, 9.421786216047591], [99.96585752770113, 9.409768907566324], [99.95844202407939, 9.419686029682323], [99.92982798720237, 9.416667142599074], [99.93191485504008, 9.428256363635311], [99.93886664215063, 9.428871770208124], [99.9226399414191, 9.491388310125442], [99.93283792521693, 9.49850061632295], [99.93249007827302, 9.54602568998594], [99.91530025653832, 9.570804905476898], [99.91772603500155, 9.577020943006792], [99.97622045810877, 9.584418552905692], [99.99392762799201, 9.573181586514073], [100.01800671025775, 9.574345449410615]]], [[[99.68979460296666, 9.553030946713756], [99.70624418660788, 9.547818289194419], [99.70298016795512, 9.5288135270356], [99.70178511308931, 9.523529561275552], [99.7004741858381, 9.513443055110544], [99.6886039854593, 9.509193559738668], [99.66339226343982, 9.51676951208514], [99.66300879979748, 9.5286798022909], [99.67087015376777, 9.53277327322187], [99.66735643826047, 9.536518932222958], [99.68979460296666, 9.553030946713756]]], [[[99.67915071363595, 9.656116403530802], [99.67947627809956, 9.660985791824947], [99.69069984057725, 9.669159330244959], [99.69226048010668, 9.663572024884756], [99.67915071363595, 9.656116403530802]]], [[[100.07675987675633, 9.666430339159563], [100.07183699506011, 9.666394640535621], [100.07245678061686, 9.670934015270575], [100.07675987675633, 9.666430339159563]]], [[[100.03773378285726, 9.791646336894958], [100.04335670146877, 9.791896050120233], [100.06023889938577, 9.784600944270402], [100.05595813046877, 9.773083165436649], [100.06720402776223, 9.77207981102849], [100.07932825721113, 9.741784677214588], [100.08080424536044, 9.737432629696478], [100.07624706367275, 9.682028271686091], [100.06833218941955, 9.6739438899756], [100.0422286059168, 9.68948389023061], [99.99223316536755, 9.705563403135127], [99.97775441280602, 9.72052366326613], [99.98009100982819, 9.733232149582905], [99.97486045333959, 9.748535813282166], [99.96459116115032, 9.750658297805026], [99.96121117548503, 9.758929966805791], [99.96608499461254, 9.780271167986172], [99.9826638813292, 9.79958798620728], [100.00602069057645, 9.78718280005403], [100.02324617856912, 9.803333677256173], [100.03773378285726, 9.791646336894958]]], [[[99.83718573735761, 10.125508179487028], [99.84535929247635, 10.115332496898933], [99.84627785698204, 10.106093255764055], [99.85443354052126, 10.088252404296544], [99.8396337532837, 10.070032531373272], [99.84204172565502, 10.065145313389923], [99.83087163588598, 10.06473950997456], [99.81522911608299, 10.069091654268268], [99.825088227533, 10.089327056234879], [99.82235921595756, 10.106458884008365], [99.8220247583813, 10.121842776343064], [99.82965877203534, 10.123608564048967], [99.83718573735761, 10.125508179487028]]]]}, "id": "0000000000000000016d", "properties": {"ADM1_NAME": "Surat Thani"}}, {"type": "Feature", "geometry": {"type": "Polygon", "coordinates": [[[103.40503735218982, 15.431486145386737], [103.3453299912569, 15.402885481487832], [103.26798238790022, 15.424338184948699], [103.25408787716268, 15.442165693898236], [103.22847026765237, 15.448849896762741], [103.19741714599381, 15.459070173911392], [103.11677425257108, 15.474436190150449], [103.11603404353961, 15.461076765608357], [103.11113795643018, 15.453607764782127], [103.11653349722668, 15.432725750057182], [103.09404179329727, 15.415723240275657], [103.1225979130601, 15.397320549254225], [103.1279354543561, 15.397891312027365], [103.1261651332466, 15.407598736215881], [103.13412465208793, 15.396495625261602], [103.14069291469772, 15.407005664980822], [103.14984294571272, 15.395438773722457], [103.14775169173429, 15.383055880875983], [103.1509309959802, 15.379497536089138], [103.15543912431592, 15.381089401804884], [103.15292419583193, 15.37040093169102], [103.16743417516557, 15.357732666803305], [103.16153923900063, 15.349759789529509], [103.19042076335828, 15.361875147806227], [103.20034227996149, 15.359440460715541], [103.194710454814, 15.349425363686244], [103.2048281703618, 15.33343050466113], [103.21653773653286, 15.334201998005868], [103.21524012113356, 15.328142072310806], [103.22470686074675, 15.328454192109085], [103.22554068868934, 15.317663106211366], [103.23114132870816, 15.315986562997784], [103.25493510988511, 15.317841488622069], [103.25281699477485, 15.307723775192771], [103.26820538189719, 15.30669820112994], [103.27923720884253, 15.311442667666988], [103.28936827131322, 15.310653454938292], [103.28433835534716, 15.301195675552796], [103.29786728049544, 15.296856958822474], [103.31608715948941, 15.314256388639668], [103.32438557826735, 15.324142224769764], [103.34610143243914, 15.338491643520602], [103.36173950369356, 15.340663218210898], [103.39054077839448, 15.32689349854104], [103.40104642962316, 15.328614659807313], [103.38954198115262, 15.316142608062965], [103.40885876373206, 15.305743952600324], [103.42843427510829, 15.308472906303951], [103.4346368491912, 15.308851954162964], [103.43953742691728, 15.330393912700167], [103.4502258669889, 15.334375879500165], [103.45093488042707, 15.341242887737327], [103.46576578877061, 15.334251008199562], [103.47653906120425, 15.328231186214877], [103.47493824307894, 15.319513651568604], [103.49173560296396, 15.308294611056567], [103.5071418109728, 15.308994667695517], [103.50332039523589, 15.295510321755025], [103.50793557840646, 15.293624143193124], [103.48143955631197, 15.286436060247778], [103.46653725048355, 15.270913950998024], [103.46044162913141, 15.252056395778377], [103.44988251855816, 15.253866812770864], [103.43835569771986, 15.227986127827213], [103.4388372951508, 15.214800644298755], [103.43403489440593, 15.207759643426767], [103.43963549329102, 15.202159091605722], [103.42537529427304, 15.199804613533296], [103.42373437377583, 15.188273395306007], [103.43254104282545, 15.175092272186067], [103.42563842195808, 15.164773980094134], [103.4317383913766, 15.153421060268473], [103.42983883820472, 15.142652320247262], [103.43388330383436, 15.114323667830979], [103.43200594130224, 15.107697490195248], [103.44572660229761, 15.101053406753616], [103.43601916886831, 15.0929244525758], [103.43638479160253, 15.079854840765039], [103.44553936785618, 15.084407530402776], [103.42901389361492, 15.063293735857776], [103.45093488042707, 15.040690546223644], [103.4376467536035, 15.024820585566866], [103.42787238362726, 15.024521883163008], [103.42030975063072, 14.994837651645993], [103.42843427510829, 14.982583960257386], [103.42493386881209, 14.978802717215235], [103.42927702875875, 14.970201037550405], [103.42296740120558, 14.966343952114428], [103.4277341156675, 14.965024098567254], [103.42000651390774, 14.954250845565806], [103.42759593603762, 14.927527462204038], [103.41214068578044, 14.91318255981596], [103.40254917143784, 14.911345428471284], [103.40513539219246, 14.892590412547266], [103.39234224753325, 14.884729033907309], [103.37632967813099, 14.856288885584638], [103.34502226208602, 14.832031343214377], [103.34293991046295, 14.824990453753944], [103.32443906080577, 14.825628074756278], [103.30993810263878, 14.805972421706462], [103.29370698169255, 14.806993503968545], [103.29243613942131, 14.781884311652055], [103.2704260079954, 14.760783820115588], [103.2747335038331, 14.72681890549996], [103.25570652725455, 14.661849759524962], [103.23413786608816, 14.6300742221359], [103.23925690394839, 14.610498781990815], [103.21657339033491, 14.583418686515833], [103.22029675971051, 14.563727303011825], [103.22614262242166, 14.541262268874105], [103.21573513252704, 14.532749860733484], [103.22303913350888, 14.509437716994904], [103.21962794656908, 14.495039261695927], [103.23833387855974, 14.474665662213686], [103.24994091359189, 14.427804935137418], [103.2354354135105, 14.405036757802206], [103.22573684287674, 14.399685844228477], [103.2374107719257, 14.384185977720666], [103.22510365685787, 14.358778076021288], [103.2320465159727, 14.324616856191719], [103.2738059899682, 14.345677184376427], [103.35650894379967, 14.351451756442103], [103.39949019135126, 14.35235693818659], [103.42373437377583, 14.37973579082348], [103.44025087913143, 14.386107903361827], [103.4524197730671, 14.366318419738986], [103.4689987081524, 14.362251699276738], [103.49687250786575, 14.384600704781183], [103.53740572976514, 14.409812487977746], [103.57691786406137, 14.420010457562404], [103.6099196599951, 14.404778145151948], [103.62892881295161, 14.396832029961493], [103.66046803001294, 14.412791162352521], [103.6570880613426, 14.429980944285605], [103.66256829706498, 14.439510079464595], [103.70615154617069, 14.429459225559528], [103.70678020466258, 14.382549499680708], [103.76652323639354, 14.370973714108663], [103.7790488816216, 14.362858160883235], [103.8043097179968, 14.361449096161852], [103.82616379899972, 14.351188648024484], [103.8456812468879, 14.368588089305305], [103.88913963325999, 14.33779798577289], [103.93094817792974, 14.327546524716777], [103.94238127962731, 14.340058765714403], [103.94366106645245, 14.348361609645279], [103.99877114061016, 14.351598938116714], [104.01147060656976, 14.345168876704285], [104.02902162700825, 14.333659957794456], [104.0603825261608, 14.340023051100577], [104.05052787950729, 14.369252526600784], [104.05844276298899, 14.465618120942462], [104.0465236532017, 14.490526692241545], [104.03653524831027, 14.495436088223004], [104.03616514723011, 14.539104084016333], [104.04704978882572, 14.55583468332997], [104.0590803993554, 14.601558287749853], [104.04494508104123, 14.68001612131638], [104.01609027492334, 14.701254857780688], [104.00301169467738, 14.737913156338776], [104.00652101206504, 14.774335060072108], [103.99832072828188, 14.806137335367746], [103.96982710981531, 14.811617627467093], [103.9280631206283, 14.824076309205328], [103.90616003030335, 14.839045577179599], [103.92169105330446, 14.87196258084868], [103.93031493656545, 14.900607855432703], [103.97162405871462, 14.949457345844126], [103.97360396131344, 14.972038230395189], [103.98502368516814, 14.971837558689266], [104.00451442445083, 14.998574362703703], [104.0065923949363, 15.019541029285806], [104.01471682003974, 15.023228680619289], [104.02114685267723, 15.049492850916128], [104.00968252905285, 15.056003099604132], [104.01489962772312, 15.07063786788164], [104.0191358025068, 15.067998104531158], [104.01891286603224, 15.079828037532753], [104.00369840686663, 15.081286238759516], [103.99532870269499, 15.08546886584818], [103.99753591973163, 15.109770974269306], [103.99752254738338, 15.116481860052644], [104.00093820581102, 15.119576537302963], [103.98995993825167, 15.126198237947673], [104.00368503392465, 15.136186662950175], [103.99649695410362, 15.148092426323272], [103.9826202653997, 15.159440863477059], [103.97127626604268, 15.16473831191033], [103.96941238494215, 15.185241213407636], [103.98196473817217, 15.191211980554742], [103.98594673979028, 15.200995220006947], [103.97535633290508, 15.221025530863576], [103.99098105546376, 15.222479186732341], [103.9891038031074, 15.245046668917677], [104.00092483313492, 15.249256089070368], [103.99646578171269, 15.256774084868391], [103.9785758456236, 15.264376914786713], [103.97858478881882, 15.280220067547779], [103.99447696222892, 15.263217545405864], [104.00179441400621, 15.272679769385203], [103.99992153185882, 15.293490387517249], [104.01902880712599, 15.287011313134162], [104.01444039473068, 15.311335708378104], [104.03173720934478, 15.314800383091374], [104.03054217652588, 15.33178955410335], [104.04210017035165, 15.330005923368512], [104.0571139866889, 15.34117154763403], [104.0828072839313, 15.347935981517987], [104.08834994170334, 15.357812927426668], [104.0884302280183, 15.363868396743632], [104.0832219920738, 15.38191433260055], [104.07730028861238, 15.380063808046142], [104.06121189962687, 15.40385313235176], [104.0545366502618, 15.396468864819795], [104.01854724035847, 15.408129414833883], [104.01771333752869, 15.403688103892744], [104.00410420098953, 15.403763955062306], [103.99902973427089, 15.390605150202475], [103.9863971119203, 15.402533190956081], [103.97468746994417, 15.410274249382363], [103.97384471076101, 15.42262590677396], [103.96378946185105, 15.416512477058449], [103.95393927378542, 15.412022195396789], [103.94412927116178, 15.42636269359925], [103.94781698109645, 15.435477068311487], [103.9120728376257, 15.435753558215616], [103.8932331031522, 15.457362309532565], [103.88652658066547, 15.455757086328529], [103.88076990043939, 15.465656239474093], [103.86329473449564, 15.447900102544505], [103.8579036139496, 15.461709983233657], [103.84124890784666, 15.457175047158742], [103.77493312821812, 15.43596308461579], [103.74544512199513, 15.443369665057793], [103.72339035773382, 15.439757792410381], [103.65734220527314, 15.44821673010168], [103.6066510991731, 15.466606007627588], [103.56633638895129, 15.454205249402449], [103.5525890069771, 15.442009607402044], [103.53098465558854, 15.425337074938742], [103.51483827739152, 15.43054524782265], [103.48864097728443, 15.441572654689034], [103.45120238209546, 15.451150797544692], [103.40503735218982, 15.431486145386737]]]}, "id": "0000000000000000016e", "properties": {"ADM1_NAME": "Surin"}}, {"type": "Feature", "geometry": {"type": "Polygon", "coordinates": [[[99.09935610272834, 15.87208099704945], [99.09120932354938, 15.908226525502652], [99.10325786477051, 15.92590679242997], [99.0811986179213, 15.956255446082938], [99.09425487875878, 15.978412731835475], [99.08666998632692, 16.02093473218165], [99.09324716401208, 16.04118354104531], [99.11313475243462, 16.05312056288271], [99.11121289855042, 16.080981004009015], [99.10385091960738, 16.098853051458754], [99.09390259913933, 16.100436000636506], [99.07391248298696, 16.126717997591207], [99.05312415771878, 16.135658468287655], [99.05635257768185, 16.159006304760528], [99.07240088008088, 16.169681399280247], [99.08434235563065, 16.2134786869117], [99.05126026916241, 16.260397385201514], [99.05092580972386, 16.297327662137935], [99.05493899424248, 16.326646234428093], [99.0446384877562, 16.34726065882704], [99.04038899288133, 16.380962579851285], [99.0206841941797, 16.384471862793358], [99.02147790777666, 16.437249785446316], [99.00605837148157, 16.44988686704293], [98.99057635170975, 16.476668226298024], [98.9916554198631, 16.495606064599983], [99.01072698212073, 16.49388483231653], [99.02900488045545, 16.47272639969307], [99.035024629306, 16.473158906818853], [99.0415483604882, 16.475401890071588], [99.07704276941642, 16.476440863852766], [99.09538304488834, 16.471905910426766], [99.1204520820486, 16.4768777781418], [99.12767585363177, 16.47649432224892], [99.14444656450647, 16.49781773906478], [99.17777835232296, 16.509264236657373], [99.17170498516155, 16.510985465078832], [99.1898268395506, 16.529397058959344], [99.1990526979153, 16.53578253661764], [99.22187885309977, 16.526935709515136], [99.24430813518016, 16.531925391026554], [99.25997294439453, 16.579731431659745], [99.24803142360119, 16.637128964665106], [99.25599091665731, 16.662786642634696], [99.27718506690715, 16.671838659431167], [99.29296140395863, 16.714556838681], [99.29825428675395, 16.72449169929231], [99.30645903827711, 16.767401631968095], [99.29727777316867, 16.784680664581025], [99.33595154665686, 16.808750885590495], [99.37384054347355, 16.79969893380314], [99.38999137902933, 16.815559929379326], [99.38115788332469, 16.84663091791178], [99.38984873041593, 16.86488645570651], [99.42011265023471, 16.870415758471584], [99.44323754914205, 16.882825474047777], [99.46337033636287, 16.87804528432499], [99.46408828960473, 16.89031676764077], [99.44167241148632, 16.91730326254637], [99.44707681833904, 16.948673001000575], [99.45207992760514, 16.969996452072362], [99.46012860260812, 16.975641643165016], [99.43102848478077, 16.9792802794439], [99.41960879143818, 16.985621067986564], [99.43820319264904, 17.007328005262593], [99.40096081833298, 17.022127729557074], [99.39100805407085, 17.06483260337238], [99.39499008216825, 17.07734485437017], [99.37132117751176, 17.090445687184193], [99.33994249150918, 17.092541475966943], [99.32454519613341, 17.116972830890756], [99.33089491483102, 17.133293174111607], [99.31783864932626, 17.141132277222113], [99.31680866667266, 17.180327772851044], [99.32274813034675, 17.2089195365373], [99.32105816971598, 17.262205736626516], [99.30639667217018, 17.27214514736997], [99.2885423869877, 17.313721736746494], [99.27485740695168, 17.36043980994219], [99.2758473542445, 17.39108719766622], [99.25673563439602, 17.40171764481102], [99.22460780177872, 17.398136999478933], [99.19843290908666, 17.354446751362428], [99.17249429077211, 17.331477868676554], [99.15181743617343, 17.34737018213558], [99.12875940392951, 17.360970435191973], [99.12007756707358, 17.365688169513753], [99.11012485903773, 17.357630490566567], [99.0887969983434, 17.372639844579304], [99.07279322750144, 17.373397900858887], [99.04524046804364, 17.392429338457337], [99.0314484481384, 17.406297136866616], [99.01595310793564, 17.414207604770827], [98.98335257206894, 17.4627226008099], [98.95104192177716, 17.466882980959635], [98.940826139671, 17.470383392635263], [98.9265971567376, 17.512419309800215], [98.92018053488442, 17.53274838944662], [98.89895515859646, 17.52800833096623], [98.87760053578064, 17.488701331342494], [98.85376667848271, 17.507808569562396], [98.81800021355465, 17.50208308718638], [98.75401213789253, 17.47272436486695], [98.70329431613132, 17.43919642243513], [98.6930695878329, 17.425716541189225], [98.68651021516307, 17.460024915912513], [98.70829738233893, 17.487113879632986], [98.7020056010834, 17.51741353744868], [98.7020546434081, 17.560666825685377], [98.68946220771406, 17.586748065724905], [98.68932392104787, 17.607844054564058], [98.68756702199049, 17.638286327088522], [98.68917228458933, 17.66488493212016], [98.73993028263182, 17.679261011248673], [98.74756428016877, 17.695563514275467], [98.70461420915338, 17.747017040264275], [98.69503158076829, 17.770859920116383], [98.68734855639964, 17.75667552461738], [98.6432703796053, 17.73467874410656], [98.62439054100193, 17.774743779676555], [98.59474194501915, 17.802978762882223], [98.58566318012201, 17.796816300787853], [98.57716415700139, 17.805908380369466], [98.55795437266363, 17.79670035051792], [98.52270513768596, 17.820824133260114], [98.51097328376352, 17.81109435622907], [98.50035164975658, 17.811437666153594], [98.50326350889814, 17.793364983803787], [98.51565528493582, 17.772367089417642], [98.51139689022082, 17.7456748593226], [98.52664252446901, 17.695055213947043], [98.54042113845213, 17.615478055010055], [98.5755231863182, 17.60459337601412], [98.58883809636097, 17.576625910928087], [98.54447895101812, 17.55378642485126], [98.52510863172152, 17.508000316138496], [98.52835038662109, 17.462013621757873], [98.53874007010154, 17.44627742818687], [98.55998321852222, 17.43156245341755], [98.5544049240826, 17.383256991531454], [98.54582115588562, 17.354589394622245], [98.56603428765882, 17.34699108039461], [98.56256057227284, 17.324312148012982], [98.56303325310088, 17.29335262926254], [98.58277816632561, 17.295501911285733], [98.57231269408585, 17.281464616465758], [98.52009655180976, 17.278173801403298], [98.50281314583867, 17.275163933542796], [98.49658372050715, 17.291644801448925], [98.49797942952539, 17.29730782866686], [98.4871616649813, 17.290891206893633], [98.4868004966581, 17.300982075385622], [98.45595685503957, 17.309971684250907], [98.42833721957416, 17.30377796826813], [98.37085043963738, 17.292121900626572], [98.36269475437514, 17.285072062316306], [98.32687926599084, 17.30790261682846], [98.32281700779706, 17.318149612899273], [98.33584650020597, 17.327308692099134], [98.33156581189499, 17.352979722662646], [98.318036853009, 17.380059814100896], [98.29788172772554, 17.402988521677514], [98.32843993882274, 17.414907655785715], [98.32810109530304, 17.453764291346072], [98.33248879982294, 17.48634251420411], [98.31817061728732, 17.511821777428093], [98.30589922973309, 17.559788328889915], [98.30275104903363, 17.570958399921256], [98.26830899387554, 17.57324588868816], [98.23161505251511, 17.542540557675306], [98.18342557445332, 17.538768092884776], [98.16059944462954, 17.53953062917758], [98.13951230326687, 17.5443286285724], [98.10996188221367, 17.594399840781968], [98.10475810305414, 17.61894721983446], [98.06713663876803, 17.649746277694003], [98.04629482569666, 17.672501022160592], [98.03617267277087, 17.703349117705162], [98.02895338170505, 17.71100087347423], [98.02503377450077, 17.72783847589903], [98.02060146261366, 17.731200600921806], [98.02519879316598, 17.736770079452373], [98.00768345495304, 17.770538837118124], [97.99577318435344, 17.78131652060645], [97.99066302807024, 17.80800424280285], [97.98322082369417, 17.827865032254525], [97.98186527572206, 17.841474249659097], [97.97571618741605, 17.85733076193708], [97.97558687425581, 17.863800940363955], [97.91823387972744, 17.851672192639107], [97.90638155377552, 17.82224659676771], [97.90743392688483, 17.80694734860108], [97.84329868162274, 17.776540813326964], [97.8138329209745, 17.77900667837526], [97.79683039612954, 17.776888593749167], [97.78264595905564, 17.77786069437513], [97.75722462520419, 17.775626637976234], [97.74860966665639, 17.781847098315495], [97.74858289162653, 17.768536740173662], [97.7545893740767, 17.76913423446838], [97.77432534966667, 17.749420541730636], [97.76292341149669, 17.74481427906967], [97.76858642262125, 17.719406349423068], [97.80182906086618, 17.675729448370152], [97.8489662115881, 17.62615310141672], [97.90661791474558, 17.58352410374846], [97.9140556672715, 17.558869726041042], [97.92341982230705, 17.53938791130285], [97.96785919272811, 17.521154710207696], [97.9742045269422, 17.50894570640774], [97.98899984127722, 17.512695786733627], [98.04846636756785, 17.44364213125279], [98.05609146184449, 17.436355961720384], [98.04672734748998, 17.43348430938566], [98.08050506741756, 17.38983412941286], [98.08891487049821, 17.396348920823964], [98.11090275440509, 17.383689495029437], [98.10933311343035, 17.37685368977465], [98.11991009848327, 17.372095832791835], [98.1049899499797, 17.346826125863814], [98.11635177075134, 17.319478444450095], [98.12550178605825, 17.320771623570238], [98.1368190494753, 17.291346015191497], [98.14772153112305, 17.288991603311203], [98.16707397963373, 17.268756216922302], [98.17478822453934, 17.258361998091893], [98.20509231015009, 17.249907596209585], [98.21368942783673, 17.228499402355563], [98.22805220928907, 17.22085203623598], [98.243850818994, 17.22801339735131], [98.22777574440799, 17.204776988911895], [98.24565229993814, 17.211345308522382], [98.24406933479095, 17.19881961264846], [98.24998211077364, 17.197437312464757], [98.24943811590244, 17.183061188921364], [98.26533473805972, 17.184644171266346], [98.25962267955116, 17.175560978807], [98.28067853406544, 17.16819451897611], [98.26718976191484, 17.159936326970193], [98.27228200773591, 17.151196454964115], [98.28763025324157, 17.156426932977656], [98.29691857658652, 17.141216965421695], [98.28480763046387, 17.143419817750196], [98.27999184905333, 17.115826847933267], [98.28556568091986, 17.11169776254918], [98.29581720343447, 17.117200226335118], [98.30194395614303, 17.1072921235406], [98.32334767234967, 17.110801413313858], [98.31742601869942, 17.09600615804119], [98.31230251088631, 17.09905172792998], [98.30214911160606, 17.089589467361183], [98.31350196062294, 17.088804726062683], [98.32294192376887, 17.064168204056568], [98.34546039573107, 17.04785673769272], [98.39061765334525, 17.06071685600977], [98.3907960404377, 17.05242287906915], [98.40061049611215, 17.04800837082668], [98.4014711050006, 17.0536357822448], [98.41284179193856, 17.048998355346292], [98.43774144101846, 17.03636119157227], [98.43026350605732, 17.021998449105997], [98.45560906186338, 17.021730926644167], [98.44800187628911, 16.99691159358836], [98.4646120248217, 16.992876081311124], [98.46924501579323, 16.99717912379629], [98.47798042139436, 16.976065230855617], [98.46904877699568, 16.975204612946015], [98.47434179468048, 16.968520460681844], [98.48850385634375, 16.971298499548393], [98.48877140982698, 16.957533214966208], [98.49933504659212, 16.958045984207157], [98.5086188223907, 16.94846786749484], [98.50475281678897, 16.94441905322629], [98.49683790261317, 16.950670635040975], [98.48332682078062, 16.941030074085074], [98.49332415176154, 16.922939499891758], [98.49969175230397, 16.928772055824812], [98.50605930433086, 16.92502193850398], [98.50130151355859, 16.918832651458693], [98.50665685528257, 16.91150196453596], [98.52242422677017, 16.9170490296245], [98.51437108159358, 16.90540188480039], [98.53652836696061, 16.894552859866742], [98.52617434372266, 16.884912283857066], [98.53752276227897, 16.867392493926257], [98.50879723887074, 16.879855677818824], [98.5162973947976, 16.85813541211792], [98.51140132985022, 16.857069704111442], [98.50641604184722, 16.867419222864967], [98.49255268278038, 16.841592181998976], [98.50362023319292, 16.832428709365633], [98.50784744820092, 16.837191046032448], [98.52367279288562, 16.83451109690699], [98.53081623094215, 16.829454485114653], [98.54711871583984, 16.817553158964337], [98.54122829245985, 16.81255449922858], [98.51569993506006, 16.8053530418563], [98.51706885534085, 16.797977657213995], [98.51028657223627, 16.79809360447846], [98.4996337948394, 16.785835550500455], [98.48969441383244, 16.79178841898926], [98.4835096991243, 16.782147874129247], [98.49017158001843, 16.772565245325605], [98.47720006691121, 16.763820964513005], [98.48029465541104, 16.748526241580272], [98.4644068406828, 16.75197761482821], [98.46952145885906, 16.737516705860138], [98.46345267063933, 16.729601806774482], [98.47874738711941, 16.71835593619779], [98.49052832610535, 16.709669645903755], [98.50213086390923, 16.715203414847494], [98.49689585792834, 16.702766916138724], [98.50159574678874, 16.696399319011075], [98.51278365885847, 16.70074253649677], [98.51569993506006, 16.657779043406105], [98.511535105221, 16.649030345924515], [98.52409194642587, 16.64962788327875], [98.53521741408998, 16.635702114590128], [98.55384303549697, 16.633735645155475], [98.56848232989373, 16.632665419916915], [98.57419437230678, 16.621361606718498], [98.56854025630957, 16.61618455194509], [98.57877833396729, 16.59892785635529], [98.58698758302467, 16.58910893169], [98.58294317462381, 16.576074930264312], [98.58706782774075, 16.56766957204335], [98.57693225759782, 16.558162736850498], [98.58794180467517, 16.555010137925095], [98.58931966150304, 16.54592252575424], [98.59853220501448, 16.545070833200768], [98.59830921371793, 16.53319175726522], [98.63412030326484, 16.47806838418849], [98.65176494722337, 16.47232953908336], [98.65649155323787, 16.451050661978066], [98.63727282336919, 16.42504969366741], [98.64387681541999, 16.403628140095037], [98.65149295806498, 16.400413156109867], [98.65833762733844, 16.377917025212138], [98.65328100448954, 16.3710766986033], [98.66313119913292, 16.366889654880517], [98.65577809563808, 16.350190306582896], [98.667367296923, 16.343323307165278], [98.66509762989662, 16.321727836123344], [98.67077410611732, 16.310134211809597], [98.66894141431129, 16.283638219625583], [98.6761829557118, 16.279955027726057], [98.67348968988121, 16.273386751197776], [98.68418708807994, 16.27829177080168], [98.70381598902416, 16.27118397335554], [98.7069597058482, 16.294518380968263], [98.71634610410388, 16.296895122733343], [98.72182628812163, 16.31509270907097], [98.72887616073848, 16.31988178545362], [98.72626756961616, 16.329232490935198], [98.76041985883994, 16.34506235550613], [98.77583051604363, 16.348522591294515], [98.78378103893012, 16.35558578358463], [98.78486910858845, 16.36812922626062], [98.8222764537023, 16.38636255448107], [98.81984629180398, 16.397893712554833], [98.83927011409472, 16.42217358902601], [98.89359537278303, 16.411552018807523], [98.91362120379338, 16.39486156678891], [98.92333311309487, 16.395467984691514], [98.92879549598908, 16.39030880485322], [98.91939129433173, 16.374831320059425], [98.92546011179351, 16.361173067963612], [98.9114986523772, 16.32961151041902], [98.9114986523772, 16.309884517120977], [98.92137106354494, 16.30501963907064], [98.91301475466216, 16.251010944122953], [98.88084676394668, 16.240086197540077], [98.85717338917136, 16.219141769794188], [98.85737853534607, 16.19607485043259], [98.86567242974854, 16.172709150241694], [98.8562637852807, 16.12536684885611], [98.83775401344124, 16.118691569502946], [98.81954309461898, 16.101087112738337], [98.79860315170451, 16.102607630158147], [98.77280721173126, 16.118691645059233], [98.73153381735342, 16.115351706912033], [98.71611865349134, 16.126998891549114], [98.7108970495113, 16.135685266238703], [98.66082137060302, 16.124154026192922], [98.6714429618312, 16.089859086970044], [98.65263001513223, 16.071046099465974], [98.6295764665677, 16.058734540947142], [98.63229646039116, 16.037054405378395], [98.62319098675624, 16.031591955722856], [98.60953280189733, 16.045250233085017], [98.58313040246121, 16.05465448715994], [98.57523780373276, 16.064972787436364], [98.56095084750199, 16.035070117972655], [98.59739511557258, 16.008525013561698], [98.60892630357192, 15.97605392008247], [98.5928423995149, 15.954810706227567], [98.58796410912066, 15.908779461798261], [98.59253917432224, 15.886220855469674], [98.59800152202419, 15.885007984835969], [98.59526807686409, 15.87711976019514], [98.61135207422109, 15.876816553193152], [98.56223952987222, 15.74330661097233], [98.54971390244901, 15.679786736433863], [98.56168219343398, 15.64738244050041], [98.58837883883685, 15.65373222754292], [98.60408824539796, 15.639694983308761], [98.62595563573865, 15.63553459326701], [98.6284036774326, 15.62482390335903], [98.65042271823539, 15.631102249770322], [98.68063318406577, 15.575479435581867], [98.72466228793519, 15.509520432531783], [98.72364117484283, 15.503192928149373], [98.70997404589836, 15.506011073549391], [98.70944788000887, 15.496950256461085], [98.76284109708584, 15.46543332499563], [98.7645802165711, 15.435686633855521], [98.79393894030052, 15.411745715381707], [98.83690680349109, 15.347628323611184], [98.88603269307649, 15.308183100485293], [98.89196776783497, 15.280835394611152], [98.89264552555882, 15.27160511154923], [98.92101433253914, 15.259792906611702], [98.93067721282796, 15.247686451380112], [98.95658905238328, 15.247026521432486], [98.98322328553034, 15.183988191816203], [98.99285942177659, 15.178137854907183], [99.00756997428321, 15.197120273023195], [99.01283172406667, 15.241965403851465], [99.03262117826097, 15.279421869456637], [99.04057176125961, 15.288233078470999], [99.03594322075368, 15.325600332119814], [99.05798459473831, 15.380219854003023], [99.06684924508548, 15.390386607522743], [99.07161602229894, 15.411745687826896], [99.0657255331569, 15.42967575479018], [99.06817807878183, 15.470882355115533], [99.0823000174506, 15.493329449613631], [99.06894054405939, 15.513952771372287], [99.05808270579578, 15.529109216741448], [99.05300825388629, 15.553839425813909], [99.09031752100918, 15.577856148242658], [99.09826805616885, 15.582306323525806], [99.10745830062066, 15.612556913082484], [99.12106299437461, 15.638673858759129], [99.12107641828831, 15.672701220625047], [99.14160160223643, 15.732506667808934], [99.13475689627721, 15.77591608463139], [99.13675903144748, 15.801564806788548], [99.10859087431118, 15.819664253979107], [99.10221888992305, 15.840470464847169], [99.09935610272834, 15.87208099704945]], [[98.51522277487375, 16.79148971244701], [98.52605394767524, 16.79934216796759], [98.51706885534085, 16.797977657213995], [98.51522277487375, 16.79148971244701]]]}, "id": "0000000000000000016f", "properties": {"ADM1_NAME": "Tak"}}, {"type": "Feature", "geometry": {"type": "MultiPolygon", "coordinates": [[[[102.38472366380121, 11.781591571709408], [102.38157552141544, 11.800310840746375], [102.38181189347402, 11.809826606479566], [102.38979367537189, 11.803775540586313], [102.38847824438909, 11.77862627027322], [102.38472366380121, 11.781591571709408]]], [[[102.40320220812687, 11.90354352259968], [102.41662851080022, 11.900609421356785], [102.40378188631048, 11.897140211654307], [102.39805194630247, 11.898478003082595], [102.40320220812687, 11.90354352259968]]], [[[102.36349391913433, 11.922392107062187], [102.34703531481554, 11.900890325296], [102.34651806205368, 11.914151748448402], [102.36349391913433, 11.922392107062187]]], [[[102.43792519140422, 11.950439909714365], [102.44404312940347, 11.952611422827246], [102.44488584765507, 11.948036402350006], [102.43792519140422, 11.950439909714365]]], [[[102.31638345254437, 11.963335594490141], [102.31825185199091, 11.956357092657147], [102.31132689181312, 11.966385589085895], [102.31638345254437, 11.963335594490141]]], [[[102.29447590614265, 12.04222156673248], [102.27975644043785, 12.06680906383078], [102.27585468089231, 12.089724372448119], [102.2523017094425, 12.13283044601857], [102.26774357103425, 12.133098063939343], [102.27098535898719, 12.144410731887275], [102.27676434560422, 12.147278008108795], [102.27564962309312, 12.142680671587918], [102.31108158280365, 12.139273901547316], [102.35326918909497, 12.112140274198616], [102.37588569573353, 12.073074076171046], [102.38662327414032, 12.046796577985315], [102.39288828140333, 12.051621308993465], [102.39930488954421, 12.041552719978677], [102.42605059989756, 11.999271519795656], [102.44578210091008, 11.978055060431075], [102.43408588383174, 11.960972274941081], [102.42721001870856, 11.959884217017828], [102.38413062128205, 11.997701911928266], [102.36991497056302, 11.99398749627237], [102.37758017443282, 11.978750677064289], [102.3742402795048, 11.963192907086063], [102.34429745900691, 11.970198135502919], [102.3223051962663, 11.974389733756077], [102.31132689181312, 11.966385589085895], [102.29306682265413, 11.983053726811507], [102.29772214173934, 11.988244173313095], [102.28833125530898, 12.01267998445714], [102.29447590614265, 12.04222156673248]]], [[[102.26550514905364, 12.145561175256779], [102.25951211490839, 12.147755116596882], [102.25343881226071, 12.156597528158679], [102.26550514905364, 12.145561175256779]]], [[[102.53612794242167, 11.718156402835158], [102.54110430421908, 11.729932878535655], [102.5460182891704, 11.751613008279568], [102.55415167901579, 11.762020535838925], [102.57084205317317, 11.731823495589756], [102.56609310342297, 11.728274106517595], [102.56500065467294, 11.700716802028428], [102.57938123385068, 11.711935967650335], [102.59261589722033, 11.694603431113164], [102.60152515609099, 11.699628813363686], [102.60642569009367, 11.687932554200561], [102.60210934496592, 11.685979536944195], [102.60840107978447, 11.653338860432632], [102.59992876775543, 11.63059300786624], [102.60328202326788, 11.627105984889766], [102.5922413285841, 11.613679640289353], [102.58957927267595, 11.605073558841337], [102.59962555543277, 11.609229500362733], [102.59183549617936, 11.56182033064912], [102.57276394629076, 11.573677052448895], [102.5707796221745, 11.590264915483598], [102.5570724159948, 11.594822082296675], [102.54696803770322, 11.592900214518272], [102.54356127040114, 11.598059442489616], [102.52675494668695, 11.607856079833255], [102.5351692676074, 11.615753111046327], [102.54559020893598, 11.622910000344667], [102.54439071736124, 11.635234927412396], [102.52707153384559, 11.656602958037203], [102.53293078611846, 11.665115405336707], [102.5278920211975, 11.692017154574433], [102.53720707391395, 11.698803875816306], [102.53612794242167, 11.718156402835158]]], [[[102.52411514975756, 11.720247725629326], [102.52130150481518, 11.708926083051173], [102.51670417511882, 11.724974324878234], [102.52411514975756, 11.720247725629326]]], [[[102.50981482796381, 11.826873724170728], [102.50746491337485, 11.814923366143839], [102.49350346883752, 11.815529731603345], [102.48540124824505, 11.794607669823767], [102.47299161241222, 11.808948139415111], [102.44458260830625, 11.810709448147144], [102.44943855867852, 11.820104794789529], [102.45598459798931, 11.818058054861172], [102.47031613990264, 11.82967407040743], [102.50981482796381, 11.826873724170728]]], [[[102.51978088572295, 11.83279091469274], [102.52749070464212, 11.853124473431384], [102.53196320983004, 11.844125987791148], [102.52541280890829, 11.832973810236954], [102.51978088572295, 11.83279091469274]]], [[[102.4694777821362, 11.954203318543867], [102.47789654620316, 11.960405938099916], [102.48007708037838, 11.942110251592313], [102.46946885881638, 11.930641499250282], [102.4694777821362, 11.954203318543867]]], [[[102.35162821151353, 12.365158558386128], [102.37053031436395, 12.38625900796245], [102.37342876880342, 12.396421362785954], [102.33532574795689, 12.421967520578018], [102.33383191614331, 12.44095881893728], [102.3253329378141, 12.452628288608805], [102.34663402643729, 12.47629715979854], [102.34013269074158, 12.492555097696041], [102.3236295500724, 12.50947293979317], [102.31963416967827, 12.533850817191997], [102.31243271098336, 12.552173295324149], [102.34362860391826, 12.577019371003162], [102.36962958853715, 12.593901510547509], [102.40242633583232, 12.568890422461278], [102.42922997886609, 12.57182900191475], [102.40412969464954, 12.59692928596574], [102.40103058350553, 12.609147226171382], [102.4031308633254, 12.623929094108588], [102.38863429092494, 12.671316010808164], [102.39803411091194, 12.684885062091277], [102.44583116894667, 12.73525946859445], [102.4668290741022, 12.734492552168117], [102.50093227868793, 12.753211824739578], [102.52591661201157, 12.748436151706578], [102.51302980499473, 12.736258320522671], [102.5180285316196, 12.716129930205629], [102.50738903990805, 12.699069431740755], [102.51728828341237, 12.666188026347283], [102.53017066810241, 12.654201926711822], [102.57481065017203, 12.648271356674718], [102.61264171674014, 12.617829048254448], [102.64328018593923, 12.603408357899916], [102.64727107003834, 12.592051008365283], [102.67045838862497, 12.556601195667314], [102.72633982671655, 12.51704004594126], [102.73211883981506, 12.4899821500241], [102.75213127369979, 12.461488524567931], [102.7743019577161, 12.460324693754123], [102.79134907508745, 12.440289931642281], [102.78758119046478, 12.39677363001851], [102.76561114228515, 12.387088442826162], [102.74464004537862, 12.368859640015897], [102.72699978246534, 12.23776204916087], [102.71561122222612, 12.172601211846448], [102.72901974182108, 12.129740341400494], [102.77711120536362, 12.05693214599509], [102.78272069045228, 11.988208462862945], [102.81665001900775, 11.93293790749988], [102.8286806866573, 11.89333217928802], [102.85049908372066, 11.835140869016156], [102.88681394556184, 11.799432420876412], [102.91237805653707, 11.76104848797515], [102.91809016352092, 11.68179683034791], [102.91484385845371, 11.649026922038884], [102.9089979905723, 11.650199672026963], [102.90472173885777, 11.666595789371351], [102.90596583859784, 11.70917576262453], [102.89841652571621, 11.736300493957621], [102.89232543933723, 11.751283082967529], [102.78899021841433, 11.892074717443926], [102.77336552744627, 11.922739966420878], [102.78370175709152, 11.93671923682574], [102.76792541448272, 11.97837170317716], [102.77108246158251, 11.9861082564208], [102.76038959321792, 12.031992405634748], [102.6244226627363, 12.150180860208502], [102.64385538559456, 12.157542843010887], [102.64148766654154, 12.179098081525535], [102.5889905932705, 12.208791275179584], [102.5587980503896, 12.182420107862589], [102.57338826855464, 12.166661684070986], [102.55820944067929, 12.164851267375402], [102.55919938885826, 12.135519293554177], [102.565602607799, 12.11611776479464], [102.55938666311245, 12.10111291209556], [102.57074845046834, 12.08812795334773], [102.58389385160119, 12.06648794076142], [102.58638203174327, 12.045993953936781], [102.54755221267652, 12.058648853796686], [102.55068245365925, 12.071883516773703], [102.53911562439467, 12.104167373671606], [102.50216299325376, 12.129388063929287], [102.4682069159792, 12.150131831811699], [102.47238515946528, 12.16035206360828], [102.46949116711723, 12.164815592843233], [102.39847553765635, 12.16776755095696], [102.36569226460058, 12.193429640234164], [102.35100842689684, 12.196252301835019], [102.33354653851497, 12.196176469989194], [102.32572086930226, 12.184342037568085], [102.30065181862842, 12.185987453191402], [102.28229812490785, 12.19717972912398], [102.27742878282733, 12.222783933948987], [102.28381869168875, 12.221267836569563], [102.28851860585465, 12.233240521848368], [102.26183974645458, 12.271664558828206], [102.26206267981365, 12.28637068792854], [102.26352533634147, 12.291770718322397], [102.28253891632123, 12.296648908605578], [102.33980264428276, 12.325967563512378], [102.35162821151353, 12.365158558386128]]]]}, "id": "00000000000000000170", "properties": {"ADM1_NAME": "Trad"}}, {"type": "Feature", "geometry": {"type": "MultiPolygon", "coordinates": [[[[99.47268733312278, 7.035373852334514], [99.47458945089141, 7.046815459206047], [99.47792045207032, 7.024314893519682], [99.47268733312278, 7.035373852334514]]], [[[99.61454729319038, 7.084945288258512], [99.61411028700886, 7.076856491138233], [99.59900732878546, 7.085756854869672], [99.56567995309341, 7.093622678032177], [99.55517879432166, 7.126664646537763], [99.57700613214168, 7.11170882340855], [99.58247744443413, 7.112747796246693], [99.61454729319038, 7.084945288258512]]], [[[99.38372634035332, 7.280971820189717], [99.39864648062738, 7.2626984472152], [99.41811943476243, 7.26412086845483], [99.44961851586268, 7.25487272147058], [99.42415261463667, 7.247078220035672], [99.3935854606001, 7.225500622133568], [99.39006719297184, 7.208007517631294], [99.37224420768808, 7.213193453080835], [99.36723215802768, 7.230392229549549], [99.36740601595221, 7.258921533646337], [99.38303966575852, 7.275950901818538], [99.38372634035332, 7.280971820189717]]], [[[99.53679839874913, 7.296534085093188], [99.5492348391424, 7.305492395792389], [99.54512799342076, 7.295245371515565], [99.53679839874913, 7.296534085093188]]], [[[99.25242370721277, 7.322704496271463], [99.25930405829136, 7.310214616364124], [99.25576799317123, 7.300685465622952], [99.25242370721277, 7.322704496271463]]], [[[99.31202851606874, 7.374389972460588], [99.30029213352607, 7.353316256970336], [99.28349022534162, 7.3660202717929595], [99.2840698907244, 7.385546669186386], [99.29382643622118, 7.388681365561902], [99.31202851606874, 7.374389972460588]]], [[[99.43550098182779, 7.876199385318726], [99.45335525194955, 7.890027028978023], [99.47036666170669, 7.897919632033778], [99.48155908112209, 7.878749976448291], [99.49184618929421, 7.878879263037708], [99.50526361132736, 7.87256516623463], [99.53995538774151, 7.878972954327994], [99.54732634854388, 7.909473150174596], [99.56061446606193, 7.916259897841025], [99.57032187470287, 7.936383841496777], [99.59442783965429, 7.953515701667141], [99.61198330134862, 7.984395003222581], [99.66188952429633, 8.005531164986992], [99.69585455816575, 7.9925060646765544], [99.72900347829768, 7.993125950964451], [99.75434904831644, 7.975213736785556], [99.74290249460124, 7.951094452300465], [99.74446316199216, 7.931278152142408], [99.73842558196245, 7.909107545770459], [99.73884468968954, 7.861974846978373], [99.74897136031619, 7.8501269722609415], [99.76765495158931, 7.795596628096775], [99.76974629727225, 7.774255400360608], [99.78585700771283, 7.754947527396698], [99.79231826706975, 7.697090628379779], [99.81991561119618, 7.678170681671718], [99.8170261019408, 7.651955660346062], [99.79493574727815, 7.639991837499167], [99.81385121982389, 7.611828220038299], [99.79767809750798, 7.59335416737205], [99.80815247916577, 7.575183333603504], [99.83690478847014, 7.551483164398751], [99.83493834240727, 7.535354598833033], [99.82524873529545, 7.508943346670819], [99.84772705411764, 7.492203856225448], [99.85213262767954, 7.468682091206107], [99.88288263337965, 7.413487377108169], [99.88335527991842, 7.38571162234863], [99.89613953497779, 7.364392686564513], [99.9096372185312, 7.328006408525663], [99.94011515323953, 7.294594322830852], [99.94766884650474, 7.268076057171968], [99.9370963503367, 7.250181721155487], [99.94403917480365, 7.2271237208275645], [99.95774194682045, 7.197831872665788], [99.95671192505601, 7.185011971682628], [99.98424691635394, 7.135150276010985], [99.99630877024438, 7.114700886550578], [99.9918987302463, 7.116341829114346], [99.98015788765508, 7.104632181835284], [99.9518515099769, 7.098434019803387], [99.90038898947991, 7.089712053484639], [99.8620675484626, 7.068504528744157], [99.835687495885, 7.083625337664329], [99.81122481567124, 7.112752201415534], [99.73734647629436, 7.128747037498285], [99.74095829336194, 7.1359350618153785], [99.72692104666089, 7.130013397307702], [99.70896428432094, 7.131565132060673], [99.66880564433633, 7.113603930172977], [99.66894826299747, 7.12086336719702], [99.65489324267794, 7.179264210831488], [99.618899387653, 7.143546734963737], [99.60070180419969, 7.1386418021060445], [99.60255673917383, 7.143832191214973], [99.5948692436861, 7.1571291655082465], [99.58512170381987, 7.146757294566734], [99.56544362362678, 7.192623654179131], [99.5219451377035, 7.251630935016885], [99.53215198262164, 7.282064272592593], [99.55974492487691, 7.288275810650121], [99.58088997808443, 7.346716760157741], [99.59085160189389, 7.353744378742927], [99.58598225455114, 7.3725795509328655], [99.57321585283054, 7.3674070466894035], [99.56587621571735, 7.328523679460053], [99.52948988895771, 7.298478262384841], [99.50839395184263, 7.307521273373952], [99.50041208022367, 7.340701469297524], [99.48577735392466, 7.337945747010893], [99.48867576560173, 7.330284987692673], [99.48582637233201, 7.300373362594798], [99.47241345926632, 7.284463247223395], [99.42241801734826, 7.2986789369517675], [99.40740865777921, 7.31240404682024], [99.39814266886027, 7.304328592084977], [99.36037408394381, 7.353637323808047], [99.36367827144021, 7.3580518346268535], [99.33857792600271, 7.377984013337431], [99.34533799329238, 7.396413506194685], [99.34521760398054, 7.413527532578589], [99.34659100089533, 7.41977466911366], [99.33112236171594, 7.485078240094076], [99.31111437589527, 7.5092242365956725], [99.29688094360516, 7.4984332869566925], [99.28670973858786, 7.518236137196422], [99.29245748291837, 7.517304142083789], [99.29517307560107, 7.512599848417831], [99.29923089669403, 7.518271806786397], [99.30407790550888, 7.517651986473942], [99.30960270746704, 7.534895355764633], [99.30155849439048, 7.554510900897998], [99.28424382498642, 7.5896887869003935], [99.27783159928504, 7.629330163143451], [99.26137754708961, 7.616144617185674], [99.23351704758713, 7.632219638911171], [99.25421625638207, 7.631885194428144], [99.25177712400479, 7.63867642661192], [99.2676158404713, 7.661640834894394], [99.3059774580881, 7.6863620511091915], [99.31054805758784, 7.740397409748747], [99.2924485991806, 7.75990157997455], [99.29768357359323, 7.78123837515227], [99.29753194817648, 7.80339113794753], [99.2874544003488, 7.837253553769511], [99.28946092641102, 7.852450206710172], [99.32163784925855, 7.876654225511514], [99.30895169080894, 7.882749795061742], [99.3148510585092, 7.90896481422473], [99.33630378556188, 7.930796579830651], [99.35038121202571, 7.934198891277294], [99.36732581938678, 7.94621170919667], [99.38810520154888, 7.942706854312464], [99.40302978206894, 7.951098871566323], [99.42323849111644, 7.94798646026557], [99.42292629996712, 7.8905353670476535], [99.43550098182779, 7.876199385318726]]]]}, "id": "00000000000000000171", "properties": {"ADM1_NAME": "Trang"}}, {"type": "Feature", "geometry": {"type": "Polygon", "coordinates": [[[99.14028176258037, 15.795562821947193], [99.13506907744646, 15.749576094859487], [99.14272089466736, 15.727476827497142], [99.13416386518628, 15.708387457164955], [99.11708100396689, 15.666904361196416], [99.11723262766283, 15.624814908507703], [99.09805409483934, 15.594497518545348], [99.09826805616885, 15.582306323525806], [99.05741828624903, 15.562066471166837], [99.05679402714006, 15.539191255027925], [99.0645617626626, 15.516119924511058], [99.08059670260137, 15.500700323175046], [99.07105864466637, 15.474480808110906], [99.06443689921738, 15.4393831940112], [99.06487830924902, 15.421136619683784], [99.07099173598834, 15.397097617258977], [99.06684924508548, 15.390386607522743], [99.04897272972379, 15.366240595708872], [99.04083929376658, 15.34035103257571], [99.03598783495032, 15.295282954917736], [99.03869003463997, 15.282636890054098], [99.02195061509988, 15.257255661047898], [99.00981289878304, 15.224797897391397], [99.00199160378514, 15.18384104592921], [98.99268552985835, 15.176809066896991], [99.00604049882722, 15.145100384677962], [99.00460024595363, 15.098734697493306], [99.00758337903306, 15.077277447380155], [99.00634821254424, 15.068345923539676], [99.03444499110147, 15.046358080862197], [99.07364492338247, 15.039856658405403], [99.1012110744676, 15.038425283956496], [99.12084897190441, 15.039656012770573], [99.13503335852225, 15.051334441781014], [99.14903048704527, 15.045635693925975], [99.14849097976307, 15.033529238367267], [99.17864341872578, 15.016459770035723], [99.19465605264055, 15.024428188481881], [99.21626485704398, 15.009717650516865], [99.24091477509742, 15.004656590086961], [99.26222921774811, 14.985718718955457], [99.28463619362621, 14.990231321113813], [99.2740191375323, 14.995738343491876], [99.2874544003488, 15.005048937473791], [99.30609338909757, 15.014787604034344], [99.31041874935823, 15.027197275513096], [99.3059774580881, 15.03717674073812], [99.31095832485026, 15.043365988144474], [99.30499205118376, 15.054326457689708], [99.32427316224444, 15.07421402406795], [99.32750605685773, 15.079725525516544], [99.34497233882246, 15.077446951759192], [99.37166001874004, 15.050785938052806], [99.41172057564341, 15.042826434131802], [99.4248793784777, 15.045158577065969], [99.43243315370972, 14.99825776104964], [99.4499529332762, 14.982539396607633], [99.51732551355468, 14.980978722468237], [99.55690005056663, 14.960649711541125], [99.60179869237548, 14.94160487445159], [99.63602226603737, 14.936392184647758], [99.63253974212016, 14.980019992958733], [99.64027181898311, 14.987489019086464], [99.68483611700587, 14.976943249216209], [99.72494565873652, 14.97711266876338], [99.73423844635882, 14.995345956507196], [99.78228081318869, 15.022408221827112], [99.79045881631275, 15.042148631442176], [99.82341598448399, 15.061313911635743], [99.81958116318616, 15.081897125678182], [99.7539119974154, 15.160051752409146], [99.76408326626428, 15.170989944394865], [99.7274383327308, 15.227888033590244], [99.73437666744101, 15.246214940804881], [99.72490109269326, 15.26921497726756], [99.75591860454124, 15.292808115948867], [99.80018414327263, 15.314060186177327], [99.87931976137122, 15.299822244938413], [99.88954891940378, 15.283965737920788], [99.96512626016818, 15.29921142237301], [100.03120570703783, 15.290912957109386], [100.05630595966895, 15.279823258003024], [100.06140274671026, 15.27062851392419], [100.0846078710997, 15.305110747055364], [100.09020852070378, 15.322171331438458], [100.10520891885395, 15.33500015536427], [100.09310690651017, 15.355409395235371], [100.08040738375364, 15.364688851813307], [100.08421995982113, 15.37599268877316], [100.10920872298688, 15.37115010290103], [100.10170850280804, 15.385668854597931], [100.09192077235673, 15.40536476273739], [100.10680528197899, 15.415607321071734], [100.0649120565507, 15.423544523545013], [100.06031019323417, 15.422554609599535], [100.07051264296425, 15.455132735933162], [100.04000796914185, 15.472273521808605], [100.03131265497206, 15.501819544091399], [100.01530452982625, 15.495260260213227], [100.01191113529445, 15.481691195016742], [99.95945876227071, 15.499920024492031], [99.94999653133566, 15.504330044190215], [99.94667006831452, 15.628694337837903], [99.94124780704935, 15.667292338872123], [99.8917294872901, 15.657330751948063], [99.87127553321845, 15.64829209236444], [99.86630807729814, 15.615254623276249], [99.80685489121569, 15.636421955598742], [99.73404672345877, 15.683389670093693], [99.68722618866519, 15.672103721754505], [99.66205006335272, 15.659123306561066], [99.61843118496895, 15.630433439535226], [99.5828876247685, 15.606844744492864], [99.56713809695793, 15.587795501077252], [99.50834042407891, 15.56080897938033], [99.48822093146508, 15.562989548682827], [99.4723643640212, 15.566967029570565], [99.42587377402118, 15.611504505527295], [99.3823796775454, 15.626125920689647], [99.36657670088645, 15.670873016208894], [99.33470301971686, 15.688749507160283], [99.29425007187393, 15.694898621528091], [99.27728319264592, 15.714581104887435], [99.25063111321376, 15.720199543822861], [99.23825714279766, 15.744956518575693], [99.21745095378675, 15.76384530022397], [99.18260751734472, 15.779046300851814], [99.16880211719183, 15.77896609520492], [99.16207782201467, 15.790733618043793], [99.14028176258037, 15.795562821947193]]]}, "id": "00000000000000000172", "properties": {"ADM1_NAME": "Uthai Thani"}}, {"type": "Feature", "geometry": {"type": "Polygon", "coordinates": [[[100.42331675799895, 18.014433849009613], [100.40551150848385, 18.01931210460981], [100.35131111784526, 17.976326342758565], [100.35521731576371, 17.917390373494943], [100.33410792561337, 17.887331625181567], [100.31160728667079, 17.912217859231543], [100.30120871641743, 17.93388904037359], [100.28780907939527, 17.934147695212754], [100.27601034821288, 17.959016078566258], [100.23010837706342, 17.946789294739247], [100.20940471641381, 17.91434925751543], [100.1564082767367, 17.87674122481873], [100.13190557296909, 17.85399092292548], [100.06040829707985, 17.83099530802989], [100.04700426745765, 17.842531057838855], [99.99377601997561, 17.829586250574454], [99.98743516841833, 17.8009052793767], [99.9648587102462, 17.787514613555985], [99.95761709504492, 17.775310036779047], [99.92105249186704, 17.791844453591622], [99.90010808931609, 17.801467146593325], [99.9123840084595, 17.78995824864607], [99.92604220450691, 17.771617897755245], [99.91758777283106, 17.75356750701444], [99.96839031631603, 17.69899255419226], [99.97640777604083, 17.642335242978586], [99.97223851235808, 17.622715175444984], [99.97298323141081, 17.614969751236085], [99.9271258249001, 17.580103968233225], [99.93846974508033, 17.553179995420624], [99.94403022168241, 17.53464792380565], [99.91915291013709, 17.5049191334081], [99.9426880313934, 17.49739659173419], [99.95182925306742, 17.503768669430002], [99.98788552389564, 17.470383389792627], [100.0039070371529, 17.454424196633543], [100.00300633314443, 17.413235564682722], [99.99504238588425, 17.40123610425402], [100.01171051399697, 17.37359860802647], [100.00780433625157, 17.362540016133828], [100.0076080762664, 17.352596193524043], [100.01350306589077, 17.31934913973327], [99.99745922258552, 17.285312825409783], [99.97074917873347, 17.27420072133389], [99.95939633512286, 17.2374354626986], [99.97874433679966, 17.24145754956715], [99.9640738905357, 17.22682725203747], [99.98261926638303, 17.20686831542175], [99.98081779713858, 17.181487158385472], [99.98104973911178, 17.167891279118606], [99.99679475003455, 17.174258920876674], [100.0026094836656, 17.180100338026875], [100.03550873646324, 17.159410070059938], [100.0458047573496, 17.17494561156455], [100.10100394316234, 17.189861318352563], [100.1649073219378, 17.20453619523746], [100.18170924722847, 17.186146907053075], [100.26451030517178, 17.243205563984272], [100.27160469057114, 17.25343473527662], [100.281312232002, 17.25990486716057], [100.28110705986647, 17.293455150375074], [100.29351230295637, 17.313810959587773], [100.30810694249203, 17.30166432757128], [100.31921456938458, 17.304451309577072], [100.33010809481242, 17.30085281733975], [100.32020447718914, 17.347651082389078], [100.33320719235167, 17.38413542098749], [100.35370566672763, 17.38566938297089], [100.36791236434418, 17.384920197034777], [100.44791308378703, 17.419455984995977], [100.48461148879139, 17.415705900001335], [100.50671527360534, 17.427593805947787], [100.51891537931064, 17.4016775370721], [100.55751780105341, 17.41786853478429], [100.60151577094608, 17.42045923817117], [100.62241561581817, 17.467083643450824], [100.647515852512, 17.474681980488114], [100.67592031580367, 17.50204298817252], [100.72171975186892, 17.526991665107253], [100.74231634024486, 17.536052559735886], [100.77921096903103, 17.59215691338686], [100.81392061911566, 17.634861731589144], [100.85101139135158, 17.651012612552414], [100.8789120074721, 17.701400485700056], [100.90721834408888, 17.71231191214061], [100.91811198325267, 17.694573594056855], [100.97031467291869, 17.697962522705136], [100.99762665154866, 17.7355482910361], [100.9772441140489, 17.751529682402687], [100.98393273638314, 17.77018654148446], [100.99801455844924, 17.773704757368616], [101.00540777413221, 17.784968496792025], [100.99203051140395, 17.80432987449023], [101.0124442169088, 17.825452625115403], [101.04498679662122, 17.827106964815275], [101.05609879583506, 17.847632223498298], [101.08461481033332, 17.840943606842647], [101.12263304801407, 17.899027852939973], [101.11277405243342, 17.928248275860916], [101.1190702596296, 17.957736364595338], [101.11911042027317, 17.99689172147569], [101.14314939821858, 18.02271435970694], [101.16698776430653, 18.037728205630117], [101.18740597543989, 18.067300902596724], [101.16094120361093, 18.119802400525206], [101.16804455522391, 18.1577716095094], [101.1904292461646, 18.197934763427284], [101.16392883785258, 18.21646230529831], [101.1659576849487, 18.227302381660515], [101.1463109132684, 18.2632115300445], [101.17601302141074, 18.28772762859049], [101.19089302999254, 18.318968157868003], [101.18289786200603, 18.330963104334007], [101.09164233068783, 18.37820286444591], [101.07111264586723, 18.352848375340308], [101.05431519402705, 18.34458562818126], [101.00401208937723, 18.305729094873932], [101.00311131883194, 18.301269953293613], [100.9863139481698, 18.302808375640105], [100.93401307216334, 18.2467619006102], [100.91701499624749, 18.22189353250924], [100.92771236345703, 18.202723792919134], [100.90431101558408, 18.180789509426983], [100.90431101558408, 18.14817561467287], [100.88482032114256, 18.14229857513869], [100.87701246150004, 18.122147868400575], [100.87321322491555, 18.111080423038608], [100.84851874574643, 18.076183413453766], [100.82211194298993, 18.078832171255357], [100.7743148985602, 18.022745606002868], [100.70961775177958, 18.023726608577633], [100.68641706013389, 18.024154623662533], [100.6739137098031, 18.036047043778744], [100.61721624343144, 18.043181675521495], [100.58001847611297, 18.038682371957407], [100.56651179591817, 18.030620400538314], [100.55011572220128, 18.02289270940341], [100.54181735924287, 18.012284532024378], [100.47861405769564, 18.020703359008206], [100.44321321557244, 18.019856124530815], [100.42331675799895, 18.014433849009613]]]}, "id": "00000000000000000173", "properties": {"ADM1_NAME": "Uttaradit"}}, {"type": "Feature", "geometry": {"type": "Polygon", "coordinates": [[[101.38802536980113, 6.176287513183877], [101.3762221473159, 6.209864532842109], [101.39871831986657, 6.229752093882673], [101.42281977245302, 6.391711101216006], [101.43942099556108, 6.431798449236039], [101.48562616175143, 6.437251957127683], [101.52342156922931, 6.442246109302684], [101.53552799352009, 6.447338431557244], [101.54792876838604, 6.4756046537380465], [101.60162972924445, 6.528725914569388], [101.61183212033517, 6.544600355095072], [101.59352755296904, 6.558294188434653], [101.54772814238122, 6.549478571806199], [101.50492072294452, 6.602845076548004], [101.45902317424103, 6.578262045687953], [101.44332274043157, 6.576126146346134], [101.41592602584623, 6.576955584951604], [101.37712287772422, 6.56381904393085], [101.34272093276388, 6.558552842752279], [101.33082403025348, 6.54736942167371], [101.31222513382964, 6.55721068273333], [101.29582007448153, 6.61638292871654], [101.30372607752832, 6.627535170937778], [101.28912254471774, 6.676999976529364], [101.29782221391793, 6.678707784680838], [101.28222874176507, 6.679898349524671], [101.24832176606004, 6.621653564267347], [101.20702155155996, 6.600276644890573], [101.16032583674406, 6.604793738867122], [101.13232270023474, 6.611874816720333], [101.10442214149803, 6.639342857165802], [101.09872337676642, 6.639619345126828], [101.10812317095115, 6.608035525978693], [101.08802153242586, 6.5823911982659045], [101.079023047596, 6.572041646117165], [101.071023472778, 6.555065790235833], [101.05341887422372, 6.545737378911887], [101.02102798453573, 6.479091690356794], [100.98052157142473, 6.483296629133207], [100.95192083048786, 6.444011950709836], [100.93122172813794, 6.439476982985754], [100.91862471350667, 6.40836588437912], [100.92782390122723, 6.352734109266043], [100.93022285673142, 6.323897113174378], [100.89992326052116, 6.303434276347677], [100.85152419098698, 6.289664576534793], [100.84153138483786, 6.3000097011476734], [100.8346509732122, 6.295465920376575], [100.85742356703919, 6.231250355418601], [100.8694498034887, 6.2402042763963275], [100.8740516094166, 6.263998022022498], [100.90015066601732, 6.234064038122248], [100.90705788158192, 6.234831021221049], [100.91754564748658, 6.248132513151879], [100.94492010997001, 6.242759282020137], [100.94696679424493, 6.263739357534215], [100.97792636585538, 6.280880138155884], [101.02014068721965, 6.246344413291055], [101.02448829761072, 6.250437914943075], [101.03139540296053, 6.243784865755584], [101.0664483902931, 6.258878973395989], [101.1039583353361, 6.2561544539305975], [101.11173055340208, 6.250692088571013], [101.10942967878444, 6.230224777959702], [101.12247697735074, 6.211291417310396], [101.12375681597642, 6.192616699402001], [101.10814994170732, 6.17803100724087], [101.08461032083963, 6.1741961619617705], [101.07693617977684, 6.171382452681676], [101.0707960083956, 6.159610467392889], [101.0626091129621, 6.141448515410605], [101.0889623778878, 6.135562529745881], [101.11019663095836, 6.12123544396842], [101.10891688381506, 6.112794333687142], [101.12119724186883, 6.11432828681868], [101.12913002374661, 6.096161899832309], [101.11812938252763, 6.090280313361542], [101.10021722481875, 6.048574359523921], [101.11243508458685, 6.041297091440729], [101.10866273264303, 5.99203296591942], [101.12247697735074, 5.981032385418696], [101.11454430416295, 5.961077875197991], [101.09970888216132, 5.949818636695509], [101.10072997401537, 5.936004365469802], [101.08819542021988, 5.910422511062313], [101.06414306203828, 5.916816875942594], [101.05493498438278, 5.909142749785612], [101.03840068795729, 5.917597217030278], [101.02781473258729, 5.906583198147008], [101.03242104003974, 5.898909140129803], [101.01422790952046, 5.877362747625491], [101.00775768395907, 5.848717470778024], [101.01450881715107, 5.8364817243591025], [100.98764719030888, 5.801433138902106], [100.99890639658105, 5.78224122103646], [101.02192874977518, 5.763820683264939], [101.03958233669452, 5.736446214606452], [101.0638888551945, 5.7397726954518165], [101.06695673173496, 5.725704246044731], [101.08512316049831, 5.719818210782472], [101.08435614676536, 5.709071770222412], [101.10021722481875, 5.6973042478201545], [101.12375681597642, 5.664043804447983], [101.13271062764, 5.6272027026565965], [101.1362912763128, 5.615176493327169], [101.14805887856801, 5.613129784336946], [101.14761300752066, 5.620099319224982], [101.1706219457702, 5.633998366044808], [101.17467079858254, 5.645369071307539], [101.19923148597081, 5.648182788677623], [101.21862411652768, 5.666714825248335], [101.22738624897823, 5.685723975113597], [101.2519336079709, 5.696791446552313], [101.26268005763359, 5.72953911233153], [101.2527139540211, 5.762616703969663], [101.26165451375245, 5.771753402509607], [101.26454841360126, 5.79935078291896], [101.28800778995198, 5.813454932150582], [101.30438162249527, 5.810899839900081], [101.31256851031718, 5.800153395593008], [101.33303572815099, 5.809874257669144], [101.34838843995949, 5.808594485867279], [101.34822344223849, 5.824700764556475], [101.37704260657434, 5.830087317074754], [101.3946204020366, 5.872573635230655], [101.42002394440327, 5.874089726135763], [101.45533105992635, 5.865648694270182], [101.46658582510015, 5.874089750343246], [101.48833286661316, 5.86846238886446], [101.48986681940504, 5.880488598441156], [101.4969076952741, 5.886575199438084], [101.48932726761711, 5.9080368642684915], [101.49212761068372, 5.949484206268537], [101.4785228782073, 5.985995362223327], [101.48452032053918, 6.015960535488638], [101.47212405545298, 6.07841912831027], [101.45122425656349, 6.0805283100968035], [101.43942099556108, 6.103929646699121], [101.43682130228942, 6.124169523049377], [101.42032714761535, 6.1441863910055465], [101.40122435486383, 6.158290576917285], [101.38802536980113, 6.176287513183877]]]}, "id": "00000000000000000174", "properties": {"ADM1_NAME": "Yala"}}, {"type": "Feature", "geometry": {"type": "Polygon", "coordinates": [[[104.12604718677855, 15.573044755354637], [104.14315235862624, 15.520284680853528], [104.14411102993493, 15.506902918812012], [104.19547092889682, 15.45701448272614], [104.25766648953632, 15.372260384044813], [104.31015015685692, 15.341385569082963], [104.35957481430441, 15.338513901535713], [104.37336683195038, 15.319825828904102], [104.37673343723183, 15.328819838458726], [104.39032033756179, 15.321444430933795], [104.39005277515426, 15.294047738199735], [104.41510842612466, 15.289517299413955], [104.42208246845232, 15.35795109230023], [104.40893705717231, 15.386333272672296], [104.38676640618108, 15.389744553361684], [104.38492478233222, 15.398569039898414], [104.39262567475144, 15.411469228548437], [104.38293604279366, 15.460613027297523], [104.39188540536715, 15.483840425718002], [104.3917070876758, 15.531677683715692], [104.43187913925291, 15.537938284307781], [104.48918752893555, 15.540582537108115], [104.50181563749037, 15.554566273333654], [104.51201813222954, 15.564313895069258], [104.50512873458302, 15.586132264702066], [104.49324973836666, 15.586716401656938], [104.48769367533453, 15.589476540537598], [104.48268163094615, 15.583189234958859], [104.46093907682278, 15.593146447389405], [104.46853740490877, 15.599085929024675], [104.46594221419826, 15.60998395561492], [104.4646847504835, 15.625862839932735], [104.44904219941921, 15.6168554701814], [104.44175161307685, 15.618893298182323], [104.44684382791513, 15.636083090868619], [104.44206368630898, 15.643846416955405], [104.44595208691076, 15.657299486829238], [104.44287083350848, 15.666873167619848], [104.44612149774429, 15.680558181301734], [104.44072594235446, 15.689895490980078], [104.43699819641985, 15.698430204358003], [104.42545356476485, 15.695344547967746], [104.4319014350326, 15.734254640021634], [104.4246286591825, 15.74732874292277], [104.43561581676602, 15.753196885029618], [104.4294979515922, 15.771118088946949], [104.44596097053646, 15.815062463156812], [104.46347189848397, 15.842410142578014], [104.45332292550333, 15.866814789930102], [104.46095249245433, 15.89379683707128], [104.45671632276527, 15.897194702408026], [104.4722384888243, 15.902389513155184], [104.47268879143621, 15.916065566617785], [104.50696589992835, 15.952014882481864], [104.51014526604978, 15.979839668804173], [104.52741984180904, 15.990626209352211], [104.53528564712089, 15.999125266740979], [104.51935775762085, 16.019124335557706], [104.57035203186176, 16.099927706924472], [104.66787704206466, 16.11478992459425], [104.73980679441549, 16.094906762030462], [104.79026596372846, 16.096806315065617], [104.81529044688206, 16.092039543778352], [104.8262197450666, 16.154163752471415], [104.79124253367235, 16.15826164198575], [104.75945364323191, 16.19803237603329], [104.69983094252237, 16.211561283903322], [104.68474582094942, 16.224934153614893], [104.66448368771, 16.234690692215974], [104.65283207166628, 16.21157913119044], [104.63666337231953, 16.208051983685213], [104.6093736415402, 16.226998687123604], [104.60025034954126, 16.237357236386472], [104.58390771887966, 16.24236924018842], [104.54811001954984, 16.308506578396162], [104.51488529023695, 16.31464235268437], [104.50063403137872, 16.338837410780272], [104.44866321653525, 16.33750862505157], [104.42525291163126, 16.342168398046628], [104.3751236903474, 16.341686789204637], [104.34514518053439, 16.303610563304392], [104.33368083030734, 16.270613187043903], [104.30427751387757, 16.23553344793759], [104.25484392321732, 16.21349654515033], [104.24381210069484, 16.182438908397902], [104.2215477866307, 16.154056702576945], [104.20854947261311, 16.159149000580413], [104.19291146392405, 16.143921194232693], [104.17224800179565, 16.138338363132135], [104.1456315842321, 16.108016516316166], [104.11874317982567, 16.109131332030508], [104.10244966575112, 16.06693479493398], [104.11554605063901, 16.038677453277], [104.11304448561918, 16.009613096686817], [104.10827768416569, 15.993208073483807], [104.10054565700882, 15.975117429869993], [104.04059747779634, 15.981369132062195], [104.02374208477865, 15.973356100765642], [104.01714258418713, 15.950681576838766], [104.02854897209701, 15.956937734619991], [104.03684289890235, 15.935297679920478], [104.0245982562594, 15.909136173355309], [104.0190645017679, 15.90613513116162], [104.0242592769152, 15.8791798958793], [104.03414962835299, 15.871612798030856], [104.02794699488727, 15.86955273245888], [104.03604919187588, 15.864032301824281], [104.02464280991627, 15.864536240269912], [104.02790686907096, 15.847707563407967], [104.02184251185388, 15.836336821186991], [104.01434225989249, 15.838214170314135], [104.01894404345971, 15.829625902225956], [104.01324533322392, 15.823213692979047], [104.00877286706165, 15.810367081538548], [104.00349329618977, 15.80602831335076], [104.00694461591875, 15.792004525284504], [104.04798175980503, 15.798064413722486], [104.08034590997846, 15.817287552226011], [104.07004532857272, 15.828658302258168], [104.07882092008394, 15.834838590812497], [104.12894565343665, 15.798835788286972], [104.14124381177041, 15.782635901842362], [104.13053305869633, 15.76309168531999], [104.1378236686752, 15.750601691503704], [104.14245671873081, 15.74501891050927], [104.13726634414898, 15.733233515121785], [104.14325040627247, 15.72679011863855], [104.12974378595057, 15.716480647633432], [104.12784419542041, 15.702434543727424], [104.12164158524533, 15.69785505819622], [104.13144723421988, 15.693074827650046], [104.14524807535354, 15.709765286366691], [104.15051427665749, 15.71013542371098], [104.14639851645059, 15.702260611914042], [104.18165669514195, 15.662463111797937], [104.18953140167532, 15.660978250070237], [104.18444802406508, 15.651957491731084], [104.17590891840209, 15.655743291371854], [104.17584197173737, 15.631467886488071], [104.19334396514132, 15.626839352053596], [104.18544687873222, 15.616819756824194], [104.18913908375293, 15.605453533982187], [104.12604718677855, 15.573044755354637]], [[104.20294889828031, 15.603500458578127], [104.21434637081236, 15.612329477011528], [104.18913908375293, 15.605453533982187], [104.20294889828031, 15.603500458578127]]]}, "id": "00000000000000000175", "properties": {"ADM1_NAME": "Yasothon"}}]}