{"type": "FeatureCollection", "columns": {}, "version": 1701682634012831, "id": "FAO/GAUL/2015/level2", "properties": {"system:asset_size": 316969462}, "features": [{"type": "Feature", "geometry": {"type": "Polygon", "coordinates": [[[105.25471700905543, 14.767896120920117], [105.2549756932913, 14.757867619457436], [105.26091964697294, 14.745680883706997], [105.25408829283316, 14.707435188608628], [105.26141462129848, 14.688314557198906], [105.26458059832186, 14.673024274257486], [105.28632318218325, 14.650751095440919], [105.29853665777603, 14.644735785774934], [105.3011764412897, 14.635714968266123], [105.29574525765062, 14.622186041970052], [105.29801049234612, 14.614654669829106], [105.30955506775962, 14.607181203496742], [105.31399634356636, 14.58251793050366], [105.31472764983991, 14.571575310042675], [105.32084548473026, 14.539991443229516], [105.31405431557444, 14.525517257645248], [105.31652015406407, 14.51279536740796], [105.32382864336591, 14.493447364887047], [105.31738974919159, 14.480440162522978], [105.32068496110438, 14.466509977088563], [105.30970664857561, 14.433472472652658], [105.30623747372557, 14.393434211691348], [105.30899769456289, 14.377153980542134], [105.31038889790891, 14.373435109730915], [105.31936504637864, 14.387646283733028], [105.32440384203379, 14.389487924724607], [105.33811118988845, 14.383387793441086], [105.35563542752433, 14.373809652251033], [105.35929636881386, 14.37510725581046], [105.36872284460236, 14.386897153309953], [105.37837234249835, 14.391663938541885], [105.38606434319692, 14.392676134499167], [105.38968956303542, 14.395142008183866], [105.39360914376726, 14.402686787228467], [105.40608572961813, 14.406749027082027], [105.41493256468515, 14.413424379578673], [105.42711930051856, 14.41371417531631], [105.43146243938342, 14.415118841138577], [105.43553358855183, 14.420242324041856], [105.44322554609249, 14.4256110879355], [105.44652085008532, 14.437351849214993], [105.45110030284198, 14.439947080103483], [105.45914903252392, 14.454184999528643], [105.46086571156653, 14.461613808366488], [105.47047511770211, 14.467713932471204], [105.47581714428362, 14.478852742059276], [105.48277331623807, 14.486736423216705], [105.48444105047751, 14.494254465342456], [105.49071495675467, 14.498615434404499], [105.49235147059915, 14.508157901198889], [105.50160411522297, 14.51135509059608], [105.50216595679936, 14.51933687769034], [105.50816345734489, 14.521517415434737], [105.51225240588471, 14.529151372511292], [105.52343141399199, 14.535969323760392], [105.52697641392415, 14.535148915011014], [105.52876897437967, 14.537967004806122], [105.5283943265727, 14.550679900136565], [105.53460147332235, 14.55198646952335], [105.5369959546029, 14.551803597993501], [105.5392388649914, 14.554421122238695], [105.53869935465059, 14.5588712772675], [105.53215783372181, 14.570322231241056], [105.53542637256439, 14.576047755340255], [105.54372477134126, 14.581345173142383], [105.54372477134126, 14.585081868316566], [105.53651888032286, 14.59813368459109], [105.54551732325312, 14.615038169912468], [105.54442484920136, 14.6202151753965], [105.5407327233569, 14.622101345547511], [105.53325479313709, 14.622475954307701], [105.53070420532543, 14.634038398531697], [105.53242981462438, 14.636847630442059], [105.53288022522422, 14.643041267727007], [105.52428309106737, 14.65014913143134], [105.52203572066934, 14.665104941625543], [105.52577691203095, 14.66884614084293], [105.53176099815013, 14.679686157174853], [105.52727065624288, 14.686793970995161], [105.52914353354767, 14.701000683412902], [105.53138643341394, 14.705116459289734], [105.53063730633164, 14.70735933371967], [105.52540227059397, 14.711470649167996], [105.52752036014063, 14.72682331860412], [105.53188585323922, 14.729003857677085], [105.54551732325312, 14.729819880957724], [105.5490623202008, 14.732276858482217], [105.54824182950262, 14.736909805696325], [105.5389713456489, 14.74427176621228], [105.53133733222177, 14.74726834443594], [105.5207068441861, 14.75899579892223], [105.51824989348553, 14.772083177636526], [105.52779242331502, 14.779168724195625], [105.52915685956903, 14.782169734583114], [105.52097889682162, 14.792528149677214], [105.52261533539662, 14.79716565111061], [105.5299773509087, 14.802347125493869], [105.55069875121691, 14.809981076567105], [105.55778428324244, 14.808072612961181], [105.57169220783166, 14.81025310540427], [105.57387275808291, 14.812977601120405], [105.57032780085555, 14.82334061129294], [105.56378179922125, 14.833155024556875], [105.55914877250112, 14.847878984352818], [105.54688180725765, 14.859057958657877], [105.54551732325312, 14.863691002071196], [105.54715381086872, 14.868600438697246], [105.5673268044432, 14.878414923102167], [105.57605324567616, 14.876506463396733], [105.58041421176212, 14.872417416178392], [105.58341525058547, 14.873233496473102], [105.58477966869069, 14.87596241918081], [105.58150672895545, 14.896407378334018], [105.57905421080387, 14.902132888548318], [105.57169220783166, 14.909766868928724], [105.56105732186909, 14.927491774558213], [105.55478779299415, 14.934305316165737], [105.55607649494293, 14.940806636941796], [105.5365277348956, 14.955445882626455], [105.53012894635889, 14.954830586615195], [105.52312367366262, 14.946398388358938], [105.51691219204191, 14.946612429649255], [105.51206961558123, 14.947566686551035], [105.507432135462, 14.942461018403456], [105.49308720042218, 14.93881343561452], [105.48825797931534, 14.933743463863294], [105.48262167231044, 14.928753694275107], [105.47479153472723, 14.922925673967843], [105.47050632054867, 14.91841755808778], [105.45502431595752, 14.916812220774666], [105.44804583100164, 14.917985031639242], [105.44408612903355, 14.913976244715965], [105.4362113331157, 14.914310712356391], [105.43329513741685, 14.912263994696279], [105.4303342979365, 14.913396605960202], [105.42821622575302, 14.908745785571305], [105.42114407622014, 14.910145916932878], [105.42068474778056, 14.902320190657262], [105.41680986627446, 14.900046055567628], [105.41604728824815, 14.90392100761617], [105.41676973520906, 14.906377943072593], [105.4131533299224, 14.907706770152673], [105.40883692739385, 14.901388241835337], [105.40629522057253, 14.904665642120232], [105.40794514948298, 14.91216583744969], [105.40909557781303, 14.914212638755068], [105.40067229998357, 14.921329362906576], [105.3978363320635, 14.917962679477732], [105.39385436628811, 14.92051773882755], [105.3864210799523, 14.925462909372621], [105.38236324308009, 14.921226732772336], [105.37590203575876, 14.93052846165328], [105.37532684229497, 14.936588372906474], [105.3783500921541, 14.9408244942094], [105.3758217927145, 14.944142045440687], [105.37764112084811, 14.94580088729129], [105.386590512298, 14.94602380647648], [105.39203504513834, 14.9514148658237], [105.3894042217624, 14.95393868919221], [105.38251488858765, 14.955637618078818], [105.37870234493099, 14.966343950441269], [105.37279403027631, 14.966611530217426], [105.36517339149896, 14.965920333553875], [105.35897971672185, 14.968778616657309], [105.33778564333, 14.953858502931084], [105.32010530860607, 14.953207462829367], [105.30761534548319, 14.950367019790345], [105.28438792370126, 14.952632253184019], [105.28252395556835, 14.954661077363745], [105.27990652214416, 14.945185500507744], [105.28383500953765, 14.927036983114341], [105.27358798298236, 14.91526494240224], [105.26438887347466, 14.90780935649815], [105.26036225565481, 14.899386080257653], [105.26296188310413, 14.883128176715688], [105.26928047036773, 14.863093442326086], [105.2718756810686, 14.845332849500053], [105.26410793937016, 14.82717538325256], [105.27137174573048, 14.810979968906565], [105.2710417729381, 14.799502202003575], [105.26057630013192, 14.78204480699076], [105.25471700905543, 14.767896120920117]]]}, "id": "0001000000000000129d", "properties": {"ADM2_NAME": "Buntharik"}}, {"type": "Feature", "geometry": {"type": "Polygon", "coordinates": [[[105.2540571294287, 14.76153745369599], [105.25783392611083, 14.7776526186047], [105.27042201523155, 14.797905859854696], [105.27166608736464, 14.809058085920984], [105.26729620286086, 14.821182409913995], [105.2641301747606, 14.82829461451331], [105.27207187958668, 14.847424143750265], [105.26483920842904, 14.87912843791713], [105.26062085927926, 14.89270634638955], [105.26166429679496, 14.903751524953746], [105.27010981538281, 14.913213726427156], [105.28154745917944, 14.92326900852694], [105.28379928586135, 14.929208546504665], [105.27992438356948, 14.946764069143292], [105.28252395556835, 14.954661077363745], [105.27761009443748, 14.96168421472637], [105.27361468481365, 14.970843211593191], [105.25826200890192, 14.97472709072367], [105.25299132661675, 14.980715667522812], [105.24517900919832, 14.982539385490812], [105.23136027835254, 14.992295960136369], [105.22505061775871, 14.995457383937502], [105.21528076921769, 15.005343234277326], [105.20368258945221, 15.011175744843946], [105.19717232950855, 15.021235451530481], [105.19291837474921, 15.026791549205536], [105.18421862315368, 15.027955340498368], [105.16522288927027, 15.026002307724173], [105.16108041536906, 15.027059095029497], [105.15981842585956, 15.01806952013242], [105.15747742109744, 15.009450087547279], [105.159568724246, 14.99755763867817], [105.15375412093312, 14.986400998353986], [105.1438593422502, 14.979266434113644], [105.12926473010842, 14.97548512987589], [105.12026176092321, 14.97488316005835], [105.11351960460512, 14.957956407413008], [105.10557351582847, 14.958625244642073], [105.10375865409534, 14.955187275774541], [105.10601940588737, 14.945787494214137], [105.10280434981298, 14.942162281080142], [105.09499205672647, 14.943120947136032], [105.09083618501033, 14.94589451002825], [105.08463357313803, 14.944739646453042], [105.07112250150188, 14.937703111739893], [105.05130177196878, 14.937743275884364], [105.04023870408041, 14.941413162443009], [105.03074528604986, 14.939674113854537], [105.01566466704591, 14.945386144784717], [105.01315417587264, 14.952146132188949], [105.01718965165148, 14.958754569692394], [105.02488157824746, 14.977781569853502], [105.03341629591004, 14.986842477986693], [105.03552991424777, 15.003162711024267], [105.03726901957732, 15.013151126163027], [105.04483160684195, 15.02059786487687], [105.04035017643486, 15.024009091285281], [105.02003458039724, 15.022341338440892], [104.99988388791952, 15.025988888238867], [104.98306413431399, 15.024526268560564], [104.97500658105024, 15.029382230511505], [104.97229098747937, 15.032387715969017], [104.96619533184821, 15.029587360483971], [104.95539096306062, 15.027384619434002], [104.95324613098151, 15.026144917849324], [104.95067770030272, 15.023201947057892], [104.94620521589248, 15.02369693435056], [104.94554078442094, 15.017400651901808], [104.94205378996232, 15.018042749993754], [104.93930702772543, 15.011603862059317], [104.94256660732675, 15.008107933890026], [104.94329786955434, 15.00068346545294], [104.94048415482975, 14.989357341380812], [104.93345663515242, 14.984086759451179], [104.93006775483715, 14.972439566445935], [104.92532324735411, 14.9653808245036], [104.92348608081862, 14.948293521135279], [104.91694014430455, 14.941747591985536], [104.91082672980588, 14.939968372099578], [104.90417376779881, 14.93384156644143], [104.89969679711946, 14.92477178229182], [104.88910639447839, 14.911755655636552], [104.87919831250571, 14.903715914343481], [104.87148408165498, 14.899564436760857], [104.86589683796113, 14.890909357144634], [104.86074208621218, 14.884403519540305], [104.85478030798129, 14.875792982391282], [104.84956312427542, 14.870450956111121], [104.84372619741511, 14.853171965189436], [104.84246864824334, 14.844405363714534], [104.83621258189608, 14.837770236553451], [104.8252030588758, 14.832954366635045], [104.82138163880867, 14.83138475953544], [104.81245451989334, 14.831054804774746], [104.80852601861805, 14.823960360831595], [104.80589511062611, 14.808915366863156], [104.80817374419502, 14.796327312044241], [104.81788562421842, 14.787458199954697], [104.82342387390055, 14.768493636665214], [104.841773032545, 14.776680519023115], [104.84250436431806, 14.781295706775198], [104.84148320842336, 14.788332174970533], [104.8460627413837, 14.78951831269816], [104.8512798981831, 14.79092291601186], [104.85803093629178, 14.802427376214496], [104.86610190198809, 14.806592162044705], [104.87422192102818, 14.805071647207251], [104.88071442365103, 14.800273662708449], [104.88654247302442, 14.803662569663345], [104.89321768254244, 14.806948928072304], [104.90283153653301, 14.807568767967828], [104.90566303050358, 14.813298727312434], [104.9004593148678, 14.824196724630346], [104.90204673211208, 14.82778630594408], [104.92217959882451, 14.82537392288217], [104.94332015060101, 14.824776420813135], [104.95091406871437, 14.823452055373297], [104.9582135859012, 14.82439292831401], [104.96221336722337, 14.819006323655657], [104.96099160232868, 14.80677058551173], [104.96383651862037, 14.787734693450824], [104.96491114124025, 14.776560174726884], [104.9720545875339, 14.773666186824741], [104.98388018156125, 14.77629258316282], [104.98651101271408, 14.77395154751912], [104.98521346582892, 14.76472572020028], [104.98116452715382, 14.754438544260095], [104.98208762877316, 14.751268157279803], [104.9869212732747, 14.750055251282024], [105.00270203212723, 14.757270079394317], [105.00611322132433, 14.754300323645255], [105.00102989816479, 14.73809152225606], [104.99726193199515, 14.734399379549863], [104.99740012099754, 14.71693750530706], [104.9862613087868, 14.716843887134305], [104.98194936377013, 14.717080245315044], [104.97444917819045, 14.71930527701926], [104.97179599206467, 14.717057934178973], [104.9789885065546, 14.695984170070076], [104.98077219942762, 14.6873067422224], [104.98828132749988, 14.67920462857045], [104.98756341071115, 14.672226146579463], [104.98688561390588, 14.67088837163675], [105.00732614559831, 14.665439374397204], [105.01023794999305, 14.664534187419292], [105.01596782602762, 14.664217578987719], [105.01855415191223, 14.660462966873126], [105.0256262336488, 14.66403026749345], [105.02998277266744, 14.670776857963444], [105.03688993190663, 14.671031093342368], [105.04229881473614, 14.66547054737095], [105.0492773094244, 14.660191035607362], [105.05853439256995, 14.642849557178817], [105.06372931346898, 14.644334444615815], [105.07394955469336, 14.644633224777488], [105.08144525121683, 14.634774106271214], [105.08564129311543, 14.632477688785391], [105.08835691395458, 14.62398758450966], [105.10346434202985, 14.615002428781796], [105.10485115509472, 14.614552092315886], [105.10659911830469, 14.614017030920612], [105.10646975786162, 14.622614176038176], [105.10764248091839, 14.63478307512496], [105.1071163826684, 14.64724624079794], [105.11486626504772, 14.659976954806837], [105.1118385696154, 14.669813702036022], [105.11079955192582, 14.67700181929521], [105.10428037014336, 14.698824626947072], [105.10096721596675, 14.70338186739665], [105.09628967874518, 14.710204240529457], [105.09361861896862, 14.721789040276452], [105.09444360799871, 14.731768486520995], [105.09443468724736, 14.734805148934448], [105.10794126122512, 14.732223337266412], [105.1255279692171, 14.735210932647856], [105.14184381849957, 14.73237043284581], [105.15836475367118, 14.729084087796632], [105.16297997716035, 14.73011857154743], [105.17069866036364, 14.72488365731483], [105.1925749889323, 14.724205840993541], [105.2089176185145, 14.724834593003942], [105.21827723579122, 14.731946885667838], [105.2390834701639, 14.73311962515622], [105.25650959094426, 14.725646173869764], [105.26091964697294, 14.745680883706997], [105.2540571294287, 14.76153745369599]]]}, "id": "0001000000000000129e", "properties": {"ADM2_NAME": "Det Udom"}}, {"type": "Feature", "geometry": {"type": "Polygon", "coordinates": [[[104.82342387390055, 14.768493636665214], [104.84562576681309, 14.717807025415103], [104.8582449868132, 14.709125181462054], [104.87658528656013, 14.703457614853722], [104.8862972018741, 14.676056466166381], [104.89812276821495, 14.661296805891503], [104.91020245422804, 14.64988156626852], [104.91319892807269, 14.647545001547522], [104.92156864550418, 14.65145117307476], [104.92754389810396, 14.650108961979042], [104.93186917187724, 14.64742905882026], [104.94612936985315, 14.645917394767386], [104.95459725418945, 14.650479096755708], [104.95906970576274, 14.660770707027918], [104.96641389574945, 14.661684747744589], [104.97416820438147, 14.661765074697799], [104.98199393661433, 14.667860606448672], [104.98756341071115, 14.672226146579463], [104.98828132749988, 14.67920462857045], [104.97981344756178, 14.689210822284776], [104.97583150161067, 14.707051653807527], [104.97179599206467, 14.717057934178973], [104.97559518559456, 14.719349854256558], [104.98451339214847, 14.716317672798064], [104.9915765825711, 14.716901819508587], [104.99740012099754, 14.71693750530706], [104.99763646904333, 14.735558724465417], [105.00243447169687, 14.740624234523388], [105.00611322132433, 14.754300323645255], [105.00270203212723, 14.757270079394317], [104.98528478383317, 14.749948210778475], [104.98208762877316, 14.751268157279803], [104.98165063688718, 14.757064984282511], [104.98685441196466, 14.770370919316036], [104.98517771769119, 14.775833309283536], [104.97903307857774, 14.77544094474597], [104.970382504648, 14.773799925332584], [104.96491114124025, 14.776560174726884], [104.96157124201584, 14.80466139668129], [104.96186110721293, 14.81444468871471], [104.9623872691486, 14.817632950384688], [104.95987680681351, 14.823353982061258], [104.95410231341229, 14.824517777159778], [104.94744932780071, 14.823238038902387], [104.93692579599873, 14.82548095743048], [104.91138408896266, 14.826131952219155], [104.90204673211208, 14.82778630594408], [104.90055741422714, 14.823264767253198], [104.90563184441173, 14.812380131592445], [104.90203782200243, 14.807096089046572], [104.88959694585908, 14.806061595300207], [104.88215019020166, 14.800358413363806], [104.87674136667644, 14.802801926895716], [104.87014186016003, 14.806534261608064], [104.86164729784923, 14.805160799124033], [104.85463761073827, 14.797883589637669], [104.84984405611192, 14.78992405995797], [104.84271394035142, 14.789446949170701], [104.84115775812572, 14.784983370902616], [104.84271394035142, 14.778169897749775], [104.83448243487568, 14.77254251367018], [104.82342387390055, 14.768493636665214]]]}, "id": "0001000000000000129f", "properties": {"ADM2_NAME": "Don Mot Daeng"}}, {"type": "Feature", "geometry": {"type": "Polygon", "coordinates": [[[105.00611767927688, 15.988989712963793], [105.0133146692401, 15.968009624221834], [105.01693098371793, 15.957151743289847], [105.02073462992925, 15.95024462382997], [105.01766231687623, 15.932256563380083], [105.03724672552372, 15.892708839209854], [105.0788589945521, 15.855885541239838], [105.11631991057804, 15.824395400358453], [105.13125788239, 15.808400598229941], [105.14840759003968, 15.793382367677639], [105.19544224208428, 15.803785407571757], [105.20780282670796, 15.80667495036014], [105.22312874205485, 15.814032409484277], [105.23393320753343, 15.826660631962358], [105.25220653361029, 15.85176536131759], [105.26191852683891, 15.856853205827317], [105.28563647502271, 15.859154045082903], [105.29477761636595, 15.855573440549282], [105.30942572843152, 15.8405685199818], [105.33350490689888, 15.826950475686248], [105.35559084340015, 15.816208490025625], [105.38851683398444, 15.808097410177869], [105.38960484531394, 15.826080967827123], [105.38655038827275, 15.834789580415709], [105.37967439477735, 15.84273121352359], [105.37050653421092, 15.86656509520773], [105.3562552284673, 15.896499091793247], [105.34557570347769, 15.908065955759701], [105.33888700093374, 15.918353119634418], [105.34133059652483, 15.925532241268312], [105.34575849667476, 15.930116220491211], [105.35065011892013, 15.945085404264027], [105.35844023011192, 15.950280259046766], [105.36317576191864, 15.955778351872754], [105.36745205973924, 15.96601194838591], [105.3666494024955, 15.969869119144649], [105.36885669662956, 15.975764072209671], [105.38093633422226, 15.989163642021179], [105.3887442657628, 15.992111082515944], [105.41939168087269, 15.986635325469827], [105.42596437233206, 15.993818975164409], [105.41710410145315, 16.01337211449351], [105.3660786183577, 16.021621449617758], [105.35187190723141, 16.028341291090925], [105.31933387093144, 16.029719157500697], [105.29099633022958, 16.038878156509586], [105.23362991446453, 16.04545085489028], [105.20368705277917, 16.05201914882866], [105.15811505425181, 16.069427465954394], [105.14298538342865, 16.073578899051427], [105.12993803420173, 16.079509444293446], [105.12035990466535, 16.076945471019453], [105.11349730013264, 16.082804772835246], [105.10591234934006, 16.086331866747877], [105.08621656244371, 16.086149068850958], [105.06768898442631, 16.094228959827436], [105.04554059237903, 16.089560291367032], [105.04086303942977, 16.085475725654124], [105.03815632539902, 16.072325842398943], [105.03379091674434, 16.068312670486605], [105.02854255866735, 16.050560981486512], [105.01193238075801, 16.029852962038515], [105.00724581271056, 16.02242853017424], [105.00891801108813, 16.01511559399179], [105.01297576093293, 16.000931166376454], [105.01042073081882, 15.994527961513922], [105.00611767927688, 15.988989712963793]]]}, "id": "000100000000000012a0", "properties": {"ADM2_NAME": "Khemarat"}}, {"type": "Feature", "geometry": {"type": "Polygon", "coordinates": [[[105.34607512425957, 15.35937801519796], [105.34894677744659, 15.354486368606004], [105.3608480976289, 15.352457519556982], [105.35999195115916, 15.348542452656492], [105.35317849330151, 15.341711095880404], [105.35555957197731, 15.336337887508117], [105.34879962883898, 15.330300219947965], [105.35250062905392, 15.321493476365088], [105.35842682784947, 15.314042322571419], [105.36646211932508, 15.311928784675597], [105.37151427969133, 15.300393023662116], [105.36882095509004, 15.295693177291069], [105.37138945046071, 15.286757081494224], [105.36607415073733, 15.280420724459418], [105.3750994282916, 15.282079490579722], [105.38624717962782, 15.290779220724874], [105.40332108061268, 15.292830418211432], [105.41645753550199, 15.287577560915683], [105.43242557998349, 15.275301679045535], [105.44219101072619, 15.25864245939361], [105.45052950729746, 15.255440810689464], [105.4583641863127, 15.25805830367116], [105.47017632167224, 15.26914368952498], [105.4721606158533, 15.276510068382644], [105.4724728264024, 15.289147150167322], [105.47471571621466, 15.292433591678446], [105.48634950447493, 15.290681161025923], [105.49360001344982, 15.298872508141232], [105.49861206867567, 15.297173577155078], [105.50715563255605, 15.28383198829973], [105.51741157077164, 15.277678396107305], [105.52519272573137, 15.278690592875229], [105.53230495914967, 15.280572342862971], [105.54208384336978, 15.278240197863605], [105.54783601315303, 15.270936205872903], [105.54726526001944, 15.260274509084955], [105.54849156310429, 15.25368396279313], [105.5566071133424, 15.248475699534689], [105.56043303360674, 15.258129728874879], [105.58490008797081, 15.257541061378632], [105.5928774653909, 15.264804934246987], [105.59574021487401, 15.273870348934272], [105.59016184600604, 15.28709601380623], [105.5775738058667, 15.297820161948744], [105.57705207073802, 15.306189866865694], [105.58437394757101, 15.316650891333131], [105.57554940698971, 15.323241449782426], [105.57347591830651, 15.327027252978388], [105.5503687803867, 15.321127884851764], [105.54362217935459, 15.32435627557811], [105.53922106613254, 15.324650543347675], [105.50753470634683, 15.31819382009605], [105.49668121532767, 15.322305063901698], [105.4811323320782, 15.333747122391607], [105.46812517496576, 15.33692650076507], [105.46277873527856, 15.343343076880556], [105.46277873527856, 15.349144366157404], [105.4713357461135, 15.35923086833602], [105.47546040206618, 15.369312888001144], [105.5020411228317, 15.392683038785572], [105.5096794978564, 15.391768950641376], [105.5177727805907, 15.394515792256241], [105.52418945378716, 15.393601621287441], [105.5478672297622, 15.396504489065146], [105.56818737054958, 15.403072764506735], [105.58529695327832, 15.419723080111105], [105.59262775873212, 15.42889098479683], [105.59385401772656, 15.441416571785876], [105.59171357231267, 15.450276843786392], [105.5932386504541, 15.458066861233009], [105.59965528739997, 15.464635148433347], [105.6021033474584, 15.469678383446668], [105.60225491516346, 15.480678988092885], [105.59262775873212, 15.506648781324115], [105.59247610974988, 15.510773416100228], [105.6021033474584, 15.53078591121186], [105.6025581404336, 15.542241282647797], [105.61814268042427, 15.56210214050585], [105.62226736677694, 15.564394091744195], [105.62471099412839, 15.570810772647478], [105.62379234811695, 15.585320661600713], [105.63097600641858, 15.61663697364835], [105.63081993997528, 15.620917730552087], [105.63586317414409, 15.631762248964408], [105.63586317414409, 15.642330253007154], [105.62486258101679, 15.640042756409143], [105.6189587513985, 15.634259321179862], [105.61431229707348, 15.631445635161851], [105.61082532105398, 15.625122609682474], [105.6032046767682, 15.62500668160187], [105.58978277378006, 15.626589629440275], [105.56878046583901, 15.620511938914156], [105.56025913854361, 15.618723789196103], [105.55036878038669, 15.617426261077888], [105.53107429674236, 15.60653709811397], [105.52263769366385, 15.606586124775836], [105.51848625936019, 15.603772449379763], [105.51269391142928, 15.596802854499545], [105.50335653393655, 15.59457331411551], [105.5003823418053, 15.586854656948566], [105.5014257177095, 15.554789203147811], [105.49360448436339, 15.542294853879335], [105.48419131851108, 15.530375657449705], [105.47590628524739, 15.526362443540334], [105.43063302542899, 15.517796494046133], [105.42526870187409, 15.516530129274582], [105.42299016161944, 15.493182264690818], [105.42059116612909, 15.47984509321982], [105.4104912600236, 15.46915662279754], [105.40011498699796, 15.468857851632043], [105.3905814251261, 15.47062817285532], [105.38755813862176, 15.468081972954426], [105.38831174350332, 15.456033515853788], [105.39964230906892, 15.437193781455678], [105.40147493752146, 15.425296927413061], [105.39807718152436, 15.417105537019332], [105.39307401653551, 15.412312036517916], [105.39330145434224, 15.406706967992974], [105.391504391087, 15.397904708596831], [105.39145095043632, 15.380853076845693], [105.40172026061958, 15.371961588398056], [105.40377589423188, 15.368131245808005], [105.39736812882546, 15.366329736481996], [105.38937294416968, 15.361736899309994], [105.37703911411282, 15.361027917581955], [105.3655391093644, 15.358673528752066], [105.34956208693262, 15.360073689267061], [105.34607512425957, 15.35937801519796]]]}, "id": "000100000000000012a1", "properties": {"ADM2_NAME": "Khong Chiam"}}, {"type": "Feature", "geometry": {"type": "Polygon", "coordinates": [[[104.38107209015216, 15.456314399778826], [104.38245449056564, 15.44841294528832], [104.38813092236808, 15.4392895785034], [104.39243394675415, 15.41196424428023], [104.39358440729666, 15.40500804801244], [104.38492478233222, 15.398569039898414], [104.38608415284533, 15.390756750466412], [104.39234922774664, 15.385432595404309], [104.40893705717231, 15.386333272672296], [104.41354328884312, 15.380121796724714], [104.42327748321641, 15.351632609226094], [104.4232953365652, 15.337519485289121], [104.4196299383723, 15.323495613609204], [104.41703924685704, 15.305463068235872], [104.41648182069324, 15.292598583338094], [104.41404714719188, 15.28739480748471], [104.4569482024161, 15.273348642821558], [104.46284313133485, 15.26542923080615], [104.48462586187914, 15.264938707371659], [104.50523582491877, 15.26688733408504], [104.51134472246463, 15.2637080623934], [104.520392325262, 15.255472076281718], [104.54010593665342, 15.249969535038122], [104.55621223182288, 15.250946066012597], [104.56681148961182, 15.24239797753467], [104.5746595280437, 15.24312485182974], [104.5860748494962, 15.249715379223668], [104.58221330260417, 15.253117664509695], [104.57888676774091, 15.255806487019738], [104.5862130304685, 15.256948006983091], [104.58894208608653, 15.261424931138189], [104.59403877886255, 15.265821641071826], [104.60371946401004, 15.26698990071686], [104.60851303755726, 15.273094474140159], [104.61164776903604, 15.264929816156025], [104.61029223518095, 15.259797410073741], [104.61438119602923, 15.256091838245244], [104.6248556527377, 15.257349387984348], [104.62976961349368, 15.25706392183107], [104.63193668787714, 15.260533186031013], [104.6388393508925, 15.255859978106038], [104.64190728173199, 15.253799879685529], [104.64782004971843, 15.254633765622826], [104.64788685543198, 15.248890405839404], [104.64798052580929, 15.238964503081224], [104.65184659171712, 15.236699254203554], [104.6579733412873, 15.238099382163764], [104.66344466480828, 15.232645952013508], [104.66608444979143, 15.22968511481996], [104.66723496617703, 15.235432880944153], [104.66278917389812, 15.239281057880406], [104.6552890383972, 15.242513873167615], [104.65519536353641, 15.245755667062792], [104.66053732424818, 15.247271798338453], [104.6609341889907, 15.25133845713792], [104.65933783996444, 15.256631397236406], [104.66480476402822, 15.25612310002587], [104.6750695969902, 15.244636453488765], [104.68230226165163, 15.230518941853791], [104.68311381122115, 15.223067803063078], [104.6887991383654, 15.222002023182554], [104.6926786034076, 15.224262797471225], [104.69002536938035, 15.23468374270652], [104.69715106770923, 15.24250944041584], [104.69555469748516, 15.267903999517397], [104.69884551626517, 15.274797782278123], [104.7124546383076, 15.280492081020002], [104.71253046049499, 15.283635759434286], [104.71022065931012, 15.289214048878486], [104.71249477422609, 15.301084184416526], [104.70086549560953, 15.309917674055876], [104.69357927902051, 15.31932635325914], [104.67417330061981, 15.33195903343285], [104.67710741400285, 15.340302029883832], [104.68250290200199, 15.35373725039296], [104.6869218609163, 15.374485474095408], [104.6869664390938, 15.381923225395324], [104.6882328740423, 15.389111348881725], [104.68689507842467, 15.400143139976294], [104.68215954468405, 15.401231175826753], [104.67791003876702, 15.396803283031309], [104.67436058466733, 15.382507434445099], [104.66825159499017, 15.380986879684066], [104.66047051300188, 15.386016728771581], [104.65470039115148, 15.39915770190485], [104.65289443164232, 15.421239138750867], [104.65588204696822, 15.441719821798538], [104.652189969999, 15.449607938946532], [104.64738301119797, 15.45216303555324], [104.64198306903343, 15.449148658796734], [104.63815265520205, 15.444644950150948], [104.6339700158952, 15.446227943730593], [104.63009506404363, 15.456425929620329], [104.63199023361241, 15.462356548513107], [104.63539691959855, 15.461023277720559], [104.63848710763884, 15.457103678166636], [104.64036441346282, 15.456715731080063], [104.64084599661267, 15.462494730909086], [104.6290605446317, 15.481878425033491], [104.62966252360427, 15.486252807450386], [104.6266705301614, 15.488745432760703], [104.61711022534685, 15.487492464699423], [104.61255748293733, 15.481824959143776], [104.60174407771245, 15.489177997942038], [104.59800742834516, 15.500080504777792], [104.59835077401318, 15.509012075247991], [104.59342342475102, 15.511812378667873], [104.57910976741283, 15.512851352121938], [104.57453024891053, 15.513850210600564], [104.57389256831424, 15.531089096187458], [104.56915254850364, 15.534576153719815], [104.56500115256449, 15.537929357429853], [104.56394876301007, 15.545099619839693], [104.56927293206722, 15.551083670171566], [104.56906781773696, 15.554147139352821], [104.55727354647185, 15.555391241474053], [104.5491802557068, 15.541064144710212], [104.53591889741293, 15.550584275153405], [104.53045644601463, 15.550691274637924], [104.52580116838182, 15.556666506581848], [104.51557195874156, 15.559787914456667], [104.51191556969128, 15.558989676581911], [104.50293939837005, 15.554686698462168], [104.49614817242198, 15.554178339569114], [104.49106030987194, 15.54746742183363], [104.48801473129883, 15.544118564371994], [104.48883074795306, 15.538491251096984], [104.47337553220179, 15.537273858174004], [104.44122092130945, 15.54025254695893], [104.43187913925291, 15.537938284307781], [104.41955417456576, 15.532061146666221], [104.39998763298128, 15.532484820353528], [104.3917070876758, 15.531677683715692], [104.38800606763287, 15.506501590383456], [104.39220651984337, 15.477062669449348], [104.38910738596614, 15.468122140502393], [104.38107209015216, 15.456314399778826]]]}, "id": "000100000000000012a2", "properties": {"ADM2_NAME": "Khuang Nai"}}, {"type": "Feature", "geometry": {"type": "Polygon", "coordinates": [[[105.01355549875335, 15.962917378441754], [105.0087575220894, 15.951876626646767], [104.9993888967492, 15.945379682113058], [104.9858153907775, 15.938521615672435], [104.9751447509373, 15.927199962922998], [104.97337449168386, 15.914179435025252], [104.97688382969862, 15.912279798958279], [104.98715760594129, 15.91314045202283], [104.98809848262448, 15.9111115561018], [104.98042881316476, 15.899754240821796], [104.97921591314602, 15.882243270221526], [104.9682465639979, 15.861013489610103], [104.9663870654992, 15.836805047345802], [104.9674751649954, 15.805305992395002], [104.9599303760056, 15.785284578258295], [104.94765440799807, 15.773686481282265], [104.92786489203567, 15.763042661676199], [104.93746987833889, 15.755417523845999], [104.94422093135786, 15.752559263993644], [104.94786849025785, 15.744555189339286], [104.95198869375818, 15.739601131840802], [104.96126363963872, 15.734968097343435], [104.9702620775575, 15.730397506540093], [105.0032861909303, 15.720819391770801], [105.01714506907568, 15.715156355319657], [105.03383550390438, 15.712476447173755], [105.0406891420407, 15.712030461177982], [105.05035196591709, 15.71637366672688], [105.0680768848363, 15.713131880195487], [105.08065600775764, 15.71714952320775], [105.08802694796033, 15.718852885470826], [105.088967785441, 15.719829466394287], [105.09637433765441, 15.729180208590464], [105.10835147168162, 15.734236846245631], [105.13483407099058, 15.73445530003415], [105.15027595148007, 15.73389794151365], [105.16780024091452, 15.73973040118745], [105.168558308897, 15.74662865800289], [105.17192048126198, 15.75441873473664], [105.16412150960412, 15.776263829841875], [105.1538477333917, 15.788691387764167], [105.12268753451409, 15.817523914510035], [105.10396375396475, 15.83548513895923], [105.0566794733428, 15.874894749201784], [105.03660456891876, 15.893663081727555], [105.01766231687623, 15.932256563380083], [105.02019508059544, 15.952402848153008], [105.01355549875335, 15.962917378441754]]]}, "id": "000100000000000012a3", "properties": {"ADM2_NAME": "Kut Khaopun"}}, {"type": "Feature", "geometry": {"type": "Polygon", "coordinates": [[[104.6882328740423, 15.389111348881725], [104.70592659466878, 15.398190022718943], [104.7115316040599, 15.402149752547027], [104.71889360557016, 15.398627061900719], [104.72542620322217, 15.387541723587058], [104.74146112299223, 15.375876683497399], [104.75147185232947, 15.369397596469199], [104.76430514184202, 15.367212677286517], [104.77819966823778, 15.371346236792347], [104.79944728029099, 15.381432765845158], [104.80000914303565, 15.387871660056614], [104.79322240374978, 15.401449631353227], [104.7969725260167, 15.407242004317606], [104.80247504093592, 15.408615445432172], [104.83083490280004, 15.39338757280333], [104.84171959228573, 15.383073689923245], [104.8469679577516, 15.38477264464132], [104.85391076536368, 15.395492277401804], [104.85655049494926, 15.429341356005025], [104.85292080023154, 15.436270774033447], [104.84487215330847, 15.443824516195559], [104.84538937708034, 15.448765201212042], [104.86266395238084, 15.463190374538014], [104.8607465401044, 15.471279142735582], [104.8568403468106, 15.484362215688146], [104.85028994958672, 15.503536294520254], [104.84586206783155, 15.508267398755661], [104.84641946530728, 15.512753317445581], [104.87303138757814, 15.535985216181748], [104.87553290792562, 15.54550095609248], [104.87288867382914, 15.547440611931139], [104.86833143371786, 15.548113984175066], [104.86636504709408, 15.55576578726217], [104.86991888519773, 15.559270631308936], [104.87717388401387, 15.55898081090887], [104.87933212311746, 15.56109434594565], [104.87001705471887, 15.569932346984396], [104.86601273206352, 15.578516059315946], [104.86458584196174, 15.583166902865543], [104.8597877981685, 15.582587226668286], [104.8606930043284, 15.576170574736881], [104.85499426501354, 15.577173932347305], [104.8521494262784, 15.577954223570385], [104.85288962453662, 15.571952341613862], [104.84804704517012, 15.574525166188508], [104.84752081655553, 15.581789090154777], [104.8440605598686, 15.581503742562269], [104.84092137510798, 15.579675461834743], [104.84061373926372, 15.589458765870928], [104.83276566621367, 15.59052442507914], [104.83269432756097, 15.586257089650841], [104.83452705543613, 15.5833274732135], [104.8238207110868, 15.587608249166948], [104.81639184693152, 15.594136307378273], [104.81971835719449, 15.596504082939505], [104.81494715147403, 15.600735823638512], [104.81486682669085, 15.603843771529288], [104.80768772077514, 15.5997592533997], [104.80725067498803, 15.59625887507897], [104.80434338987624, 15.595585519742809], [104.8058326888755, 15.59175966393851], [104.79961227717585, 15.59229472877201], [104.79584437234648, 15.597199711618767], [104.79407406902673, 15.600410245563422], [104.78949899377179, 15.603170449869165], [104.78981561104932, 15.608891511411317], [104.78948118629495, 15.620449512722805], [104.78642224810008, 15.61786320237347], [104.78325626219784, 15.61830019112132], [104.77857867338324, 15.626897370568148], [104.77174292273766, 15.631142381938036], [104.76408213943651, 15.634098826099153], [104.76216032598514, 15.631869236838442], [104.75289869026409, 15.64025239795059], [104.74669614887478, 15.641737230830328], [104.74340083819737, 15.654409979221718], [104.74173758789073, 15.655917184981245], [104.73597643207567, 15.653678719678545], [104.73686383155838, 15.64818956873228], [104.73068347139645, 15.647110421210975], [104.72141303858626, 15.655257260007772], [104.7161423808063, 15.657210328178111], [104.71016717520814, 15.655573825027039], [104.69710648657667, 15.656817894483765], [104.68615042025425, 15.668598853475366], [104.67037410853304, 15.672455997594728], [104.65086556599938, 15.674770228467944], [104.64494387354567, 15.681744282308477], [104.62917208133607, 15.684919177837443], [104.61065784215525, 15.679951736868576], [104.60361692790632, 15.673575244819062], [104.61219178245184, 15.663992629175347], [104.63372034025322, 15.657897054873898], [104.64002106179518, 15.646851806643891], [104.6376934069483, 15.642838613902514], [104.62076667675605, 15.63880317187546], [104.61520172287534, 15.631637325568171], [104.61678916052892, 15.625853949593393], [104.61917919753935, 15.620748248070472], [104.61508130276793, 15.616017160166248], [104.58261903247912, 15.606220464683652], [104.58096917781462, 15.600682280270876], [104.59029316068148, 15.58387593591471], [104.59281696548783, 15.567930165492434], [104.58925419978549, 15.565116539266105], [104.575743112037, 15.562869156826508], [104.56998643337354, 15.556153740509798], [104.5682606995574, 15.54891661896632], [104.56349845241496, 15.544118579918145], [104.56704789659007, 15.535302944246578], [104.57310329560235, 15.532408962967224], [104.57397285617189, 15.523704833796923], [104.57453024891053, 15.513850210600564], [104.57910976741283, 15.512851352121938], [104.59674992370101, 15.510947332501093], [104.59887695431597, 15.50543139047225], [104.59879220688327, 15.496036118183586], [104.60260917866763, 15.488268328943699], [104.61255748293733, 15.481824959143776], [104.6186218183004, 15.488188056205724], [104.62769160279296, 15.488446716094222], [104.62966252360427, 15.486252807450386], [104.629738393759, 15.479684562859827], [104.64084599661267, 15.462494730909086], [104.64036441346282, 15.456715731080063], [104.636435929515, 15.459547310603694], [104.63314067095223, 15.462682035857204], [104.63017982894992, 15.458833852738767], [104.63265012853083, 15.448038315662014], [104.63648947683225, 15.444506775964836], [104.6408682345119, 15.447467588729507], [104.64498843949659, 15.45177061303537], [104.65044195129327, 15.450972423994951], [104.65549409135562, 15.443958266549068], [104.65485197849799, 15.43427757425844], [104.65297031335932, 15.414969633458353], [104.65644836963321, 15.392874830938867], [104.66300322233108, 15.383403687519447], [104.67071752842018, 15.380817354809713], [104.67537726078059, 15.384023477096067], [104.67918529635517, 15.399037322591116], [104.68424194432401, 15.401360461241504], [104.68768885651325, 15.398952596474714], [104.6882328740423, 15.389111348881725]]]}, "id": "000100000000000012a4", "properties": {"ADM2_NAME": "Muang Samsip"}}, {"type": "Feature", "geometry": {"type": "Polygon", "coordinates": [[[104.6926786034076, 15.224262797471225], [104.69790467767264, 15.221587325005757], [104.69575535515044, 15.218042376863705], [104.68486620704526, 15.21684731628608], [104.68346606831261, 15.212290114488498], [104.69150582880921, 15.206435302380926], [104.689401085681, 15.203171268759059], [104.6831985165656, 15.202680787944292], [104.6837247228727, 15.198435713933318], [104.69043565755486, 15.197811410738998], [104.69629041387701, 15.20136529773545], [104.70581064154425, 15.197588444784076], [104.70450410592676, 15.194431403322659], [104.70088329290225, 15.190886426566161], [104.70194454918827, 15.186605721194054], [104.70577050736723, 15.185878862587165], [104.7153084972449, 15.19319622753872], [104.71963379432947, 15.190560967157683], [104.72038297541019, 15.184184392400722], [104.71853690651986, 15.181196799746232], [104.72731240527123, 15.181919201758015], [104.75025893023812, 15.201454518502581], [104.76978976638952, 15.22217598812602], [104.78122737262878, 15.23976261434772], [104.78985576699857, 15.241318834913963], [104.8069207543134, 15.236106201994678], [104.81584782486853, 15.225257156912658], [104.81509426526361, 15.217320026763653], [104.81015801414247, 15.214546479336871], [104.79868480639428, 15.213632310596116], [104.79636606449463, 15.211237791334906], [104.79897464042196, 15.206413004933847], [104.80987715333004, 15.20526259573106], [104.83795165446405, 15.207162164839318], [104.84549643824913, 15.212356974329387], [104.85149393953371, 15.220463688537116], [104.85725953732303, 15.221444698612256], [104.86728801821327, 15.219857202718288], [104.88431731721248, 15.229221319874258], [104.89316422486735, 15.23298483938762], [104.89844379186202, 15.23332817911532], [104.89888082343315, 15.256805295329409], [104.90300100775177, 15.261451738621961], [104.92399447194072, 15.263373589158999], [104.94435025134311, 15.270031040798152], [104.95550692242898, 15.272777811955805], [104.96284658149663, 15.275613786017598], [104.97398983262143, 15.287746998062893], [104.98714423365742, 15.293833674124986], [105.00018264863544, 15.303059633264889], [105.01406827689495, 15.30808503600851], [105.01454984936298, 15.317823660130122], [105.01244515374827, 15.32869050295436], [105.01582516290658, 15.342099035181748], [105.01348862639786, 15.34576889900259], [105.00383014168108, 15.34280801186029], [104.99452848873005, 15.33583402039569], [104.97971984587295, 15.335165123696461], [104.96696681383276, 15.340921824108266], [104.95522152527218, 15.340105834047163], [104.94832776095201, 15.337662232713283], [104.94133144573732, 15.342188242279166], [104.93674300970243, 15.35114204667455], [104.94077407094558, 15.359993350383482], [104.94584853483161, 15.365825878974874], [104.94809139636247, 15.375515561384995], [104.95853464145463, 15.380059350716309], [104.97927840321438, 15.385160534225436], [104.99618727137161, 15.38268573017254], [105.00449454688923, 15.38565997220896], [105.01719856816811, 15.410822651609303], [105.01592324378878, 15.421957081560292], [105.00992579648549, 15.428957815953291], [104.99063122803234, 15.428676931280714], [104.97673665489401, 15.43537447071334], [104.97067229663287, 15.445309380810913], [104.96826884851693, 15.46161188485933], [104.9666279139528, 15.47261246648753], [104.9624184663361, 15.487831336647814], [104.95755810690568, 15.487795665162276], [104.95572092606493, 15.491037486091777], [104.96022014910072, 15.495184386360467], [104.95939076303216, 15.499095026575745], [104.95108795836839, 15.511500295079184], [104.94563891155097, 15.515187920225891], [104.9461606529978, 15.511246066035934], [104.94884496568233, 15.508053410513646], [104.94576823268353, 15.504931974394312], [104.9421786520157, 15.502332348043618], [104.94305259999786, 15.492196855042895], [104.94620521589248, 15.487376510354972], [104.94485407444766, 15.485994199075519], [104.93630159636484, 15.487938341452425], [104.93717105614593, 15.500566515178052], [104.92976449067706, 15.503812811232397], [104.92360647268005, 15.499705913435442], [104.91584766620846, 15.508307552727508], [104.9118433436835, 15.51496500081818], [104.90580131861897, 15.521163151919147], [104.90370999104204, 15.535289590928219], [104.89864444310871, 15.535360929269565], [104.89241065175901, 15.533831424335434], [104.89072505942814, 15.536225949517766], [104.8935610594386, 15.539048603079657], [104.88621692977847, 15.545558848328387], [104.88432177176927, 15.543793117307576], [104.88385805308042, 15.535878138998381], [104.88009008842633, 15.535708688938682], [104.87646484127887, 15.536435524491418], [104.87113175520346, 15.53450032450053], [104.84535820287682, 15.510719909947591], [104.84899235498597, 15.50463324198205], [104.85292970757408, 15.496085151500694], [104.85705439571538, 15.483055656672876], [104.8607465401044, 15.471279142735582], [104.86266395238084, 15.463190374538014], [104.85246153833283, 15.454918746829966], [104.84538937708034, 15.448765201212042], [104.84543400073669, 15.442687403264864], [104.85563640507823, 15.432676768109213], [104.85618038678625, 15.414002021976618], [104.85299660173261, 15.39305762868279], [104.8460761018157, 15.384103719526832], [104.84171959228573, 15.383073689923245], [104.82434240746146, 15.397864576599737], [104.80133794311052, 15.408762596804458], [104.79483660944989, 15.405293407003628], [104.79345871479934, 15.399768593152846], [104.80067349713858, 15.384781539268424], [104.79720884274305, 15.379493076847696], [104.76776986583623, 15.367564927825617], [104.7542052790572, 15.368430007398048], [104.7425669855482, 15.374592519047692], [104.73248500512037, 15.382980038063662], [104.72290679370121, 15.390386638798068], [104.71776548534649, 15.399648202275417], [104.7115316040599, 15.402149752547027], [104.69883661773643, 15.394065424784609], [104.6882328740423, 15.389111348881725], [104.6869664390938, 15.381923225395324], [104.68524080148782, 15.363288677092111], [104.67855660807517, 15.34257618485354], [104.67397267116965, 15.333412669881744], [104.67613975004878, 15.329890045631105], [104.69455141308767, 15.318514834885827], [104.70511056417416, 15.305975846825572], [104.71249477422609, 15.301084184416526], [104.71031872837729, 15.287479472286302], [104.71333309225166, 15.281959098792557], [104.70726873841711, 15.27876192395374], [104.69757018437792, 15.273491334750599], [104.6951132515435, 15.261683564602725], [104.69715106770923, 15.24250944041584], [104.69002536938035, 15.23468374270652], [104.6926786034076, 15.224262797471225]]]}, "id": "000100000000000012a5", "properties": {"ADM2_NAME": "Muang Ubon Ratchathani"}}, {"type": "Feature", "geometry": {"type": "Polygon", "coordinates": [[[105.25650959094426, 14.725646173869764], [105.23763419503965, 14.733360424050868], [105.21733637609915, 14.73161239313519], [105.20638488800004, 14.724089945393692], [105.19010016842289, 14.724687456263705], [105.16960170670279, 14.725302747178041], [105.16297997716035, 14.73011857154743], [105.15397704182256, 14.729436343502426], [105.13556539724465, 14.732905535229964], [105.12171991529807, 14.734983461625696], [105.10514091976911, 14.732018233299414], [105.09443468724736, 14.734805148934448], [105.09393521515385, 14.724549221861675], [105.09410916936245, 14.716117014207585], [105.0979528908745, 14.70704275980364], [105.10139534044744, 14.701946008295847], [105.1057340111302, 14.696862610020164], [105.11079955192582, 14.67700181929521], [105.11310492034845, 14.66481957856231], [105.11438912452083, 14.658144294063275], [105.1071163826684, 14.64724624079794], [105.107263497305, 14.625200440801516], [105.10594803484807, 14.616585473383694], [105.10659911830469, 14.614017030920612], [105.125403144309, 14.598927429813157], [105.14431863204254, 14.596256370784971], [105.15383880941815, 14.600198286230484], [105.16449161019479, 14.611430700126428], [105.16941000160944, 14.614739349123058], [105.17105092584478, 14.611131953812801], [105.16940107679672, 14.606472209860307], [105.1728880377138, 14.602566034827367], [105.17083690684908, 14.600376608263952], [105.17285242696671, 14.593215264972518], [105.17675858773077, 14.591636799096243], [105.17704838950422, 14.590290145257867], [105.17373529015032, 14.590290112564873], [105.17298175024271, 14.58682542726505], [105.16858062081624, 14.58455568867266], [105.1645673796244, 14.574117003497927], [105.15499812685643, 14.569738091601739], [105.15609953503551, 14.566656861789143], [105.15871262003816, 14.565510856935347], [105.15753989029714, 14.562514394332608], [105.15972034787563, 14.557453267327068], [105.15714303279672, 14.55517918982598], [105.15725003340974, 14.551553908032888], [105.15255010345633, 14.548231871921052], [105.14992373022343, 14.541931204526705], [105.15096263784754, 14.537035079356396], [105.15051234260527, 14.534203558963936], [105.15744172442248, 14.526614150985006], [105.15888200213072, 14.525579622447756], [105.15616646576416, 14.523207431968176], [105.15208632883039, 14.521214204550562], [105.1529469499316, 14.513259118644942], [105.14885796878124, 14.507114492744437], [105.14391288286349, 14.50476455360687], [105.14409563495438, 14.499828328372718], [105.14795721252639, 14.495262258124347], [105.14556720713968, 14.489224555142563], [105.14941534429188, 14.475811664566917], [105.15356234495617, 14.454019978243238], [105.17577315838572, 14.427688965922112], [105.18306820531785, 14.425972288075084], [105.18964985609296, 14.431599677821502], [105.20364250878143, 14.42831769926991], [105.21070122948647, 14.421553293225255], [105.21949904897063, 14.413299526452095], [105.22467163322757, 14.413995073464127], [105.23781705015548, 14.416478835478454], [105.24547776943157, 14.413669626776853], [105.25475272656516, 14.401674642547585], [105.26264085658718, 14.39490123013151], [105.26729620286086, 14.389599337024716], [105.27533146962556, 14.385929554816826], [105.2904121350016, 14.370242390065172], [105.2967440757572, 14.36545776786189], [105.29991893278722, 14.367080884175172], [105.3036601350979, 14.365582666334788], [105.3091314103695, 14.366652812151377], [105.31038889790891, 14.373421729612271], [105.30643371213482, 14.389693041550352], [105.30863200872041, 14.427350076616625], [105.3143932155063, 14.448905438131208], [105.32080090970707, 14.467794155024881], [105.31738974919159, 14.480440162522978], [105.32160352990059, 14.48893027455884], [105.32380631079654, 14.494972387939859], [105.31398741105531, 14.522181800987763], [105.3166405661489, 14.532477838823564], [105.32084548473026, 14.539991443229516], [105.31367530941476, 14.580127860888155], [105.31290381162894, 14.591560963659568], [105.30955506775962, 14.607181203496742], [105.2966548490765, 14.616407072584085], [105.29637841636541, 14.625557186825993], [105.3011764412897, 14.635714968266123], [105.29853665777603, 14.644735785774934], [105.28196658209768, 14.654171184881642], [105.26458059832186, 14.673024274257486], [105.25848498028255, 14.697277327813456], [105.25408829283316, 14.707435188608628], [105.25650959094426, 14.725646173869764]]]}, "id": "000100000000000012a6", "properties": {"ADM2_NAME": "Na Chaluai"}}, {"type": "Feature", "geometry": {"type": "Polygon", "coordinates": [[[105.16108041536906, 15.027059095029497], [105.14885796878124, 15.028485952268923], [105.13565016562698, 15.031130271388482], [105.11949927526426, 15.037158913381054], [105.09845674649841, 15.042478636458391], [105.09026981995542, 15.046273309457021], [105.08392905594827, 15.046968990100478], [105.07745438373414, 15.054054465579744], [105.0686031250838, 15.051535109819731], [105.06666781804384, 15.053532763978367], [105.0728303229804, 15.06527805410136], [105.07362398841276, 15.070981192944457], [105.07547901133613, 15.072827258156746], [105.07005225679555, 15.075672195845337], [105.06482618486527, 15.076813725814254], [105.06643591810607, 15.079533763157027], [105.07434192982194, 15.08011794521282], [105.07765061999274, 15.079471362629493], [105.0780117845234, 15.091925612240217], [105.07428841190386, 15.094498476103842], [105.06394774173431, 15.090083968962402], [105.06333241516572, 15.083221440085474], [105.05953775945882, 15.082405437624729], [105.05469516663166, 15.08975848074889], [105.05083355702436, 15.087957059179459], [105.04941554284888, 15.078731107904801], [105.04635659843184, 15.079440120888224], [105.04604892353704, 15.085531271196487], [105.0493219008388, 15.095292240231668], [105.05403965240704, 15.100500485098477], [105.06031807101496, 15.102096808237691], [105.05719666886088, 15.105838050875521], [105.05589463072371, 15.109333916538576], [105.0591810060786, 15.113949140048488], [105.06810810243073, 15.117257756081028], [105.0696866501836, 15.119621072677443], [105.06689525868795, 15.121168375874904], [105.05943519278193, 15.119491768144233], [105.05213118460911, 15.124963104137674], [105.04613364555138, 15.124378968110703], [105.0422586841979, 15.129698652591049], [105.04467108224442, 15.132396431799249], [105.04753825380705, 15.13547322508201], [105.04958499043282, 15.14062347456468], [105.05441869092226, 15.139847584188447], [105.06154433341062, 15.135312673444952], [105.07343230599413, 15.142719206327865], [105.06916941500363, 15.147271932917986], [105.05359818513233, 15.151088935437842], [105.05381668898721, 15.155846845906717], [105.06558877259968, 15.175087806380056], [105.05409316367327, 15.176608390635568], [105.04881355943994, 15.175872664266489], [105.04083182706415, 15.17726385660777], [105.03241745987395, 15.16835910955526], [105.02092188098634, 15.166749372239076], [105.01266369129718, 15.165674656601215], [105.00914545993682, 15.162584560200846], [104.99180400695919, 15.15906627773353], [104.99221864942797, 15.154103365798653], [105.00617117471724, 15.145706799437036], [105.00662160702822, 15.143125045990184], [104.99302573876558, 15.13103196470801], [104.99577261868681, 15.118876400458545], [104.99576370335377, 15.113503162881932], [105.00261733284268, 15.104968463816245], [105.00209112838927, 15.092505315636227], [104.98879411443129, 15.080412249559693], [104.98613650154246, 15.077794711757038], [104.98683212486749, 15.069866474879074], [104.98370179902035, 15.068889873762606], [104.97603661813287, 15.058763245343506], [104.97351720635734, 15.049871859861934], [104.97625510629403, 15.046465053145406], [104.97418157558585, 15.03794376758431], [104.972884039101, 15.033047661169343], [104.97845346495384, 15.026359002004922], [104.98895904103429, 15.024196296981042], [105.00542651978205, 15.025721380440658], [105.02416367697182, 15.02211393785105], [105.04035017643486, 15.024009091285281], [105.04483160684195, 15.02059786487687], [105.03649755792776, 15.010850260825086], [105.03491014734531, 15.001066977439152], [105.03243975326355, 14.984644064052384], [105.02390954549846, 14.976769349896829], [105.01718965165148, 14.958754569692394], [105.01315417587264, 14.952146132188949], [105.01566466704591, 14.945386144784717], [105.03245758797743, 14.939410979712926], [105.0424950086214, 14.941408633053639], [105.05428937180012, 14.937226045146515], [105.06973124718922, 14.937756689232126], [105.07408780906383, 14.93875994985058], [105.08120003943087, 14.942755266850176], [105.08919516794819, 14.945988200678272], [105.09395751696515, 14.94406184686732], [105.10167626707926, 14.942037348317857], [105.10547092024818, 14.944409596694811], [105.10520782978824, 14.95129452060203], [105.10433835852069, 14.95731870811808], [105.10826680658603, 14.9585984976447], [105.11439358543932, 14.958513779161736], [105.12128290481606, 14.975480619094643], [105.13828095173716, 14.97707697842986], [105.15165834016302, 14.984175920710218], [105.15902023875103, 14.995056083377508], [105.15910501917568, 15.004308714054392], [105.15760673236697, 15.012584831478742], [105.16124087551266, 15.024298921455216], [105.16108041536906, 15.027059095029497]]]}, "id": "000100000000000012a7", "properties": {"ADM2_NAME": "Na Yia"}}, {"type": "Feature", "geometry": {"type": "Polygon", "coordinates": [[[104.98688561390588, 14.67088837163675], [104.97851586558193, 14.665550853922296], [104.97267892660585, 14.661185359922126], [104.96005961955449, 14.661359317663296], [104.95699176237892, 14.656445373721017], [104.95359837204327, 14.649328634990004], [104.94272711932183, 14.645435791670954], [104.92951924191625, 14.64823618317419], [104.92362875097675, 14.651683025544548], [104.9169624216684, 14.649787926167564], [104.91319892807269, 14.647545001547522], [104.90987249625974, 14.64655056988784], [104.90274234591693, 14.644017866411728], [104.89186663443039, 14.64724173521802], [104.88685010933408, 14.653533576882735], [104.87620622276387, 14.658639216905637], [104.86534836871691, 14.659526590960494], [104.85946676389213, 14.65700722792982], [104.8536075578187, 14.656075214467561], [104.85079828393978, 14.64822724425498], [104.84660223652973, 14.642287724709739], [104.8456435806732, 14.636901101139989], [104.84055130368958, 14.63450209751945], [104.84047105486395, 14.625401116997724], [104.83911992374016, 14.614012507171873], [104.82987171197689, 14.606721955127115], [104.82849831806826, 14.597482656818762], [104.83081709061835, 14.575659829872084], [104.8273389446411, 14.571722393450017], [104.82527884701116, 14.566558807956847], [104.82385197007298, 14.559905776273876], [104.82380735254759, 14.554844745655252], [104.82197466081374, 14.552311931269282], [104.8230760187909, 14.542252200876344], [104.82904683702641, 14.531813501024331], [104.85826725592284, 14.50273565413853], [104.86357808299023, 14.49351421248416], [104.86342646984886, 14.480966349359129], [104.86343537778498, 14.471709208821196], [104.85692505776562, 14.4657697556623], [104.85338015254293, 14.459892661828233], [104.84216100937189, 14.449382558251948], [104.83373332791876, 14.44212309417854], [104.83699741549933, 14.432099062985005], [104.8420852130892, 14.424763845797846], [104.85347822269797, 14.424246595105242], [104.87208602274801, 14.4278049541338], [104.88864711645684, 14.42607034144501], [104.90728168618, 14.409830348720966], [104.91289569603816, 14.405464842143388], [104.9123606083016, 14.395851015815786], [104.94901002947756, 14.380328914983451], [104.95763386923063, 14.380061371165192], [104.97886816215389, 14.386000832826618], [104.99197785176882, 14.37559782649574], [104.99806904659818, 14.37302930294305], [105.00083812320513, 14.366131101669046], [105.0013197453637, 14.3478889603509], [104.99762309588928, 14.335987604460476], [104.9976810462315, 14.320478873463227], [104.99661092965665, 14.311961942812122], [105.0000666570175, 14.302357057719895], [105.00105218722649, 14.298210056587527], [105.00509208595504, 14.295498992189792], [105.01766231687623, 14.271977212677006], [105.02414138472135, 14.263322117107272], [105.02658944884126, 14.239198330401413], [105.03070961700097, 14.230971276022158], [105.05189930538032, 14.214218475826934], [105.07176907577579, 14.208261085549266], [105.09793950946084, 14.207654638967488], [105.12044903707832, 14.215988765235235], [105.138668929987, 14.227939103236476], [105.15841829898531, 14.24980209352956], [105.1505390247505, 14.258211933980899], [105.16517826633935, 14.292199235506175], [105.17868046400945, 14.305687964677244], [105.18093679818918, 14.313313061956801], [105.175541283008, 14.329339072902629], [105.1802679275723, 14.334939711244692], [105.18324207507938, 14.336571704663408], [105.19125063493591, 14.336669817631739], [105.20007072593714, 14.342707430339653], [105.20548855056913, 14.341227041139302], [105.21071908354656, 14.342034169250935], [105.21933853259812, 14.338850366543667], [105.22338737754617, 14.331822788370078], [105.22965242447417, 14.330872994466882], [105.23320635862216, 14.33290188223451], [105.23574360269464, 14.336674303012833], [105.2354670914018, 14.345944776977055], [105.23765205197576, 14.349217758380007], [105.25814610319091, 14.347023872982044], [105.26468757855973, 14.353293330830144], [105.26905301961635, 14.355201889372664], [105.27423007835812, 14.353565371471857], [105.28540900221671, 14.35356537774727], [105.28650153537754, 14.362291802211516], [105.29163393683434, 14.362849222389634], [105.2967440757572, 14.36545776786189], [105.27873821041946, 14.381702299016148], [105.27153677702029, 14.38842216141626], [105.26540554451967, 14.391066443240325], [105.25733003280766, 14.400243277026311], [105.24892471167581, 14.408296385120167], [105.24355146279377, 14.415328395995273], [105.23259102603139, 14.416117658593318], [105.21949904897063, 14.413299526452095], [105.21013052546259, 14.422578882903277], [105.20256783265319, 14.42891075681179], [105.18964985609296, 14.431599677821502], [105.18306820531785, 14.425972288075084], [105.17577315838572, 14.427688965922112], [105.15299156956343, 14.455197178618715], [105.1511856442097, 14.466773053733474], [105.1465526351058, 14.486696322595783], [105.14618694721436, 14.492056137705697], [105.1477566088699, 14.496684644251573], [105.14358735620293, 14.500858404632648], [105.14479130833928, 14.505589456092256], [105.15144425700662, 14.509473350447887], [105.15321895139424, 14.518882116794892], [105.15258133712234, 14.522360176331153], [105.15835582945384, 14.523996657727057], [105.15888200213072, 14.525579622447756], [105.15279979447128, 14.53128281992995], [105.15023588370869, 14.536290442794296], [105.15142640931957, 14.538992616579117], [105.15005303558358, 14.544165156549031], [105.15424904498036, 14.549591893686621], [105.15762904281019, 14.552789054970312], [105.15815521317515, 14.556601645020887], [105.1596891128611, 14.559040752661627], [105.15768258788616, 14.563646969679095], [105.15871262003816, 14.565510856935347], [105.15482428672856, 14.567655758596901], [105.15570714302876, 14.570621043504065], [105.16540566492074, 14.575182695016982], [105.16979350126627, 14.585750779879378], [105.17356143034861, 14.587784077663791], [105.17373529015032, 14.590290112564873], [105.17704838950422, 14.590290145257867], [105.17437744844136, 14.592573190585323], [105.17191155631407, 14.595114859896494], [105.17083690684908, 14.600376608263952], [105.1730798360797, 14.603618416081819], [105.16940107679672, 14.606472209860307], [105.17083690684908, 14.613597810904416], [105.1683799028989, 14.614284550940724], [105.1595999592378, 14.607069759562476], [105.15181879116406, 14.598744590658342], [105.14187058847702, 14.596189546189482], [105.125403144309, 14.598927429813157], [105.10485115509472, 14.614552092315886], [105.08900346725723, 14.623068985624002], [105.08629675598733, 14.629588189846755], [105.08350543723641, 14.634274682572467], [105.07880993510226, 14.636874347523808], [105.07394955469336, 14.644633224777488], [105.06372931346898, 14.644334444615815], [105.05853439256995, 14.642849557178817], [105.0464101071687, 14.663499662524487], [105.04006034847257, 14.667936495589531], [105.03459794623889, 14.671717766172156], [105.02835966818905, 14.669430264405092], [105.02464082103702, 14.663174164235754], [105.01855415191223, 14.660462966873126], [105.01596782602762, 14.664217578987719], [105.01023794999305, 14.664534187419292], [104.98688561390588, 14.67088837163675]]]}, "id": "000100000000000012a8", "properties": {"ADM2_NAME": "Nam Yun"}}, {"type": "Feature", "geometry": {"type": "Polygon", "coordinates": [[[105.35897971672185, 14.968778616657309], [105.36125830249134, 14.977331188823761], [105.35879690937584, 14.992304805467564], [105.36141886432263, 15.005352195810659], [105.37152768297848, 15.018916789895961], [105.39333264328299, 15.04532356251009], [105.39999451611499, 15.065202257148226], [105.3958431481438, 15.075877280414016], [105.38999724599742, 15.09413283535857], [105.3775251336358, 15.097494992304727], [105.35698653750121, 15.100705595204904], [105.34878622733275, 15.101597429171289], [105.34429142150769, 15.109115448660809], [105.34652103052558, 15.118800627016673], [105.35367784697661, 15.128414450844515], [105.35410152590373, 15.143209760641948], [105.35431551007157, 15.14668341300179], [105.3193963111595, 15.164510855027038], [105.30164911470322, 15.166793919124597], [105.28917694519485, 15.170495007368027], [105.28284501995543, 15.17285381867531], [105.28132008118956, 15.177442235991585], [105.28678241747986, 15.18017123542938], [105.29078671278286, 15.187140766947778], [105.29627141603821, 15.189272278397024], [105.29549999748448, 15.193949819862366], [105.29470178796302, 15.198270681562583], [105.29959792529431, 15.200388811875882], [105.29881309401199, 15.206279228938094], [105.2994150924172, 15.210265668393788], [105.30563554039551, 15.213502961750654], [105.30600113045372, 15.217623208650497], [105.29954442410465, 15.221966356977886], [105.29700273514945, 15.22770523606914], [105.28929287224192, 15.230090869428524], [105.28944452423094, 15.236547621064913], [105.30529665796254, 15.25701932830795], [105.31323386611672, 15.260461834921147], [105.32672707844534, 15.262486253239816], [105.33404449335227, 15.270632998689091], [105.33751807740087, 15.275123348203985], [105.36089268312391, 15.278998257586482], [105.36734948238208, 15.281655877981992], [105.37170603615257, 15.288054719874166], [105.3688878811289, 15.29693723544626], [105.37152768297848, 15.301503380459975], [105.36556135804548, 15.312544100361153], [105.35668775918683, 15.315331027725804], [105.3488174081722, 15.328851057210539], [105.34985200773637, 15.332021424028992], [105.35555957197731, 15.336337887508117], [105.35351738176102, 15.343075597300958], [105.36136534369545, 15.351231284403868], [105.35763752579243, 15.353826440423758], [105.34894677744659, 15.354486368606004], [105.34607512425957, 15.35937801519796], [105.33648801949933, 15.358633352568262], [105.32524667819825, 15.360724722163539], [105.31755026970355, 15.367979628584106], [105.30317852413117, 15.37042768566625], [105.28353171576614, 15.357375914083942], [105.26598518817713, 15.358579817220177], [105.26129871341494, 15.359815057462885], [105.26116048131313, 15.35130262458273], [105.25694213511072, 15.34472539410739], [105.25948384569078, 15.337555198278814], [105.25524321803552, 15.331727160019584], [105.25805689692382, 15.322759941831992], [105.25269264230629, 15.318265122436646], [105.21498197360714, 15.316419076870293], [105.20737478362774, 15.300210257250217], [105.2021709567526, 15.297441124950828], [105.1849766769055, 15.300540210112946], [105.17027508598802, 15.297293940310285], [105.16530758362619, 15.2972805913008], [105.16789386131938, 15.2916665776644], [105.17693245088365, 15.289847266488259], [105.178154317708, 15.270744484138033], [105.18236371332678, 15.26613378408277], [105.17828355586465, 15.253728547651336], [105.17443983476504, 15.240382472237398], [105.15879731106277, 15.22700513712487], [105.15555552307818, 15.223179292830773], [105.14411794357308, 15.217970988540152], [105.1388383807556, 15.204642801829081], [105.1436988097488, 15.19566210776723], [105.15673725211862, 15.184037239367292], [105.15422673499322, 15.181517881316681], [105.1492102770025, 15.183386233409275], [105.14540221121825, 15.174989728428388], [105.12795373124531, 15.16778380067552], [105.1244444314994, 15.167230882721247], [105.11927185072739, 15.162588970764586], [105.11184740209691, 15.165844099021633], [105.09270451671067, 15.165585515241686], [105.08405384928841, 15.170405769248863], [105.07347244422043, 15.181201281058843], [105.07035105763609, 15.18471059588541], [105.06234695207732, 15.178788905227563], [105.06095122403636, 15.175596162539998], [105.06558877259968, 15.175087806380056], [105.05288033514681, 15.153247131112417], [105.05478881173657, 15.150424541740717], [105.06916941500363, 15.147271932917986], [105.07343230599413, 15.142719206327865], [105.06154433341062, 15.135312673444952], [105.05085585294353, 15.141122893580796], [105.0477210767272, 15.13688670433633], [105.04572341305091, 15.132739781451255], [105.04245933698826, 15.131063139520329], [105.0444347546535, 15.125819204053611], [105.048162528041, 15.123906274342682], [105.05330833353298, 15.12470446201772], [105.06063023236027, 15.118978946703411], [105.06689525868795, 15.121168375874904], [105.0696866501836, 15.119621072677443], [105.06500902721314, 15.115483057140569], [105.05815989303814, 15.113240145398954], [105.05565828681313, 15.108299466807809], [105.06031807101496, 15.102096808237691], [105.05171201855235, 15.098770300710935], [105.04716369041805, 15.09102485506572], [105.04594636536827, 15.080470187301644], [105.04762297659812, 15.07836996269677], [105.05003536513318, 15.07985932892273], [105.05083355702436, 15.087957059179459], [105.05469516663166, 15.08975848074889], [105.05953775945882, 15.082405437624729], [105.06333241516572, 15.083221440085474], [105.06394774173431, 15.090083968962402], [105.07543887261626, 15.094360311009277], [105.07850674802923, 15.090422861442146], [105.07765061999274, 15.079471362629493], [105.06812148140158, 15.080042155764174], [105.06475046143592, 15.077964196379751], [105.06680160661958, 15.075707858821978], [105.07324053460478, 15.074869556094807], [105.07547901133613, 15.072827258156746], [105.0727232881535, 15.068809645068114], [105.07144351384693, 15.06087693891285], [105.06666781804384, 15.053532763978367], [105.07077910194339, 15.051325513481613], [105.07745438373414, 15.054054465579744], [105.0862878356802, 15.04583631877279], [105.09448366217836, 15.045283443794625], [105.10208200127995, 15.041573475464979], [105.13263127810606, 15.032811314820824], [105.14514351864804, 15.028543936077902], [105.15979174221668, 15.027522795596065], [105.17120255998769, 15.026118222799226], [105.18985051047504, 15.027901884824978], [105.19528165960578, 15.024905303687891], [105.20095810771747, 15.013842290829054], [105.21089298219171, 15.007398854114594], [105.21794281442254, 15.003617570598704], [105.22505061775871, 14.995457383937502], [105.23844133045274, 14.987881377925607], [105.24517900919832, 14.982539385490812], [105.25424884249841, 14.980207285106223], [105.25826200890192, 14.97472709072367], [105.27361468481365, 14.970843211593191], [105.27875607172112, 14.959280736529465], [105.28578803441998, 14.95212837175561], [105.31239108955718, 14.950643477137103], [105.3259333672004, 14.953885199259103], [105.33778564333, 14.953858502931084], [105.35897971672185, 14.968778616657309]]]}, "id": "000100000000000012a9", "properties": {"ADM2_NAME": "Phibun Mangsahan"}}, {"type": "Feature", "geometry": {"type": "Polygon", "coordinates": [[[105.14840759003968, 15.793382367677639], [105.16213269048076, 15.779599245008534], [105.17159489947333, 15.756906926129766], [105.17122487226294, 15.750838066305993], [105.16776454201333, 15.743730238134974], [105.16874108822786, 15.738646873388607], [105.17510868188997, 15.734638128499963], [105.19587918074092, 15.736992568633188], [105.19829606582486, 15.734419660304061], [105.19767622018269, 15.72835082492523], [105.20506944015841, 15.726602859091225], [105.21327866136815, 15.725550529412628], [105.21528523285498, 15.72273237669822], [105.2131716246648, 15.711357134514346], [105.22066293119639, 15.710652628517872], [105.22812743255872, 15.714152998434232], [105.2300582044776, 15.712846542568618], [105.22655335121333, 15.705404273180415], [105.22843062637865, 15.702474616169187], [105.23372803600664, 15.705529141703687], [105.23897641694607, 15.695620989085214], [105.24787233495137, 15.691888715247435], [105.25412847488182, 15.689489767053937], [105.2622930413442, 15.685222388278643], [105.26586927714594, 15.682087601421891], [105.27411862685742, 15.68016133667824], [105.28423181078034, 15.671260948521489], [105.2874379597197, 15.666017018119645], [105.29597265504873, 15.666873209736288], [105.30111847368485, 15.670467201464438], [105.3079453003587, 15.672817167055564], [105.31482126298722, 15.67603664024166], [105.31960140826457, 15.674444748386282], [105.3276456798877, 15.676759022899526], [105.33152953478982, 15.679764464010299], [105.33793724932003, 15.679483534183772], [105.34244537803947, 15.671711329240813], [105.3462356718232, 15.667836347821765], [105.34882187534164, 15.660554614860317], [105.35995630081989, 15.653964064483201], [105.37782832687627, 15.648372383769049], [105.38099879698073, 15.642789561337318], [105.38536874439966, 15.632569332005598], [105.4157485859589, 15.612931414833865], [105.41841958551804, 15.613573591009452], [105.41882983840715, 15.621234324693688], [105.42338701803236, 15.622964401546346], [105.42911695745121, 15.624730254771379], [105.43524379143494, 15.637889067761733], [105.43893592519125, 15.652109097307449], [105.44603919525903, 15.657063135015976], [105.45403887917074, 15.656786734079988], [105.46264042969986, 15.653527135681495], [105.47018526230005, 15.658650643274713], [105.48386576441422, 15.660162265411268], [105.50018167954825, 15.667573223123325], [105.5274490800162, 15.665646894741654], [105.53208207982603, 15.668572114997806], [105.54247175786578, 15.681427694704169], [105.54744808686849, 15.693253226015605], [105.54857626867187, 15.706964934259037], [105.55244226684651, 15.713872084981311], [105.54617277515138, 15.749692096301025], [105.53763366558387, 15.748323146908575], [105.53121694939324, 15.749393285899403], [105.52149170198088, 15.75662594659025], [105.5159400888799, 15.757031791533937], [105.51242634301853, 15.762378190662014], [105.50677664900964, 15.76680610262251], [105.49883052390098, 15.766962150891363], [105.49128123423624, 15.760991428480315], [105.48661256231553, 15.752296216931695], [105.48233188613811, 15.749085606350691], [105.4672110089566, 15.745268652606228], [105.44032264101021, 15.75091835653687], [105.42138039979257, 15.771541631133806], [105.41587791630018, 15.784526537106599], [105.41022822811837, 15.786515360595386], [105.39479969165315, 15.79888935411839], [105.38853470680486, 15.807901196141586], [105.3472433636253, 15.81932091742493], [105.31733624238798, 15.835904284314383], [105.30365566911453, 15.84530408204723], [105.29294488285859, 15.856817480075225], [105.28174813435267, 15.859354743243495], [105.25858311635834, 15.855778573767033], [105.24949545870952, 15.848924917579865], [105.22490795163182, 15.81537014752998], [105.21101340800239, 15.807834280756285], [105.19664175079093, 15.803856737209566], [105.16204799774901, 15.796490373527158], [105.14840759003968, 15.793382367677639]]]}, "id": "000100000000000012aa", "properties": {"ADM2_NAME": "Pho Sai"}}, {"type": "Feature", "geometry": {"type": "Polygon", "coordinates": [[[104.9127218480182, 14.94137746800261], [104.8987425413461, 14.951348012606362], [104.8802506264437, 14.972323604984426], [104.86651666305848, 14.978307739114298], [104.86183899458376, 14.984978500731293], [104.86611081007523, 14.992309295496717], [104.87365115159005, 15.00095102624216], [104.8780433766179, 15.014818829084323], [104.89031041305546, 15.034795569614174], [104.89123343482419, 15.041783061584137], [104.87595205899302, 15.044908894738445], [104.86600382398191, 15.054219425774448], [104.8568047165592, 15.055316422801619], [104.8527156642723, 15.05561513922847], [104.85095433855086, 15.053162623063812], [104.84533593559239, 15.053992007474795], [104.84159917363472, 15.052101366606344], [104.83589150663711, 15.054745649955708], [104.82533237073402, 15.0624197294599], [104.820824241135, 15.061434295483501], [104.81363613505403, 15.064899005383117], [104.80548042051893, 15.064903485322501], [104.80222972273332, 15.070169680567181], [104.80469565567101, 15.077045623573627], [104.80291198432889, 15.079056642770006], [104.80006265811879, 15.07899419699125], [104.78808553162246, 15.080323060925368], [104.77774035832904, 15.083868057867225], [104.74567499651292, 15.065697179874087], [104.7307504021686, 15.062705084093869], [104.72031604913101, 15.058268284112959], [104.71519253705985, 15.061033005025244], [104.71139339857869, 15.06429700460864], [104.70342058500437, 15.065184426203913], [104.69412776653826, 15.069068290765005], [104.68914251053619, 15.069429459927752], [104.68914251053619, 15.062928114925628], [104.69232187610483, 15.057626217147185], [104.6884022904279, 15.049827224266144], [104.68413490523275, 15.046964485066644], [104.68561539684463, 15.044788459455853], [104.69014575961592, 15.042572274070666], [104.68491523348682, 15.035437748241879], [104.67791893608316, 15.04017773543542], [104.6757830611896, 15.037493381071515], [104.67649199112118, 15.033056573222899], [104.67307193269835, 15.031794650437895], [104.67651432317908, 15.026055800838815], [104.6754664104385, 15.01722232553663], [104.68151296018578, 15.012170163340526], [104.68357310693733, 15.008406685053552], [104.68892842559433, 15.002699009519393], [104.68761304656898, 14.992750729723403], [104.68603448204463, 14.982945151466106], [104.68579815700134, 14.97496335453818], [104.68577591256947, 14.96700392512882], [104.69564830803522, 14.946402865134338], [104.71443902046846, 14.926301212563866], [104.72760228416271, 14.921427383400925], [104.75142725551036, 14.918466593481408], [104.77988521099466, 14.90690856700538], [104.80165903661506, 14.891283940856772], [104.81221818012145, 14.874214494319286], [104.817497707393, 14.85539703446138], [104.82550630069488, 14.833913145466944], [104.83934730840922, 14.839892779203014], [104.84387333818347, 14.848610317755522], [104.84501484170114, 14.85909813082694], [104.85211370801481, 14.874018280473969], [104.85873553148888, 14.88015844226979], [104.86392139554209, 14.88935758462969], [104.8696067385959, 14.895457609869098], [104.87371805453445, 14.901602274418265], [104.88663610915039, 14.908669963641005], [104.89843933690828, 14.923625792487744], [104.90354051906652, 14.932481532529895], [104.90878443285794, 14.938100023064854], [104.9127218480182, 14.94137746800261]]]}, "id": "000100000000000012ab", "properties": {"ADM2_NAME": "Samrong"}}, {"type": "Feature", "geometry": {"type": "Polygon", "coordinates": [[[105.34343535801989, 15.358606650048392], [105.35573799785818, 15.360305546808403], [105.37013195963975, 15.358914325398725], [105.38317035259028, 15.362017861335367], [105.39116104860065, 15.362044546372536], [105.39736812882546, 15.366329736481996], [105.40377589423188, 15.368131245808005], [105.40172026061958, 15.371961588398056], [105.39145095043632, 15.380853076845693], [105.39186113913377, 15.403598915452905], [105.3935645497677, 15.40945370593314], [105.39353773975347, 15.413511556835138], [105.40014617717353, 15.420628249643414], [105.40160425715843, 15.430210845741469], [105.39726115452893, 15.442830105160496], [105.38798619079338, 15.456925361865089], [105.38755813862176, 15.468081972954426], [105.3905814251261, 15.47062817285532], [105.40885033359126, 15.468474373236276], [105.41922668526617, 15.477905369897504], [105.42239264416672, 15.486181482280593], [105.42447498132101, 15.509565032062614], [105.42526870187409, 15.516530129274582], [105.48150687889436, 15.528369040431476], [105.49120996883413, 15.538602650497278], [105.50071668998932, 15.553215147314177], [105.50197423475382, 15.563395304932198], [105.50074798765888, 15.589538997975605], [105.50335653393655, 15.59457331411551], [105.51485656238617, 15.598247630020316], [105.52010934939244, 15.60576123867381], [105.53543978850071, 15.608062100421366], [105.5535793359671, 15.618576646183044], [105.56722867154662, 15.619740515219782], [105.58730357008488, 15.626255230450033], [105.60057828288704, 15.625711235434524], [105.60937614776502, 15.624444794655398], [105.61335809189212, 15.629055515839472], [105.6156901948123, 15.633220387658978], [105.62243684827662, 15.63671627660445], [105.62682901642349, 15.640916777826401], [105.63586317414409, 15.642330253007154], [105.63586317414409, 15.656510250813737], [105.62822472886974, 15.675608561493869], [105.62517022941749, 15.680036439335886], [105.612029246188, 15.689659192502523], [105.59935206706803, 15.722504909542149], [105.58147997955972, 15.731213515883521], [105.56543607845411, 15.736100768877368], [105.55762380840434, 15.74162105988798], [105.55459163060725, 15.74847472071827], [105.5500075931798, 15.750307457719542], [105.54617277515138, 15.749692096301025], [105.55244226684651, 15.713872084981311], [105.54757742535057, 15.702755565228903], [105.54648046629222, 15.690591103868458], [105.53912294883732, 15.675876108288849], [105.52866191929115, 15.665896679214638], [105.51112427796471, 15.666841971327372], [105.49809476993498, 15.667113977905748], [105.47861299138495, 15.658802178501336], [105.46737605021077, 15.657651779924699], [105.46119569279853, 15.653357620927865], [105.45011041851326, 15.65748679519796], [105.44098708500279, 15.654557129777029], [105.43629607371982, 15.64472035273879], [105.43161850802083, 15.62837333668638], [105.42694088993368, 15.623463869635412], [105.41968592044942, 15.622282174859844], [105.4180672514616, 15.616177702986198], [105.41747868894456, 15.61286455486502], [105.40786936019185, 15.61750651900963], [105.38408005319808, 15.634040821882326], [105.37884505129732, 15.647618819161144], [105.36535629501005, 15.65253270518985], [105.35102027294958, 15.658494570272257], [105.34654774384119, 15.66454112133632], [105.34488902462483, 15.670333489404307], [105.34001070034708, 15.674614185439584], [105.33694283441035, 15.679987399399787], [105.3292866326092, 15.679028689843692], [105.32534923024983, 15.676085671890727], [105.31834394179891, 15.674600770199573], [105.31303315360881, 15.675871686752226], [105.3033391205143, 15.670672298264508], [105.29870609214562, 15.669339070887121], [105.29355579182132, 15.666320226601597], [105.28648367325644, 15.666659162097444], [105.28166784639315, 15.674324364771792], [105.27066723897374, 15.681414326241349], [105.26350588826892, 15.683362954980947], [105.25902450616799, 15.687434131658744], [105.2549444404284, 15.688588979650897], [105.25128352029013, 15.682671758810855], [105.26149936447803, 15.667662408619682], [105.26581578664302, 15.663417391988972], [105.26503539875122, 15.658855709659925], [105.256384756976, 15.658325077914625], [105.24197295072874, 15.65929714143729], [105.23519959818636, 15.65431189427157], [105.23404016824628, 15.635507840675752], [105.22875167673502, 15.626656580615954], [105.22510418454617, 15.620601126602054], [105.2117981864853, 15.613034033699773], [105.20457445382078, 15.599522939836316], [105.20610842527877, 15.591001575666398], [105.20815954499227, 15.582841429614152], [105.2006771907527, 15.569383842126758], [105.20144862004535, 15.55492741209754], [105.20530126744812, 15.53258291403303], [105.20523886954368, 15.509395559396353], [105.197145550596, 15.492308307762046], [105.19100990123486, 15.482939699116955], [105.19360505924833, 15.476264449826195], [105.19976758362192, 15.46652581603491], [105.20622875836686, 15.4509724710891], [105.2189015324655, 15.440110078365896], [105.2294695782727, 15.437238406805584], [105.24334636878064, 15.417212589878824], [105.23945802303624, 15.407032466423034], [105.23568110413841, 15.40021890996988], [105.241112315673, 15.389441298645707], [105.25450743671998, 15.373633824105603], [105.26129871341494, 15.359815057462885], [105.28082951377316, 15.356889872044588], [105.2894579210563, 15.360840598905291], [105.30317852413117, 15.37042768566625], [105.31943641941535, 15.367007526717353], [105.32633911085404, 15.360140571123864], [105.34343535801989, 15.358606650048392]]]}, "id": "000100000000000012ac", "properties": {"ADM2_NAME": "Si Muang Mai"}}, {"type": "Feature", "geometry": {"type": "Polygon", "coordinates": [[[105.55607649494293, 14.940806636941796], [105.56105732186909, 14.947120726005327], [105.56967673230503, 14.946001552916027], [105.57959822782972, 14.940307270530626], [105.58477966869069, 14.939486785086434], [105.59132116607697, 14.941939302797875], [105.59677467034606, 14.950665713945554], [105.60713315564993, 14.955575246972966], [105.61067813046662, 14.9640252615844], [105.62403762417193, 14.970571155341531], [105.62785461389838, 14.973839687498671], [105.62758257630273, 14.978477163594635], [105.62430965638089, 14.983110200957675], [105.6041366380563, 14.99292466008525], [105.59305130294564, 14.993633614679798], [105.57169220783166, 14.991836671533923], [105.5690212827734, 15.000496202777352], [105.56854412204841, 15.014805443510644], [105.56425000170401, 15.02196230318572], [105.55136763949088, 15.02577932615823], [105.5442108095149, 15.033890457708802], [105.5470735782572, 15.040570121479481], [105.5532761943419, 15.045341393268648], [105.5551980083379, 15.06159034303169], [105.55160396034488, 15.069500769765797], [105.52571001490995, 15.069500752923737], [105.51851747076883, 15.076693287546684], [105.51492345537656, 15.085326169177186], [105.48600615289263, 15.098774755446042], [105.48362050392848, 15.107840129127515], [105.48791462398363, 15.117382635412898], [105.48075778606555, 15.121199617677016], [105.47818042343228, 15.127286262525415], [105.48236756173164, 15.136699461323891], [105.49220876011674, 15.141715928190967], [105.48982311591239, 15.149827084386136], [105.47866198840131, 15.152457948439775], [105.47073815161501, 15.164617912916603], [105.48028068588683, 15.168912015563025], [105.47741793338092, 15.177972904950375], [105.47932640003035, 15.182266990319524], [105.48602841707634, 15.186396111684703], [105.48791462398363, 15.196580693072132], [105.49888846868105, 15.207077478924813], [105.51081655919397, 15.212325796062173], [105.51320222099069, 15.217574153211265], [105.53455684319047, 15.24532757634796], [105.5446879045999, 15.246678682115618], [105.55375331391241, 15.244770222623421], [105.5566071133424, 15.248475699534689], [105.54787617435038, 15.254557956803323], [105.54788959123348, 15.263034725279553], [105.54783601315303, 15.270936205872903], [105.54208384336978, 15.278240197863605], [105.53044108135472, 15.280621420776246], [105.5197838179842, 15.277326121296719], [105.50942981931068, 15.281838696161396], [105.5013186792886, 15.291943077869737], [105.49755073605424, 15.298101084657038], [105.49360001344982, 15.298872508141232], [105.48634950447493, 15.290681161025923], [105.47471571621466, 15.292433591678446], [105.47144276617045, 15.283867652526572], [105.47167906883467, 15.272256079981469], [105.46393802107308, 15.26243269676073], [105.45388726025365, 15.255842140527855], [105.44464796407641, 15.25692572325767], [105.43787459851964, 15.265201807102416], [105.4298170232734, 15.278026168433897], [105.40944789355544, 15.291283126827834], [105.39733247071923, 15.292968687990308], [105.3834067134341, 15.289450431910462], [105.37272719206763, 15.280960254420153], [105.3456559323348, 15.27649227462476], [105.33635874901256, 15.274289499066228], [105.32754303711917, 15.262949940127893], [105.31573542309542, 15.260720420224184], [105.30653178676403, 15.258120754263917], [105.29060388942733, 15.238358013609092], [105.28944452423094, 15.236547621064913], [105.28929287224192, 15.230090869428524], [105.29700273514945, 15.22770523606914], [105.30147521146289, 15.21988396377039], [105.30638914089675, 15.216642208717452], [105.30456530303378, 15.212579981517788], [105.29837606594705, 15.208722885688015], [105.29959792529431, 15.200388811875882], [105.29416670299051, 15.197240645983838], [105.29686893959953, 15.19056538892423], [105.29332839767183, 15.188072768893246], [105.28865974005444, 15.18461698449172], [105.28601104221877, 15.179181334087144], [105.28132008118956, 15.177442235991585], [105.28395093291931, 15.171783641985929], [105.30075280484449, 15.167155093658375], [105.31469638591862, 15.164738235772491], [105.32575943907462, 15.162187636417027], [105.35431551007157, 15.14668341300179], [105.35314275503755, 15.1270811402595], [105.34509406310295, 15.115010402870636], [105.34510746431924, 15.106346387767314], [105.34878622733275, 15.101597429171289], [105.36535629501005, 15.099430302219286], [105.38876204924263, 15.094953366692108], [105.39189232781332, 15.090092898245944], [105.3958431481438, 15.075877280414016], [105.39999451611499, 15.065202257148226], [105.39240073089742, 15.043531016163781], [105.36309105729272, 15.008535937569514], [105.35919379634514, 14.996826351352853], [105.35974222024211, 14.982945169155379], [105.36112007826422, 14.973251109252988], [105.35897971672185, 14.968778616657309], [105.36847765798271, 14.965617090698363], [105.37714169726942, 14.96712424967469], [105.37991521878857, 14.964002923726758], [105.38251488858765, 14.955637618078818], [105.39202164024994, 14.952502947217532], [105.38838752418417, 14.94700928110842], [105.38049489563284, 14.945738463320373], [105.3765486280735, 14.945586804470949], [105.37650850639541, 14.943063019428946], [105.37834115627366, 14.939678539696121], [105.37482295760691, 14.934452464192827], [105.38050829962188, 14.922693815226799], [105.38353155140996, 14.921414084248552], [105.3864210799523, 14.925462909372621], [105.39385436628811, 14.92051773882755], [105.3978363320635, 14.917962679477732], [105.40067229998357, 14.921329362906576], [105.40909557781303, 14.914212638755068], [105.40617930340461, 14.90636904249523], [105.40758398878492, 14.901736038888775], [105.40986697326382, 14.901976846213115], [105.4131533299224, 14.907706770152673], [105.41676973520906, 14.906377943072593], [105.41577084113857, 14.900790676861515], [105.41977065295995, 14.901089440965789], [105.42090775297089, 14.90822404472924], [105.42220092060501, 14.91058735442371], [105.42821622575302, 14.908745785571305], [105.4303342979365, 14.913396605960202], [105.4349449665997, 14.912442320552959], [105.43784340153142, 14.9148056346193], [105.44408612903355, 14.913976244715965], [105.44804583100164, 14.917985031639242], [105.4652044202163, 14.917177890828896], [105.47301678219993, 14.920089697761243], [105.47836326775436, 14.925833003452116], [105.48349121253871, 14.930113768419103], [105.4960926549011, 14.940115514283], [105.50952792004361, 14.943950314970898], [105.51323790287479, 14.947878773699587], [105.52140691999924, 14.945912339314797], [105.52665086980437, 14.949662426500925], [105.53157818756333, 14.955423642193411], [105.53796361260564, 14.954727976127947], [105.55607649494293, 14.940806636941796]]]}, "id": "000100000000000012ad", "properties": {"ADM2_NAME": "Sirinthon"}}, {"type": "Feature", "geometry": {"type": "Polygon", "coordinates": [[[104.89844379186202, 15.23332817911532], [104.91420673543301, 15.227781042889523], [104.92365111838977, 15.226371990560988], [104.95152941255226, 15.237515299092227], [104.97645576622568, 15.255989297104923], [104.98598486087093, 15.262856358137181], [105.00779878196612, 15.268479270585278], [105.01764002552164, 15.269495927631013], [105.0285470172384, 15.26491642950132], [105.0326760633817, 15.26578592622737], [105.04345823485869, 15.271654150443794], [105.07156392708735, 15.276924827778306], [105.10698702181736, 15.294685413612127], [105.12046688141105, 15.294841491066002], [105.12335188937183, 15.29448024336924], [105.1110225039052, 15.302836660920148], [105.10433835852069, 15.309717064019264], [105.09851027232857, 15.308691467779438], [105.08646178175707, 15.320084440853035], [105.079947047739, 15.326559062415019], [105.0708236992478, 15.336101533830918], [105.06996761152264, 15.343200447638747], [105.0735081226521, 15.35062039060475], [105.07893481373087, 15.35232818059351], [105.07613452262753, 15.357300103340165], [105.07054282562815, 15.362704564938008], [105.06509375910245, 15.373736315206056], [105.05018697669922, 15.376924578529813], [105.04884923246867, 15.380482957868708], [105.05219361368876, 15.388344366706509], [105.05429829035697, 15.394359699427849], [105.06476384013112, 15.3998978821959], [105.06452748334426, 15.407166226392075], [105.0576649021238, 15.41646347399222], [105.04338689117695, 15.418175722162056], [105.03357680937265, 15.417381987874691], [105.03249325741108, 15.42178311523794], [105.03924437406673, 15.43764865571405], [105.03079433100493, 15.456733572090137], [105.02557273176942, 15.459493809781732], [105.02116272183127, 15.464911596086107], [105.01653865810049, 15.462820221675276], [105.01094687326768, 15.457669978581398], [105.0073707254645, 15.461219467676715], [104.99785498653775, 15.478712489943664], [104.98761689999266, 15.489307320318149], [104.981886961809, 15.492508915286319], [104.98380431769783, 15.498671471778376], [104.98217677455061, 15.50006267712257], [104.97653153747787, 15.499688128021203], [104.96508950290789, 15.50047291188353], [104.96640943889693, 15.495973704671185], [104.97191642030617, 15.48709557115858], [104.96675279517717, 15.486614042192375], [104.96302939762566, 15.487817966280327], [104.9683669895756, 15.462615140424681], [104.97033784588665, 15.446397415246517], [104.97559964270216, 15.436382238752612], [104.98912851443862, 15.429127280717537], [105.00090944812861, 15.42830679630651], [105.00992579648549, 15.428957815953291], [105.01592324378878, 15.421957081560292], [105.01719856816811, 15.410822651609303], [105.00367857351178, 15.38497770482325], [104.99278948663532, 15.382627815511986], [104.97596075797179, 15.384986630348116], [104.94993749152941, 15.37710294377589], [104.94681608530516, 15.373223551799404], [104.94460889162754, 15.363663227794975], [104.93742522876005, 15.354740593693057], [104.93705956611224, 15.350071911396467], [104.94293228258418, 15.340712244384529], [104.94832776095201, 15.337662232713283], [104.95921240770672, 15.34113140769667], [104.97181827707664, 15.339601908501864], [104.98109321097698, 15.334812885163963], [104.99604016806093, 15.336373510920653], [105.0072636446467, 15.344502444614411], [105.01449635114719, 15.345309566050123], [105.01570924921344, 15.339370054808988], [105.0123827399779, 15.325007322774155], [105.01516525844559, 15.311736961867132], [105.01211516350128, 15.306537702796508], [104.99618727137161, 15.30083003348782], [104.98088808799966, 15.290163837920174], [104.97077935310908, 15.285405977719483], [104.96063043162019, 15.273981787581846], [104.94435025134311, 15.270031040798152], [104.91562026061821, 15.261848542767282], [104.90300100775177, 15.261451738621961], [104.89888082343315, 15.256805295329409], [104.89844379186202, 15.23332817911532]]]}, "id": "000100000000000012ae", "properties": {"ADM2_NAME": "Tan Sum"}}, {"type": "Feature", "geometry": {"type": "Polygon", "coordinates": [[[104.92786489203567, 15.763042661676199], [104.91153129269844, 15.752385376039003], [104.90873542518209, 15.745540653071338], [104.91177205842449, 15.728725395583973], [104.90348260281773, 15.70828483532083], [104.90284044668722, 15.692731478817674], [104.89884063964413, 15.683692932506437], [104.90071797298245, 15.66634254237987], [104.90158741661064, 15.650419135217694], [104.92069027054569, 15.644047069940191], [104.9356995900356, 15.639440770010545], [104.93621238699346, 15.637019477745405], [104.93318910107797, 15.632930512997815], [104.93259601831217, 15.627289770970217], [104.9310754907231, 15.62254969264329], [104.93255591512435, 15.616079598952293], [104.92849814847833, 15.611812187365546], [104.92909121600383, 15.602978719076443], [104.92872557245869, 15.598689064414945], [104.91975380003456, 15.596829627377772], [104.91573173565338, 15.593356029504362], [104.9104253967807, 15.59258458173294], [104.90091862710477, 15.586270476314853], [104.8946312882049, 15.576603109567088], [104.88838402336171, 15.571582228937793], [104.89055560132522, 15.568933477342288], [104.897614370729, 15.56229385483227], [104.89715506805702, 15.559836898181674], [104.8932890485668, 15.557616273294082], [104.89161690027485, 15.5493669649134], [104.89229019443651, 15.545665869359725], [104.88982431417728, 15.54440394260933], [104.8935610594386, 15.539048603079657], [104.89072505942814, 15.536225949517766], [104.89379743218672, 15.533653066880264], [104.90260860463748, 15.535860378292067], [104.90499867896808, 15.532498202353752], [104.90614908881237, 15.519994827644444], [104.91531256854041, 15.51043899839216], [104.91798353026545, 15.505841672872329], [104.92360647268005, 15.499705913435442], [104.92686608794448, 15.501632258843793], [104.92976449067706, 15.503812811232397], [104.93717105614593, 15.500566515178052], [104.93686786760328, 15.493338391760942], [104.93630159636484, 15.487938341452425], [104.94587527251473, 15.486083404437418], [104.94400685398308, 15.491193568550182], [104.94191555949455, 15.49668716672393], [104.94309279494661, 15.503843976443036], [104.94840797525862, 15.506537299745554], [104.94731109266615, 15.510158038869463], [104.94498339494524, 15.513587135570889], [104.94682945422707, 15.515027453118948], [104.95586362502488, 15.505743541658902], [104.96058577557481, 15.49707956399207], [104.95752691066463, 15.492843366045081], [104.95555148792725, 15.490002957654378], [104.95881558787498, 15.487470203864127], [104.97107805977463, 15.486208249491522], [104.97189413528058, 15.488370881366254], [104.96485320271024, 15.499331346170237], [104.96625336000012, 15.501003535163044], [104.98038424075455, 15.499487470090555], [104.9830997928356, 15.499527586182856], [104.98346547143109, 15.496187714683645], [104.981886961809, 15.492508915286319], [104.99068471833338, 15.48681468623617], [105.0035537527734, 15.46984333699101], [105.00975184316454, 15.457723485093041], [105.01434923114508, 15.459872806427523], [105.02011037213765, 15.465103323341014], [105.02487266130734, 15.460621930351218], [105.02888586899654, 15.457246403615535], [105.03255567893883, 15.45492768886568], [105.03924437406673, 15.43764865571405], [105.03224357154042, 15.420311614643312], [105.03357680937265, 15.417381987874691], [105.05512325897986, 15.417462257213973], [105.06120987297152, 15.412945249699725], [105.06549066169694, 15.40249310791743], [105.0624941156135, 15.397744149745234], [105.05429829035697, 15.394359699427849], [105.04962958193165, 15.381463993381754], [105.04886706898598, 15.37832033423386], [105.05467287018607, 15.375814256463611], [105.06509375910245, 15.373736315206056], [105.07277680555816, 15.359467191360967], [105.07853796761945, 15.354780664014735], [105.07795826540199, 15.351284773928464], [105.07212130775618, 15.349233558705304], [105.06974016659181, 15.338772537157855], [105.07708876053424, 15.328427384288347], [105.08600693545762, 15.320909374113725], [105.0928026439652, 15.314051230719503], [105.09851027232857, 15.308691467779438], [105.10536841394554, 15.30933800863193], [105.11761306189796, 15.29765514347496], [105.12620571926313, 15.294168127461552], [105.14395294910047, 15.293267439918397], [105.16864746734424, 15.297374258039877], [105.17598718375257, 15.298283894136826], [105.18795090872239, 15.300620445964174], [105.2021709567526, 15.297441124950828], [105.20906919792466, 15.30238627866858], [105.21498197360714, 15.316419076870293], [105.25269264230629, 15.318265122436646], [105.25805689692382, 15.322759941831992], [105.25553753146366, 15.33303808527096], [105.25948384569078, 15.337555198278814], [105.25711608175733, 15.345907127699812], [105.26152159952379, 15.353862144872965], [105.25984058477427, 15.363658780206457], [105.24700729443892, 15.383791586745124], [105.23759410622499, 15.394872464144795], [105.236091362944, 15.402591161557265], [105.24292716346949, 15.414073413915062], [105.24224045475405, 15.420351748674891], [105.22748533485756, 15.438544954384037], [105.2166452194288, 15.44124715430685], [105.20392789407946, 15.454562030443272], [105.19656587745844, 15.472572287644839], [105.19104551587613, 15.481031257420403], [105.19328398725334, 15.48756825977624], [105.20358457482222, 15.504008979454738], [105.2059567592922, 15.520534421715118], [105.2027417227968, 15.550722508125984], [105.20022684980061, 15.564924792348775], [105.20341505785228, 15.575804927842304], [105.20831121298247, 15.584295059313266], [105.20432923750876, 15.597043685350556], [105.20944823632233, 15.609769927437483], [105.21642230371154, 15.616512101230438], [105.22254014023453, 15.619241103872485], [105.22790450152866, 15.623945391570048], [105.23239924843134, 15.633438873255702], [105.23452622429943, 15.638870069767549], [105.23519959818636, 15.65431189427157], [105.24197295072874, 15.65929714143729], [105.26361295712222, 15.65809763882274], [105.26603867873385, 15.661856720274367], [105.26298420764128, 15.666699276019704], [105.25730333355905, 15.672977668566707], [105.25128352029013, 15.682671758810855], [105.2549444404284, 15.688588979650897], [105.24938839884744, 15.691844150780828], [105.24104990440127, 15.69414507724414], [105.23621180690597, 15.699848215172205], [105.23372803600664, 15.705529141703687], [105.22843062637865, 15.702474616169187], [105.22655335121333, 15.705404273180415], [105.2300582044776, 15.712846542568618], [105.22812743255872, 15.714152998434232], [105.21832187297062, 15.710362836958177], [105.2131716246648, 15.711357134514346], [105.214937426593, 15.723771280016315], [105.20954188018538, 15.726794591984193], [105.19886681859079, 15.727343067449327], [105.1973195243414, 15.730352930607648], [105.19798837430245, 15.735538865186632], [105.19306101351631, 15.737121894664874], [105.1736461289664, 15.734870008180996], [105.16780024091452, 15.73973040118745], [105.14745338369872, 15.733523338197973], [105.12295502490629, 15.734727343715102], [105.10363821714502, 15.73305964642544], [105.0925083515846, 15.725604040150364], [105.08696569120588, 15.71817958704796], [105.07315133868654, 15.715027024450585], [105.06375161115517, 15.713198792147029], [105.05035196591709, 15.71637366672688], [105.0374607485649, 15.711535500082817], [105.01926311166712, 15.715013600450032], [105.00748663317415, 15.718982229777666], [104.97769093123628, 15.728671886009444], [104.9629045193014, 15.733518936615956], [104.95348250318739, 15.739124011851215], [104.94851056050271, 15.742709122453318], [104.9453579882658, 15.751114522066468], [104.93892799250574, 15.755020732850442], [104.92917587646164, 15.761852047288004], [104.92786489203567, 15.763042661676199]]]}, "id": "000100000000000012af", "properties": {"ADM2_NAME": "Trakan Phutphon"}}, {"type": "Feature", "geometry": {"type": "Polygon", "coordinates": [[[104.97229098747937, 15.032387715969017], [104.9762863061781, 15.044966789645297], [104.9749084359317, 15.04895768434684], [104.97333437827567, 15.05213255931683], [104.98074991317336, 15.066223382813622], [104.98499942285854, 15.069955600385656], [104.98683212486749, 15.069866474879074], [104.98677854669852, 15.079315273471263], [104.99214732835108, 15.082784424532568], [104.99932203026309, 15.08933936026876], [105.00298296659892, 15.095666786522054], [105.00154263652004, 15.107608239152459], [104.99526426718465, 15.114560016717975], [104.99535342026091, 15.12201559526484], [104.99302573876558, 15.13103196470801], [105.00662160702822, 15.143125045990184], [105.00514112312972, 15.146661052174073], [104.99170585158804, 15.154986234454723], [104.99180400695919, 15.15906627773353], [105.01108516315358, 15.16366809265035], [105.0148218880643, 15.166419365874699], [105.0335901855017, 15.16917951414181], [105.04083182706415, 15.17726385660777], [105.05214902148656, 15.175819116660886], [105.0579146270816, 15.176314087758694], [105.06095122403636, 15.175596162539998], [105.0663155978453, 15.182802108261233], [105.07137215789454, 15.184518861207607], [105.0799425877587, 15.174062221976477], [105.09099666587299, 15.166004670964105], [105.1056760222593, 15.16564348461805], [105.11501338663038, 15.165005846981485], [105.11927185072739, 15.162588970764586], [105.12555027532217, 15.167739268757664], [105.13442388368637, 15.16975476320046], [105.1471724681159, 15.17690714733071], [105.1492102770025, 15.183386233409275], [105.15422673499322, 15.181517881316681], [105.15673725211862, 15.184037239367292], [105.1411570808296, 15.19881026381317], [105.13893198475668, 15.206261415121196], [105.14496522714369, 15.218911882076453], [105.15797235628969, 15.225194814296911], [105.16868762882264, 15.235776218623574], [105.17563044521073, 15.24252280387355], [105.18048195873618, 15.262401520792304], [105.18236371332678, 15.26613378408277], [105.17787335001857, 15.272050980274216], [105.17693245088365, 15.289847266488259], [105.17152358929305, 15.291033436032967], [105.16693963179708, 15.292669868998162], [105.16530758362619, 15.2972805913008], [105.13738471476283, 15.292817045315983], [105.10856558802975, 15.295109022655248], [105.08828109040415, 15.28554423700317], [105.06813040071609, 15.275792159451377], [105.0393915166891, 15.270178204459018], [105.03004519322815, 15.265059138801], [105.02220170318066, 15.26744924547895], [105.01302488966478, 15.2697589791237], [104.98159706044434, 15.260693695167], [104.95676438729122, 15.240930896001846], [104.93721570565368, 15.23111197728408], [104.9207214595908, 15.22621589866339], [104.89844379186202, 15.23332817911532], [104.88776420163408, 15.231424173522122], [104.86826907624136, 15.220098005075421], [104.86044331941012, 15.220352168571551], [104.85309030704643, 15.221194918893985], [104.84622769826358, 15.21339156800247], [104.83974418584646, 15.207781960331703], [104.81906736941137, 15.205418689481197], [104.79991992159005, 15.205918078034607], [104.79642403039648, 15.209717204657956], [104.7968922104662, 15.212464058408894], [104.80658629293097, 15.214550862459188], [104.81410436666552, 15.215933239756042], [104.81628489466286, 15.222666491721341], [104.81246342494069, 15.230683889067548], [104.80359870117405, 15.237827412722215], [104.78589604840019, 15.241359004591997], [104.77910484837037, 15.23783629291582], [104.76413564218005, 15.215242077245376], [104.75025893023812, 15.201454518502581], [104.72731240527123, 15.181919201758015], [104.70894541115315, 15.179417605524558], [104.70183758675228, 15.17263535277413], [104.69874736552171, 15.163253389960028], [104.7018732705517, 15.156769891226174], [104.70795992654297, 15.156734224626573], [104.72483764312139, 15.168952164108042], [104.73474129083866, 15.167364671422806], [104.73889712595431, 15.16145636278182], [104.73735880152542, 15.156680709295102], [104.72677732782506, 15.147084690452925], [104.7135382227813, 15.135994947648703], [104.70660433931377, 15.127585051302804], [104.6900654994484, 15.125538284273016], [104.68132121864369, 15.113159889720382], [104.68146393483133, 15.107322918237905], [104.67256355696195, 15.100714478096325], [104.67239415807137, 15.094583255022254], [104.6778564769348, 15.090998152676235], [104.68041153953101, 15.093245523116732], [104.68353297856636, 15.098489380030205], [104.68922277022139, 15.099354434852897], [104.6924645135376, 15.09642034952479], [104.68609694452273, 15.08949543554705], [104.6809823127177, 15.086070834543072], [104.68106710586025, 15.081928302962323], [104.68414389188675, 15.08298955332667], [104.68710471160693, 15.084371871210747], [104.6941991305675, 15.081531414225774], [104.69283467742436, 15.075770290210242], [104.68914251053619, 15.069429459927752], [104.69943860436594, 15.067565561244512], [104.70710820025167, 15.064363948861377], [104.71279806327838, 15.063739607678723], [104.71843883222493, 15.058495694396305], [104.72649190054425, 15.060016333045452], [104.73549481749663, 15.06435051713878], [104.74676299755997, 15.06613866755603], [104.77406165447717, 15.081888212813402], [104.77928771907834, 15.083890288250265], [104.7941588351298, 15.078878274050517], [104.80416057884513, 15.078673177544756], [104.80404464132197, 15.076113604072658], [104.80246159517327, 15.068796253318022], [104.80548042051893, 15.064903485322501], [104.81723909670971, 15.06412313776841], [104.82199692478613, 15.061411948988543], [104.82662104225317, 15.062112063433526], [104.83912437702077, 15.05244025550911], [104.84386443135338, 15.052520510217406], [104.84770813165117, 15.054246226892184], [104.85095433855086, 15.053162623063812], [104.85424069574069, 15.056404440573427], [104.86244098798112, 15.054362183024823], [104.86850541120751, 15.05279256330633], [104.87595205899302, 15.044908894738445], [104.89179081427949, 15.040953589042132], [104.8861544761562, 15.02648384825643], [104.8759075157875, 15.009985170951683], [104.87184968242428, 14.997642349045664], [104.8621065865117, 14.986583822182233], [104.86341310794562, 14.981286373468945], [104.87280395430501, 14.974883129469074], [104.8833854266888, 14.970013800090879], [104.90155623131925, 14.94865025971713], [104.91416209237232, 14.94142649793057], [104.92013733434614, 14.943901310619852], [104.92437792735214, 14.950848569873832], [104.92664312236117, 14.968702843741017], [104.93186026009747, 14.97613611730164], [104.93431725663534, 14.98525944138579], [104.94048415482975, 14.989357341380812], [104.94368582758302, 15.004999877139086], [104.94122886510115, 15.0103419198931], [104.93914197395227, 15.012673971146748], [104.94309279494661, 15.01834598508713], [104.94554078442094, 15.017400651901808], [104.94708364220841, 15.024102724081068], [104.95067770030272, 15.023201947057892], [104.95418698712663, 15.027509428431314], [104.95799957893392, 15.027023365271292], [104.96746179434977, 15.02971223647073], [104.97229098747937, 15.032387715969017]]]}, "id": "000100000000000012b0", "properties": {"ADM2_NAME": "Warin Chamrap"}}]}